Date,Transaction Description,Category,Amount (Rupiah),Type
2020-01-01,Water water mall mall phone investment.,Health & Fitness,6203900,Expense
2020-01-01,Loan insurance.,Rent,13845100,Expense
2020-01-01,Health entertainment grocery fuel service package.,Utilities,15465800,Expense
2020-01-01,Fee charge.,Entertainment,5675500,Expense
2020-01-02,Score each.,Food & Drink,14856900,Expense
2020-01-02,Quality throughout.,Utilities,14755800,Expense
2020-01-02,Account delivery gross utility.,Investment,16699100,Income
2020-01-02,Mortgage annual credit.,Investment,34920600,Income
2020-01-02,Plan processed hospital.,Entertainment,8453600,Expense
2020-01-02,Management automatic.,Salary,17257600,Income
2020-01-02,System annual.,Travel,15431900,Expense
2020-01-03,Utility fuel charge insurance shop internet taxi.,Investment,12924900,Income
2020-01-03,Purchase train debit.,Health & Fitness,7653900,Expense
2020-01-03,Weekly tax.,Entertainment,5502800,Expense
2020-01-04,Platform fuel project order.,Food & Drink,12720300,Expense
2020-01-04,Mortgage discount personal fee balance booking insurance.,Salary,9572200,Income
2020-01-04,Instead ahead despite measure ago.,Rent,11850800,Expense
2020-01-04,Taxi online support.,Utilities,5026400,Expense
2020-01-04,Package loan software tools system pharmacy.,Salary,9107900,Income
2020-01-04,Budget travel hardware premium.,Entertainment,16172700,Expense
2020-01-05,Transfer bill business loan household.,Utilities,14521000,Expense
2020-01-05,Order contract.,Health & Fitness,619400,Expense
2020-01-05,Special online plan material household.,Entertainment,3506700,Expense
2020-01-05,Mall gym package package savings insurance household.,Utilities,11635800,Expense
2020-01-05,Special market invoice tax.,Shopping,14840500,Expense
2020-01-05,Information last everything thank serve.,Investment,22910000,Income
2020-01-05,Equipment weekly flight.,Travel,10664900,Expense
2020-01-05,Tools mall order system restaurant health delivery.,Food & Drink,14730700,Expense
2020-01-06,Taxi vendor processed standard hardware.,Rent,11475400,Expense
2020-01-06,Restaurant software system store.,Health & Fitness,17262500,Expense
2020-01-06,Phone loan taxi adjustment system.,Food & Drink,17429000,Expense
2020-01-06,Daily system network budget platform online parking.,Food & Drink,12643600,Expense
2020-01-06,Flight water travel mall annual.,Food & Drink,3947400,Expense
2020-01-06,Household net deal.,Salary,8552200,Income
2020-01-06,Store hotel deal train bonus.,Utilities,10591300,Expense
2020-01-06,Special savings travel.,Rent,12945400,Expense
2020-01-06,Processed client.,Investment,31860100,Income
2020-01-06,Transfer mall online grocery.,Utilities,9299000,Expense
2020-01-06,Taxi tax personal credit service economy grocery.,Food & Drink,11574800,Expense
2020-01-07,Entertainment material digital economy network.,Shopping,9971100,Expense
2020-01-07,Mortgage direct contract order regular hotel.,Food & Drink,9538600,Expense
2020-01-07,Support adjustment savings phone economy mall.,Rent,2303300,Expense
2020-01-07,Pending premium.,Other,23784100,Income
2020-01-07,Premium bill train maintenance salary fee household.,Utilities,14093400,Expense
2020-01-07,Shop business.,Salary,10483200,Income
2020-01-08,Annual maintenance internet daily investment interest travel.,Salary,11972100,Income
2020-01-08,Plan taxi deal.,Salary,5084700,Income
2020-01-08,Direct mall special tools.,Utilities,11355000,Expense
2020-01-08,Monthly phone express pending store parking.,Salary,8234900,Income
2020-01-09,System flight.,Food & Drink,8755100,Expense
2020-01-09,Net gym.,Utilities,7777400,Expense
2020-01-09,Pharmacy order delivery booking bus loan bonus.,Shopping,9383600,Expense
2020-01-09,Maintenance grocery standard parking.,Travel,3621200,Expense
2020-01-09,Discount transfer plan business household renewal shop.,Other,18298300,Income
2020-01-10,Debit advance deposit entertainment tools pharmacy.,Travel,765300,Expense
2020-01-10,Train hotel water package payment.,Travel,8648200,Expense
2020-01-10,Water processed weekly.,Shopping,2388200,Expense
2020-01-10,Order gym salary standard.,Salary,3213600,Income
2020-01-11,Travel store service.,Travel,12420900,Expense
2020-01-11,Renewal renewal bonus insurance.,Rent,13198500,Expense
2020-01-11,Mortgage regular renewal.,Food & Drink,14259800,Expense
2020-01-12,System gross.,Investment,35049100,Income
2020-01-12,Deal personal travel package daily freelance platform.,Salary,18197900,Income
2020-01-12,Debit subscription household parking deposit credit.,Shopping,17634300,Expense
2020-01-12,Support express business salary.,Health & Fitness,8771900,Expense
2020-01-12,Reward subscription online mall.,Rent,9961900,Expense
2020-01-12,Order gross train.,Health & Fitness,7532400,Expense
2020-01-13,Future choice whatever from.,Food & Drink,11268800,Expense
2020-01-13,Annual tools.,Shopping,18579700,Expense
2020-01-13,Network reward.,Health & Fitness,10859000,Expense
2020-01-13,Economy support discount market.,Utilities,2487200,Expense
2020-01-13,Discount entertainment standard system delivery hospital weekly.,Rent,4440900,Expense
2020-01-14,Pharmacy insurance tools.,Travel,7898400,Expense
2020-01-14,Health service bill.,Salary,14409000,Income
2020-01-14,Special annual payment loan app train.,Investment,28754000,Income
2020-01-14,Annual order.,Shopping,5278700,Expense
2020-01-14,Freelance payment loan pending net payment.,Shopping,11145500,Expense
2020-01-14,Loan priority flight.,Salary,14126400,Income
2020-01-14,Service bonus maintenance annual water.,Food & Drink,7113400,Expense
2020-01-14,Benefit suggest page southern.,Shopping,4486800,Expense
2020-01-15,Salary software service utility plan personal.,Health & Fitness,16572400,Expense
2020-01-15,Regular service package parking debit net utility.,Shopping,9564000,Expense
2020-01-15,App support interest restaurant debit.,Travel,16751000,Expense
2020-01-15,Hardware fee.,Food & Drink,3797800,Expense
2020-01-16,Internet invoice.,Health & Fitness,16017500,Expense
2020-01-16,Maintenance utility subscription.,Salary,8922000,Income
2020-01-16,Plan package renewal software service parking.,Travel,5714000,Expense
2020-01-16,Direct clinic.,Health & Fitness,4409300,Expense
2020-01-16,Daily loan order special net regular.,Entertainment,7104300,Expense
2020-01-17,Payment entertainment bonus salary vendor budget bonus.,Food & Drink,15030600,Expense
2020-01-17,Electricity pending deposit train store.,Food & Drink,8044400,Expense
2020-01-18,Regular personal balance.,Food & Drink,4838500,Expense
2020-01-18,Monthly digital mall bonus.,Shopping,3556600,Expense
2020-01-18,By two bad fall pick.,Food & Drink,15200300,Expense
2020-01-18,Fuel deal.,Entertainment,16083000,Expense
2020-01-18,Order mortgage reward advance parking.,Rent,15702900,Expense
2020-01-19,Court attorney product significant world.,Other,32870000,Income
2020-01-19,Subscription restaurant platform freelance hotel.,Rent,17562300,Expense
2020-01-20,Fuel utility entertainment clinic booking financial market.,Food & Drink,19797000,Expense
2020-01-20,Renewal digital bus premium loan hardware purchase.,Health & Fitness,1803500,Expense
2020-01-20,Account vendor.,Travel,9718400,Expense
2020-01-20,Network purchase fuel water mortgage personal.,Entertainment,8694900,Expense
2020-01-20,Fee invoice tools.,Salary,8424700,Income
2020-01-20,Automatic savings.,Entertainment,4187300,Expense
2020-01-20,Mortgage debit health taxi tax financial.,Other,33896600,Income
2020-01-20,Maintenance client tax bus processed travel economy.,Other,36204600,Income
2020-01-21,Online network store.,Utilities,19352300,Expense
2020-01-21,Deposit system standard project reward premium net.,Utilities,17382900,Expense
2020-01-21,Herself law.,Entertainment,19148500,Expense
2020-01-22,Entertainment package insurance.,Shopping,6770800,Expense
2020-01-22,Credit financial.,Rent,6300100,Expense
2020-01-22,Automatic fee health reward maintenance shop freelance.,Entertainment,2572500,Expense
2020-01-22,Regular travel grocery.,Travel,10150600,Expense
2020-01-22,Investment credit electricity store material.,Other,48722900,Income
2020-01-22,Special insurance.,Shopping,5552700,Expense
2020-01-23,Daily internet material service reward fee financial.,Rent,17653000,Expense
2020-01-23,Vendor mall.,Food & Drink,13392100,Expense
2020-01-24,Client express mall material entertainment.,Shopping,8165300,Expense
2020-01-24,Shop electricity hardware vendor.,Other,26753100,Income
2020-01-24,Hospital vendor vendor package savings.,Entertainment,11540000,Expense
2020-01-24,Fee automatic plan business premium bonus mortgage.,Rent,7276700,Expense
2020-01-24,Priority support.,Rent,6939900,Expense
2020-01-24,Software network loan automatic platform booking bus.,Food & Drink,5255700,Expense
2020-01-24,Tools bus bonus savings direct.,Salary,8621700,Income
2020-01-25,Client express train special payment fee.,Shopping,9916400,Expense
2020-01-25,Weekly water mall weekly contract hotel electricity.,Shopping,9718700,Expense
2020-01-25,Have decide environment.,Rent,7660600,Expense
2020-01-25,Loan booking contract platform.,Travel,13495300,Expense
2020-01-25,Play move each left establish.,Health & Fitness,12114100,Expense
2020-01-25,Mortgage automatic.,Shopping,10702400,Expense
2020-01-25,Booking adjustment.,Food & Drink,5105100,Expense
2020-01-25,Economy bill mortgage priority.,Other,25154300,Income
2020-01-25,Bill hotel transfer salary.,Shopping,10539800,Expense
2020-01-25,Hospital water express.,Travel,14741000,Expense
2020-01-26,Fuel bus vendor business.,Food & Drink,4855000,Expense
2020-01-26,Mall material grocery.,Rent,1246100,Expense
2020-01-26,Hardware investment bonus bonus mortgage.,Health & Fitness,10037200,Expense
2020-01-26,Range successful simply.,Salary,10770900,Income
2020-01-26,Clinic invoice maintenance.,Food & Drink,11461400,Expense
2020-01-27,Service transfer.,Health & Fitness,11250800,Expense
2020-01-27,Priority entertainment financial special savings.,Travel,11860800,Expense
2020-01-27,Health digital daily app fee.,Salary,8271700,Income
2020-01-27,Fuel bus reward transfer pharmacy food service.,Rent,7420000,Expense
2020-01-28,Material bill loan.,Utilities,11834200,Expense
2020-01-28,App parking hotel.,Health & Fitness,7501100,Expense
2020-01-28,Equipment pharmacy store daily.,Entertainment,14385300,Expense
2020-01-28,Account deal personal.,Utilities,8789400,Expense
2020-01-28,Taxi tax hotel special.,Other,48415100,Income
2020-01-28,Digital clinic reward clinic taxi.,Health & Fitness,10426100,Expense
2020-01-29,Express loan payment service.,Entertainment,10626400,Expense
2020-01-29,Health freelance savings plan.,Food & Drink,5205900,Expense
2020-01-29,Client premium tax pending insurance.,Shopping,7298700,Expense
2020-01-29,Client water.,Utilities,9835400,Expense
2020-01-29,Tax insurance.,Travel,19817100,Expense
2020-01-29,Source husband.,Shopping,1668100,Expense
2020-01-29,Service maintenance market flight electricity.,Food & Drink,15941700,Expense
2020-01-30,Service travel processed equipment support.,Investment,35564600,Income
2020-01-30,Tree note responsibility.,Health & Fitness,11589300,Expense
2020-01-30,Charge bill delivery hardware.,Other,30720100,Income
2020-01-30,Invoice plan network loan bill.,Food & Drink,7405300,Expense
2020-01-31,Management sense technology check civil.,Shopping,5631700,Expense
2020-01-31,How trip learn enter.,Food & Drink,13259100,Expense
2020-01-31,Much section investment on gun.,Rent,17120800,Expense
2020-01-31,Economy premium mortgage adjustment material grocery.,Food & Drink,15393700,Expense
2020-02-01,Deal management.,Food & Drink,16380000,Expense
2020-02-01,Express hospital credit management.,Investment,19154500,Income
2020-02-01,Subscription adjustment payment shop parking mall.,Health & Fitness,3876800,Expense
2020-02-01,Flight digital.,Investment,13709400,Income
2020-02-01,Budget salary deal train gross parking.,Utilities,4189300,Expense
2020-02-01,Flight personal package bonus management reward hardware.,Shopping,8115000,Expense
2020-02-02,As high you more wife.,Health & Fitness,3336800,Expense
2020-02-02,Financial transfer.,Salary,7358800,Income
2020-02-02,Equipment savings savings fuel booking annual software.,Salary,7273400,Income
2020-02-02,Invoice deal.,Salary,14285200,Income
2020-02-02,Tax tax client invoice express hardware shop.,Food & Drink,6373500,Expense
2020-02-03,Reward reward.,Shopping,15917500,Expense
2020-02-03,Maintenance parking investment platform utility.,Utilities,13919000,Expense
2020-02-03,Service priority regular travel.,Travel,15548400,Expense
2020-02-03,Shop deal deal food.,Rent,8479200,Expense
2020-02-03,Water store health premium.,Entertainment,12516700,Expense
2020-02-03,Equipment salary net credit bus fee subscription.,Rent,8723600,Expense
2020-02-03,Utility equipment direct economy direct management.,Other,22032900,Income
2020-02-03,Savings plan hardware client order pharmacy grocery.,Salary,11582800,Income
2020-02-03,Package invoice.,Investment,34673500,Income
2020-02-03,Hardware payment household platform purchase.,Shopping,16488700,Expense
2020-02-04,Utility discount mortgage.,Entertainment,14679800,Expense
2020-02-04,Race mr.,Travel,14066200,Expense
2020-02-04,Premium hardware monthly savings utility.,Salary,16014800,Income
2020-02-04,Credit management.,Salary,11423800,Income
2020-02-04,Pharmacy daily savings contract direct parking.,Rent,8132200,Expense
2020-02-05,Food household savings financial.,Food & Drink,15617400,Expense
2020-02-05,Delivery tools insurance electricity regular.,Travel,17095700,Expense
2020-02-05,Seven medical blood personal.,Investment,18380000,Income
2020-02-05,Bus grocery investment system taxi maintenance.,Travel,5052100,Expense
2020-02-05,Household financial.,Food & Drink,7164600,Expense
2020-02-05,Deal app flight travel total investment deposit.,Food & Drink,10909200,Expense
2020-02-05,Born itself law west.,Rent,12221700,Expense
2020-02-05,Network subscription.,Shopping,12039900,Expense
2020-02-05,Transfer daily subscription digital purchase annual.,Investment,25694300,Income
2020-02-05,Order tools net.,Food & Drink,13502700,Expense
2020-02-06,Health phone tax client fee processed.,Salary,10620400,Income
2020-02-06,Online utility hospital mortgage maintenance net.,Travel,1774500,Expense
2020-02-06,Material management project.,Health & Fitness,4194900,Expense
2020-02-06,Flight plan.,Entertainment,5606600,Expense
2020-02-07,Fee loan entertainment.,Entertainment,7315600,Expense
2020-02-07,Food affect upon these story.,Entertainment,13723800,Expense
2020-02-07,Current hear claim well two.,Travel,19791500,Expense
2020-02-07,Client management transfer monthly pending.,Salary,5118100,Income
2020-02-07,Online hospital support water vendor invoice flight.,Entertainment,14167400,Expense
2020-02-07,Software grocery fuel net train.,Food & Drink,17242100,Expense
2020-02-07,Water food regular order app financial net.,Salary,6287800,Income
2020-02-07,Phone insurance phone client.,Investment,16396500,Income
2020-02-07,Tax reward utility daily.,Utilities,6898300,Expense
2020-02-08,Parking management.,Other,28555300,Income
2020-02-08,Express gym delivery store subscription.,Entertainment,18271900,Expense
2020-02-08,Around there water.,Food & Drink,4658100,Expense
2020-02-08,Staff within mouth call.,Other,37860000,Income
2020-02-08,Pending deposit advance internet net.,Shopping,9966800,Expense
2020-02-08,Entertainment material parking booking train online.,Investment,27093300,Income
2020-02-08,Network business app.,Utilities,6199700,Expense
2020-02-09,Close month parent who up.,Entertainment,18271400,Expense
2020-02-09,Direct internet system maintenance freelance transfer.,Salary,1645500,Income
2020-02-09,Project renewal material digital travel hotel.,Rent,11364000,Expense
2020-02-09,Payment business account clinic network water transfer.,Investment,26327900,Income
2020-02-09,Debit phone client reward contract.,Salary,8769700,Income
2020-02-09,Renewal electricity flight platform subscription booking material.,Other,13207300,Income
2020-02-09,Reward deal account investment tax.,Food & Drink,17944600,Expense
2020-02-10,App store entertainment shop network.,Utilities,4542900,Expense
2020-02-10,Standard direct loan freelance.,Shopping,2351400,Expense
2020-02-10,Express premium subscription express.,Travel,9878700,Expense
2020-02-10,Freelance loan personal water insurance.,Entertainment,9555000,Expense
2020-02-10,Personal grocery.,Travel,9268900,Expense
2020-02-10,Market processed software direct fee.,Travel,16210700,Expense
2020-02-10,Train deposit daily account loan.,Entertainment,6245500,Expense
2020-02-10,Booking gross financial economy bus service app.,Investment,12421000,Income
2020-02-11,Debit renewal system contract premium maintenance.,Travel,13398900,Expense
2020-02-11,Parking store grocery.,Health & Fitness,10841000,Expense
2020-02-11,Human public health.,Health & Fitness,4331300,Expense
2020-02-11,Clinic renewal network.,Entertainment,8430800,Expense
2020-02-11,Priority salary.,Investment,40870500,Income
2020-02-11,Contract financial.,Entertainment,8566900,Expense
2020-02-12,Material bill fee personal.,Other,32004900,Income
2020-02-12,Monthly discount parking support.,Travel,5762800,Expense
2020-02-12,Booking hospital booking project taxi hospital.,Shopping,9583900,Expense
2020-02-12,App renewal vendor equipment system taxi.,Travel,7973600,Expense
2020-02-12,Gym financial app management.,Health & Fitness,4921300,Expense
2020-02-12,Maintenance purchase project hospital advance project water.,Utilities,8980200,Expense
2020-02-13,Building different full open.,Salary,2943100,Income
2020-02-13,Entertainment deal service.,Food & Drink,3976900,Expense
2020-02-13,Processed hotel booking credit regular.,Investment,19199600,Income
2020-02-13,Advance deal train total.,Health & Fitness,8196800,Expense
2020-02-13,Software management restaurant market.,Travel,9390500,Expense
2020-02-13,Savings software platform personal equipment.,Other,37288800,Income
2020-02-13,Vendor equipment salary freelance adjustment.,Entertainment,6249900,Expense
2020-02-14,Entertainment credit.,Investment,25296200,Income
2020-02-14,Delivery salary.,Health & Fitness,3517900,Expense
2020-02-14,Personal bonus.,Other,35636500,Income
2020-02-14,Health bus shop special salary.,Other,29002700,Income
2020-02-14,Online platform.,Entertainment,10558500,Expense
2020-02-14,Gym hospital hotel hospital insurance client project.,Entertainment,15458400,Expense
2020-02-14,Regular loan.,Other,26072300,Income
2020-02-15,Material management software transfer shop automatic plan.,Entertainment,14950300,Expense
2020-02-15,Standard adjustment maintenance.,Utilities,13834200,Expense
2020-02-15,Detail audience piece director town.,Other,40090000,Income
2020-02-16,System direct network hotel.,Investment,24005100,Income
2020-02-16,Economy annual equipment credit package.,Travel,17386400,Expense
2020-02-16,Business plan.,Utilities,14466600,Expense
2020-02-16,Hardware regular restaurant shop.,Utilities,1749700,Expense
2020-02-16,Much rich think.,Utilities,10239600,Expense
2020-02-16,Automatic business vendor.,Entertainment,6447200,Expense
2020-02-16,Method everything.,Shopping,7303700,Expense
2020-02-16,Flight client.,Other,8966200,Income
2020-02-16,Invoice system water support.,Rent,3607100,Expense
2020-02-16,Net plan material gross hospital.,Entertainment,13693300,Expense
2020-02-16,Deal system special total online.,Entertainment,16652500,Expense
2020-02-17,Delivery direct subscription platform plan.,Health & Fitness,10826900,Expense
2020-02-17,Project project automatic material business annual.,Shopping,10148300,Expense
2020-02-17,Economy package debit savings bonus mall.,Health & Fitness,13280700,Expense
2020-02-17,Renewal hotel gym.,Food & Drink,12266400,Expense
2020-02-17,App shop daily net online maintenance.,Rent,19051400,Expense
2020-02-17,Credit tax account store.,Salary,12879000,Income
2020-02-17,Network store network financial service train system.,Investment,29173900,Income
2020-02-17,Budget invoice platform utility savings.,Entertainment,5784700,Expense
2020-02-17,Financial salary.,Salary,16440600,Income
2020-02-17,Investment grocery processed.,Rent,664100,Expense
2020-02-17,Service order salary financial food service hotel.,Investment,9566300,Income
2020-02-18,Fuel health.,Food & Drink,14387200,Expense
2020-02-18,Water material digital priority.,Utilities,12195700,Expense
2020-02-18,Regular entertainment balance charge deal contract personal.,Health & Fitness,8992400,Expense
2020-02-18,Vendor health restaurant investment interest processed restaurant.,Rent,18960000,Expense
2020-02-18,Contract contract special.,Salary,14402600,Income
2020-02-18,Drug list imagine behind.,Investment,13980000,Income
2020-02-18,Entertainment train pharmacy.,Food & Drink,3686800,Expense
2020-02-18,Renewal pending service.,Entertainment,16077800,Expense
2020-02-19,Software premium personal deal.,Salary,7382600,Income
2020-02-19,Interest level rock pull.,Investment,39580000,Income
2020-02-19,Reward financial net taxi.,Entertainment,14935300,Expense
2020-02-19,Deposit weekly online.,Travel,19059900,Expense
2020-02-19,Train regular store household internet credit discount.,Rent,10796700,Expense
2020-02-20,Credit standard mortgage health restaurant project bonus.,Shopping,14131000,Expense
2020-02-20,Store premium restaurant bonus store.,Travel,6811900,Expense
2020-02-20,Mortgage invoice interest platform booking hardware.,Entertainment,9100700,Expense
2020-02-20,Payment automatic total equipment bill mortgage.,Health & Fitness,9939200,Expense
2020-02-20,I fund.,Shopping,7694200,Expense
2020-02-20,Tools app standard clinic.,Salary,10653300,Income
2020-02-20,Hospital business standard loan bill interest salary.,Travel,12562500,Expense
2020-02-21,Software vendor plan store hospital payment food.,Utilities,1197600,Expense
2020-02-21,Bill regular mortgage freelance credit.,Entertainment,16349200,Expense
2020-02-21,Investment direct grocery train.,Health & Fitness,8237500,Expense
2020-02-21,Pharmacy platform purchase hotel adjustment system.,Rent,5996000,Expense
2020-02-21,Business charge.,Salary,7788600,Income
2020-02-21,Adjustment internet restaurant financial salary hardware.,Utilities,13520700,Expense
2020-02-21,Investment utility digital automatic.,Salary,10083100,Income
2020-02-21,Pending premium tools network household deposit train.,Salary,13155200,Income
2020-02-21,Package monthly.,Food & Drink,14345200,Expense
2020-02-21,Interest package direct tools.,Travel,5872000,Expense
2020-02-22,Personal network system personal online.,Food & Drink,6587700,Expense
2020-02-22,Budget discount advance food account equipment.,Shopping,7388400,Expense
2020-02-22,Bonus app support clinic.,Other,36018200,Income
2020-02-22,Special bill charge total.,Salary,1180000,Income
2020-02-22,Equipment economy electricity app project.,Utilities,3877000,Expense
2020-02-22,Shop internet loan clinic debit weekly hardware.,Utilities,4032900,Expense
2020-02-22,Purchase fuel equipment credit.,Rent,9678100,Expense
2020-02-23,Weekly food taxi renewal.,Travel,5726800,Expense
2020-02-23,Parking app net market food.,Shopping,13823900,Expense
2020-02-23,Weekly express premium taxi regular automatic.,Shopping,7501300,Expense
2020-02-23,Freelance pharmacy business freelance.,Entertainment,7651700,Expense
2020-02-23,Tax automatic maintenance management service financial.,Salary,4391000,Income
2020-02-23,Monthly total network.,Other,27027000,Income
2020-02-23,Annual contract contract fee.,Utilities,8136400,Expense
2020-02-23,Insurance client booking payment hardware.,Salary,15788900,Income
2020-02-24,Tax health hotel.,Travel,11640000,Expense
2020-02-25,Digital tax taxi.,Entertainment,15059500,Expense
2020-02-25,Hospital online.,Shopping,6399200,Expense
2020-02-25,Fuel hardware bus processed support health business.,Entertainment,10907700,Expense
2020-02-25,Invoice regular investment fee balance gym.,Utilities,4001900,Expense
2020-02-25,Online food fuel restaurant personal.,Shopping,11020200,Expense
2020-02-25,Contract management system tax clinic water express.,Utilities,11351000,Expense
2020-02-26,System travel interest annual parking mortgage deposit.,Investment,26348800,Income
2020-02-26,Total tools.,Travel,14608800,Expense
2020-02-26,Budget special.,Health & Fitness,11501000,Expense
2020-02-26,Household budget delivery.,Rent,9652600,Expense
2020-02-26,Water equipment.,Food & Drink,6767400,Expense
2020-02-26,Tax service discount maintenance maintenance.,Health & Fitness,18181300,Expense
2020-02-26,Mortgage restaurant deposit automatic.,Food & Drink,12836500,Expense
2020-02-26,Court movie cell.,Travel,19424500,Expense
2020-02-26,Investment processed gross entertainment budget support.,Shopping,14614200,Expense
2020-02-26,Hardware plan deposit clinic tools adjustment.,Food & Drink,1549600,Expense
2020-02-27,Express weekly.,Other,30389800,Income
2020-02-27,Leg themselves away.,Food & Drink,13637600,Expense
2020-02-27,Management debit market discount debit regular project.,Salary,11049600,Income
2020-02-27,Account booking online network pharmacy.,Investment,38939100,Income
2020-02-27,Maintenance discount contract contract weekly gross budget.,Other,44271500,Income
2020-02-27,Total tax adjustment system pharmacy.,Health & Fitness,7730200,Expense
2020-02-28,Mall freelance mortgage.,Rent,8125800,Expense
2020-02-28,Anything yourself.,Other,32860000,Income
2020-02-28,Purchase transfer.,Food & Drink,14730100,Expense
2020-02-28,Software automatic adjustment.,Travel,8083700,Expense
2020-02-28,Personal direct financial project debit.,Travel,8827300,Expense
2020-02-28,Management investment.,Investment,9595500,Income
2020-02-28,Unit support.,Other,17950000,Income
2020-02-29,Restaurant client regular management fee salary project.,Health & Fitness,10994900,Expense
2020-02-29,Online tax weekly charge.,Health & Fitness,6521400,Expense
2020-02-29,Bonus pharmacy delivery.,Other,27113500,Income
2020-02-29,Magazine degree husband around.,Travel,19440600,Expense
2020-02-29,Debit platform interest weekly.,Shopping,11306100,Expense
2020-02-29,Shop bonus shop restaurant financial special bonus.,Salary,557400,Income
2020-03-01,Invoice order delivery deal electricity express gross.,Rent,14776700,Expense
2020-03-01,Clinic weekly fee bill express.,Entertainment,1694000,Expense
2020-03-01,Software gym.,Utilities,10374000,Expense
2020-03-01,Management market market insurance economy food digital.,Travel,7344300,Expense
2020-03-01,Interest maintenance hospital.,Salary,5891200,Income
2020-03-01,Plan discount.,Rent,3755100,Expense
2020-03-01,Network deposit salary phone express salary.,Travel,19187700,Expense
2020-03-01,Total fuel hospital.,Shopping,5583200,Expense
2020-03-02,Total delivery subscription hardware.,Utilities,12203700,Expense
2020-03-02,Mall parking platform.,Travel,4654100,Expense
2020-03-02,Net household vendor weekly bill bus.,Utilities,10375900,Expense
2020-03-02,Tools tools grocery debit.,Rent,7963200,Expense
2020-03-02,Automatic software.,Entertainment,6902300,Expense
2020-03-02,Tools annual.,Rent,15806300,Expense
2020-03-03,Personal gross charge shop travel fuel entertainment.,Shopping,8064700,Expense
2020-03-03,Clinic contract bonus standard subscription.,Salary,18270600,Income
2020-03-03,Taxi material balance discount software mortgage premium.,Other,37361200,Income
2020-03-03,Taxi platform freelance personal travel water food.,Travel,5943600,Expense
2020-03-03,Client flight loan.,Health & Fitness,7697500,Expense
2020-03-03,World enter.,Rent,17423300,Expense
2020-03-03,Business invoice train processed train.,Salary,17639800,Income
2020-03-04,Platform software hospital shop pending parking travel.,Investment,46397100,Income
2020-03-04,Institution whatever yet.,Entertainment,3141500,Expense
2020-03-04,Choice father why often.,Food & Drink,12019000,Expense
2020-03-04,Support advance travel.,Other,23282700,Income
2020-03-05,Adjustment weekly entertainment flight online.,Shopping,7620600,Expense
2020-03-05,Bill advance system digital.,Rent,11881800,Expense
2020-03-05,Tax software management client freelance digital.,Food & Drink,12364000,Expense
2020-03-05,Discount regular app processed fuel tools utility.,Utilities,11671500,Expense
2020-03-05,Tools network bill material clinic renewal.,Utilities,2479500,Expense
2020-03-05,Bill household salary market order app.,Other,19460600,Income
2020-03-05,Equipment software.,Food & Drink,14877900,Expense
2020-03-05,Gym total subscription.,Investment,32525200,Income
2020-03-06,Gross store utility maintenance fuel mall.,Other,30288800,Income
2020-03-06,Deal reward material.,Utilities,8441800,Expense
2020-03-06,Travel adjustment material deposit.,Travel,17558300,Expense
2020-03-06,Economy hotel direct interest premium support reward.,Utilities,16366600,Expense
2020-03-06,Electricity regular reward parking shop credit deal.,Salary,2526800,Income
2020-03-06,Direct project transfer transfer priority utility.,Other,14592400,Income
2020-03-07,Subscription plan clinic utility.,Salary,8637000,Income
2020-03-07,Market delivery delivery loan discount hospital.,Food & Drink,5169400,Expense
2020-03-07,Economy gross app hardware household project.,Investment,19196000,Income
2020-03-07,Booking account loan special adjustment train.,Investment,30917800,Income
2020-03-07,Advance financial parking interest reward.,Entertainment,8136700,Expense
2020-03-07,System household app tools discount vendor investment.,Investment,7579200,Income
2020-03-08,Client digital flight parking.,Salary,17620700,Income
2020-03-08,Purchase digital maintenance.,Entertainment,15090900,Expense
2020-03-09,Household restaurant hotel.,Rent,6282700,Expense
2020-03-09,Freelance network system support contract.,Shopping,12777100,Expense
2020-03-09,Contract network phone net train.,Food & Drink,9419300,Expense
2020-03-09,Gross pharmacy balance.,Shopping,9055800,Expense
2020-03-09,Security arm.,Rent,18589100,Expense
2020-03-09,Clinic app system market transfer software travel.,Other,41576900,Income
2020-03-09,Bus investment parking system entertainment train.,Travel,10006300,Expense
2020-03-09,Pharmacy express online bill.,Other,27447800,Income
2020-03-09,Me system church whether.,Travel,4865100,Expense
2020-03-09,Advance restaurant pharmacy support gross transfer.,Health & Fitness,12472500,Expense
2020-03-10,Freelance credit shop purchase budget project network.,Food & Drink,11870400,Expense
2020-03-10,Equipment premium clinic.,Travel,5916500,Expense
2020-03-10,Deal daily bonus transfer mall balance.,Rent,18220800,Expense
2020-03-10,Train personal transfer service.,Food & Drink,3505300,Expense
2020-03-10,Discount system.,Rent,6733400,Expense
2020-03-11,Discount fee discount.,Other,21694600,Income
2020-03-11,Shop discount charge.,Utilities,13389800,Expense
2020-03-11,Walk now often.,Rent,19561900,Expense
2020-03-11,Attention attack technology.,Rent,1804500,Expense
2020-03-11,Pending contract contract financial charge software adjustment.,Investment,21542600,Income
2020-03-12,Renewal hospital grocery.,Travel,15043400,Expense
2020-03-12,Enter capital population.,Utilities,5374600,Expense
2020-03-12,Annual grocery.,Shopping,17524000,Expense
2020-03-12,Bank price north first end.,Utilities,2655000,Expense
2020-03-12,Online direct.,Entertainment,3464600,Expense
2020-03-13,Balance mortgage delivery.,Food & Drink,4000600,Expense
2020-03-13,Service online.,Health & Fitness,17988400,Expense
2020-03-13,Store balance.,Health & Fitness,17073200,Expense
2020-03-14,Total store.,Food & Drink,14221600,Expense
2020-03-14,Electricity booking subscription clinic deposit.,Travel,12954300,Expense
2020-03-14,Gym tax adjustment flight phone pharmacy.,Entertainment,9540700,Expense
2020-03-14,Project total insurance phone grocery network.,Salary,17848800,Income
2020-03-14,App order package standard salary taxi electricity.,Entertainment,6356200,Expense
2020-03-14,Mortgage economy.,Health & Fitness,10158800,Expense
2020-03-14,Upon very act perform.,Shopping,19290800,Expense
2020-03-14,Salary monthly bonus hardware balance.,Utilities,5463500,Expense
2020-03-14,Investment phone contract.,Utilities,2431800,Expense
2020-03-14,Deal market grocery client shop regular restaurant.,Utilities,13769400,Expense
2020-03-14,Health market.,Food & Drink,11998400,Expense
2020-03-14,Package food.,Investment,34580500,Income
2020-03-14,Direct interest.,Health & Fitness,13561500,Expense
2020-03-15,Parking loan direct order.,Entertainment,11001800,Expense
2020-03-15,Network express credit freelance hardware network gross.,Investment,34737000,Income
2020-03-15,Premium online utility.,Food & Drink,2288000,Expense
2020-03-15,Standard total clinic transfer transfer.,Travel,9176800,Expense
2020-03-15,Monthly gym equipment entertainment insurance.,Health & Fitness,7936500,Expense
2020-03-15,Available defense.,Entertainment,14287700,Expense
2020-03-15,Store monthly order processed.,Rent,9191300,Expense
2020-03-15,Booking platform weekly gross.,Shopping,7034500,Expense
2020-03-15,Economy weekly material utility processed.,Travel,14034900,Expense
2020-03-16,Hotel fuel.,Other,41948300,Income
2020-03-16,Online economy financial interest.,Other,19034500,Income
2020-03-16,Train food weekly bonus mortgage gym.,Rent,17375600,Expense
2020-03-16,Health freelance restaurant service grocery tools.,Other,33556900,Income
2020-03-18,Market market shop.,Other,38302700,Income
2020-03-18,Net charge account parking fee travel balance.,Rent,7579600,Expense
2020-03-18,Account net software parking.,Travel,16008400,Expense
2020-03-18,Business savings support standard.,Travel,5586100,Expense
2020-03-18,Tax daily.,Food & Drink,5750000,Expense
2020-03-18,Value thing these.,Health & Fitness,8818200,Expense
2020-03-18,Payment investment.,Food & Drink,19947700,Expense
2020-03-18,Express bonus.,Travel,12440700,Expense
2020-03-18,Express mall express.,Rent,6494800,Expense
2020-03-19,Weekly taxi.,Entertainment,9150200,Expense
2020-03-19,Deal freelance order subscription project automatic premium.,Health & Fitness,12686600,Expense
2020-03-19,Bus account credit equipment service.,Entertainment,9401600,Expense
2020-03-20,Express deposit regular order regular.,Rent,8382100,Expense
2020-03-20,Budget management.,Shopping,7258200,Expense
2020-03-21,Citizen street region.,Rent,5033300,Expense
2020-03-21,Invoice premium total hotel automatic weekly.,Shopping,8227800,Expense
2020-03-22,Equipment household economy bonus subscription maintenance automatic.,Health & Fitness,8346600,Expense
2020-03-23,Equipment clinic management delivery.,Utilities,18523800,Expense
2020-03-23,Subscription hardware.,Health & Fitness,7285400,Expense
2020-03-23,Property never.,Investment,23850000,Income
2020-03-23,Enough threat score.,Food & Drink,1512800,Expense
2020-03-23,Gym pharmacy automatic client payment.,Travel,5098900,Expense
2020-03-24,Credit standard fuel gym.,Other,13323100,Income
2020-03-24,Example decision garden.,Entertainment,1441300,Expense
2020-03-24,Parking travel contract purchase net pharmacy material.,Utilities,9350700,Expense
2020-03-24,Advance service.,Shopping,825500,Expense
2020-03-24,Booking internet.,Other,39930900,Income
2020-03-24,Financial monthly food fuel network.,Health & Fitness,9916300,Expense
2020-03-25,Plan purchase deal.,Salary,8251300,Income
2020-03-25,Travel store clinic package.,Shopping,9700300,Expense
2020-03-26,Priority internet.,Travel,8561200,Expense
2020-03-26,Shop loan.,Other,44014600,Income
2020-03-26,Tools fee utility contract savings system interest.,Entertainment,13364900,Expense
2020-03-26,Internet subscription interest subscription maintenance investment clinic.,Food & Drink,15412300,Expense
2020-03-26,Hardware internet pending hardware hotel renewal.,Food & Drink,13653600,Expense
2020-03-27,Order personal service.,Shopping,10665500,Expense
2020-03-27,Account special weekly insurance credit total.,Entertainment,10957100,Expense
2020-03-28,Platform adjustment economy savings adjustment order delivery.,Rent,2823900,Expense
2020-03-28,Major town suffer begin.,Other,10800000,Income
2020-03-28,Total fuel software pending.,Food & Drink,8501900,Expense
2020-03-28,Gross budget discount.,Health & Fitness,6523700,Expense
2020-03-28,Monthly net hardware market store salary.,Food & Drink,5711500,Expense
2020-03-28,Financial hotel.,Travel,9006100,Expense
2020-03-28,Business pharmacy standard.,Investment,36564100,Income
2020-03-29,Credit fee equipment management.,Other,20687100,Income
2020-03-29,Account budget bus business entertainment salary.,Food & Drink,14896800,Expense
2020-03-29,Food utility gym equipment.,Salary,11144000,Income
2020-03-29,Health store deal.,Salary,9715800,Income
2020-03-29,Direct business taxi maintenance freelance total deposit.,Investment,40852000,Income
2020-03-30,Market total regular taxi economy account.,Food & Drink,3524400,Expense
2020-03-30,Deal network standard water express savings daily.,Shopping,8389100,Expense
2020-03-30,Economy bus maintenance.,Health & Fitness,11217900,Expense
2020-03-30,Flight balance parking account standard.,Food & Drink,11826300,Expense
2020-03-30,Standard hardware equipment transfer package.,Health & Fitness,8637800,Expense
2020-03-30,Management fee utility financial account vendor mall.,Health & Fitness,9805400,Expense
2020-03-31,Insurance network credit subscription savings bill.,Food & Drink,9188400,Expense
2020-03-31,Adjustment salary internet interest maintenance phone.,Health & Fitness,10890600,Expense
2020-03-31,Bus train.,Health & Fitness,5394900,Expense
2020-03-31,Internet deal.,Rent,5430100,Expense
2020-03-31,Household platform annual pending household.,Health & Fitness,6861900,Expense
2020-04-01,Total delivery insurance tools support market maintenance.,Shopping,11880700,Expense
2020-04-01,Analysis four capital.,Travel,13412700,Expense
2020-04-01,Mortgage gross standard.,Investment,13185700,Income
2020-04-01,Network insurance package platform.,Salary,18255100,Income
2020-04-02,Charge contract restaurant processed clinic.,Health & Fitness,10723300,Expense
2020-04-02,Delivery train order management contract regular.,Rent,7116800,Expense
2020-04-02,Hardware direct gym credit plan booking.,Shopping,16590100,Expense
2020-04-02,Account gym.,Rent,3252100,Expense
2020-04-03,Savings automatic.,Investment,34800600,Income
2020-04-03,Insurance daily bonus freelance equipment material fuel.,Salary,8361800,Income
2020-04-03,Weekly material regular.,Utilities,10230200,Expense
2020-04-03,Booking electricity shop water priority water market.,Investment,37015700,Income
2020-04-03,Purchase debit.,Salary,6439500,Income
2020-04-03,Salary support order fee bill bus.,Rent,12260300,Expense
2020-04-03,Total client.,Health & Fitness,11020700,Expense
2020-04-04,Maintenance fee management fuel contract order savings.,Rent,8499700,Expense
2020-04-04,Phone business transfer contract weekly health.,Food & Drink,8214600,Expense
2020-04-04,Special market mortgage interest internet.,Utilities,9934600,Expense
2020-04-05,Scientist necessary into.,Utilities,14494700,Expense
2020-04-05,Budget subscription service client gym salary.,Rent,14732100,Expense
2020-04-05,Travel internet.,Food & Drink,5496300,Expense
2020-04-06,Along hard need involve among.,Shopping,3889200,Expense
2020-04-06,Weekly taxi.,Entertainment,3660400,Expense
2020-04-06,Adjustment project.,Salary,12538600,Income
2020-04-06,Client premium priority vendor credit.,Investment,43168700,Income
2020-04-06,Clinic savings net balance freelance.,Salary,7484600,Income
2020-04-06,Gross digital purchase gym special.,Food & Drink,8450300,Expense
2020-04-06,Away third.,Salary,4935600,Income
2020-04-06,Mall reward.,Entertainment,8621300,Expense
2020-04-07,Discount restaurant annual transfer fee financial economy.,Shopping,3965100,Expense
2020-04-07,Contract advance budget reward weekly.,Food & Drink,16045100,Expense
2020-04-07,Bonus flight market electricity deal gross.,Travel,5747400,Expense
2020-04-07,Software transfer subscription.,Entertainment,5744000,Expense
2020-04-07,Automatic credit digital pending.,Rent,4930000,Expense
2020-04-08,Entertainment charge food economy.,Investment,25763600,Income
2020-04-08,Fee gross hospital contract tax savings.,Shopping,9050100,Expense
2020-04-08,Insurance mortgage phone package processed clinic.,Shopping,8472000,Expense
2020-04-08,Vendor reward standard payment daily food.,Rent,7284500,Expense
2020-04-08,Fuel restaurant bonus credit.,Health & Fitness,7680500,Expense
2020-04-08,Hospital charge.,Investment,40525100,Income
2020-04-08,Interest material annual.,Rent,12217400,Expense
2020-04-08,Grocery reward health contract app.,Utilities,13294100,Expense
2020-04-08,Account annual food.,Food & Drink,9580200,Expense
2020-04-08,Online food business.,Entertainment,14540900,Expense
2020-04-08,Annual package balance reward.,Health & Fitness,12248900,Expense
2020-04-08,Bonus digital package entertainment account project delivery.,Shopping,11937800,Expense
2020-04-08,Premium vendor tools hardware.,Investment,20628300,Income
2020-04-08,Purchase total clinic grocery loan food.,Utilities,4848400,Expense
2020-04-09,Internet platform.,Salary,9731100,Income
2020-04-09,Fuel travel software mall adjustment.,Travel,11830100,Expense
2020-04-09,Deal travel water phone plan annual.,Food & Drink,9389600,Expense
2020-04-09,Personal service.,Investment,18462600,Income
2020-04-09,Booking mortgage discount express delivery booking tools.,Food & Drink,18235800,Expense
2020-04-10,Service app electricity subscription standard direct.,Travel,19483000,Expense
2020-04-10,Utility reward.,Rent,7314800,Expense
2020-04-10,Total tax support.,Salary,7376100,Income
2020-04-10,Account household net household fuel.,Travel,2007800,Expense
2020-04-10,Together decide.,Other,34020000,Income
2020-04-10,Electricity automatic standard monthly interest.,Utilities,7606100,Expense
2020-04-10,Service fuel fee financial.,Utilities,7114800,Expense
2020-04-11,Special phone financial hospital.,Shopping,16022300,Expense
2020-04-11,Renewal regular priority food digital adjustment phone.,Shopping,16668100,Expense
2020-04-11,Package processed pending business.,Food & Drink,19189200,Expense
2020-04-11,Discount vendor network.,Shopping,10802700,Expense
2020-04-12,Gym utility.,Travel,14220800,Expense
2020-04-12,Savings grocery phone annual travel gym.,Other,26571600,Income
2020-04-12,Electricity plan loan charge phone entertainment.,Utilities,1612200,Expense
2020-04-12,Reward debit platform gym reward mortgage.,Other,9100800,Income
2020-04-12,Payment salary taxi app charge.,Health & Fitness,8458900,Expense
2020-04-13,Package mortgage gross.,Rent,11607100,Expense
2020-04-14,Clinic debit gym.,Investment,26639500,Income
2020-04-14,Flight hotel transfer deposit.,Health & Fitness,8103000,Expense
2020-04-14,Phone delivery app entertainment mall health bonus.,Other,34834000,Income
2020-04-14,Hotel priority material package food hotel.,Utilities,11012000,Expense
2020-04-14,Food interest freelance advance special payment water.,Investment,41842700,Income
2020-04-14,Fuel health internet tools purchase annual pharmacy.,Other,11976000,Income
2020-04-15,Package app phone business.,Rent,14095800,Expense
2020-04-15,Management phone loan equipment processed.,Health & Fitness,13514200,Expense
2020-04-15,Vendor entertainment financial restaurant client.,Travel,2159500,Expense
2020-04-15,Hardware market network system hotel household.,Investment,20088200,Income
2020-04-16,Mall payment bill regular economy.,Salary,10955700,Income
2020-04-16,Shop equipment express train order.,Salary,17787100,Income
2020-04-16,Management food priority regular platform.,Other,42378000,Income
2020-04-17,See understand door class son.,Investment,9960000,Income
2020-04-17,Flight software.,Salary,6099400,Income
2020-04-17,Government nice.,Salary,17290400,Income
2020-04-17,Premium insurance transfer.,Shopping,9611500,Expense
2020-04-17,Direct package.,Investment,19667100,Income
2020-04-18,Salary client.,Salary,8709900,Income
2020-04-18,Online fee.,Shopping,7637800,Expense
2020-04-18,Standard gym electricity support.,Travel,10667000,Expense
2020-04-18,Support household reward.,Other,6713100,Income
2020-04-18,Agent say forward us.,Health & Fitness,16031800,Expense
2020-04-19,Client business health transfer client hotel.,Food & Drink,12461400,Expense
2020-04-19,Budget plan special equipment automatic adjustment health.,Rent,12394600,Expense
2020-04-19,Tools order management.,Utilities,8684400,Expense
2020-04-19,Support system.,Health & Fitness,17808200,Expense
2020-04-19,Household automatic system.,Utilities,9657000,Expense
2020-04-19,Bus travel.,Other,37936800,Income
2020-04-19,Credit processed subscription.,Investment,45224600,Income
2020-04-19,Renewal train equipment food bonus account.,Rent,5175100,Expense
2020-04-19,Equipment budget material salary.,Travel,8545000,Expense
2020-04-20,Balance direct.,Health & Fitness,8104600,Expense
2020-04-20,Shop fuel clinic.,Entertainment,7785100,Expense
2020-04-20,System pending tax interest.,Other,21044000,Income
2020-04-20,Restaurant fee.,Entertainment,12833100,Expense
2020-04-20,Travel loan regular.,Rent,8634500,Expense
2020-04-20,Invoice gross phone priority project.,Entertainment,11692000,Expense
2020-04-20,Adjustment taxi water.,Food & Drink,2439800,Expense
2020-04-20,Direct digital savings salary.,Food & Drink,8961500,Expense
2020-04-20,Freelance fuel balance.,Rent,7040400,Expense
2020-04-20,Clinic fuel financial invoice.,Health & Fitness,10588500,Expense
2020-04-20,Contract daily equipment.,Shopping,14659800,Expense
2020-04-20,Economy parking processed.,Food & Drink,6034100,Expense
2020-04-21,Business freelance project.,Rent,17252200,Expense
2020-04-21,Digital payment platform.,Investment,49699500,Income
2020-04-21,Entertainment pending.,Entertainment,19205100,Expense
2020-04-21,Processed discount platform material delivery payment.,Utilities,11707200,Expense
2020-04-21,Fuel purchase balance weekly.,Salary,11855100,Income
2020-04-21,Plan system regular clinic platform maintenance daily.,Salary,8682600,Income
2020-04-21,Fuel freelance processed fee delivery equipment.,Food & Drink,3950800,Expense
2020-04-21,Personal discount regular material mall electricity daily.,Travel,12514600,Expense
2020-04-21,Direct material budget hardware annual.,Investment,25439400,Income
2020-04-22,Market management phone restaurant.,Utilities,12285300,Expense
2020-04-22,Priority material equipment hotel shop net financial.,Salary,7211200,Income
2020-04-22,Premium plan.,Other,28829100,Income
2020-04-22,City red him.,Investment,20580000,Income
2020-04-22,Mortgage digital health subscription market client.,Entertainment,16110500,Expense
2020-04-22,Direct order clinic gym.,Other,19917400,Income
2020-04-22,Insurance discount vendor.,Utilities,11112200,Expense
2020-04-22,Contract purchase business electricity bill tools.,Entertainment,14889400,Expense
2020-04-22,Restaurant reward monthly shop financial pending reward.,Shopping,13561900,Expense
2020-04-23,Network financial parking software package account debit.,Utilities,13813000,Expense
2020-04-23,Develop staff least figure.,Utilities,8495400,Expense
2020-04-23,Account water.,Shopping,16138100,Expense
2020-04-23,Personal train special transfer savings.,Travel,10721400,Expense
2020-04-23,Regular material clinic loan equipment.,Entertainment,13036100,Expense
2020-04-23,Bus bus hotel interest app bonus tools.,Entertainment,11864100,Expense
2020-04-24,Project savings food network annual.,Entertainment,8398400,Expense
2020-04-24,Budget account.,Salary,2306200,Income
2020-04-24,Gross insurance tax equipment.,Food & Drink,16505600,Expense
2020-04-24,Daily automatic household.,Shopping,8238900,Expense
2020-04-24,Digital system deal bonus platform phone subscription.,Health & Fitness,6328900,Expense
2020-04-24,Renewal financial system.,Food & Drink,7862200,Expense
2020-04-24,Tools market balance account network.,Utilities,7112000,Expense
2020-04-24,Client digital balance.,Travel,9397400,Expense
2020-04-25,Automatic charge personal annual.,Investment,24821900,Income
2020-04-25,Charge gross management fee fuel debit.,Utilities,12265300,Expense
2020-04-25,Hotel weekly.,Salary,15201800,Income
2020-04-25,Hotel parking gross personal loan.,Rent,7363800,Expense
2020-04-25,Bus taxi travel internet.,Shopping,11779600,Expense
2020-04-25,Direct service restaurant equipment.,Other,11784900,Income
2020-04-25,Restaurant electricity.,Travel,9571700,Expense
2020-04-25,Age cover foreign.,Entertainment,17502300,Expense
2020-04-26,Maintenance electricity health financial adjustment business fuel.,Investment,46097000,Income
2020-04-26,Go meeting quickly.,Investment,9140000,Income
2020-04-26,Credit hardware delivery.,Investment,26858700,Income
2020-04-26,Network hotel.,Other,26937400,Income
2020-04-26,Adjustment transfer debit adjustment investment.,Shopping,12345500,Expense
2020-04-26,App travel discount platform hardware renewal.,Food & Drink,5914100,Expense
2020-04-26,Voice boy wife condition.,Food & Drink,19383000,Expense
2020-04-27,Deal insurance internet delivery.,Health & Fitness,3420500,Expense
2020-04-27,Bus internet train purchase.,Utilities,12677100,Expense
2020-04-27,Parking interest service.,Shopping,15522200,Expense
2020-04-27,Budget personal service utility.,Health & Fitness,10033600,Expense
2020-04-27,Invoice investment.,Salary,11101600,Income
2020-04-27,Economy management standard food electricity pharmacy.,Health & Fitness,8616500,Expense
2020-04-27,Bonus contract store bill freelance.,Investment,38658900,Income
2020-04-27,Material market software gross balance system business.,Salary,5091900,Income
2020-04-27,Board its.,Entertainment,3409600,Expense
2020-04-27,Paper memory history office.,Entertainment,17306500,Expense
2020-04-28,Total restaurant weekly economy net store.,Shopping,1602200,Expense
2020-04-28,Household total economy economy platform insurance.,Entertainment,14363000,Expense
2020-04-28,Adjustment loan digital priority total.,Rent,5184400,Expense
2020-04-28,Deposit bus parking.,Investment,34749200,Income
2020-04-29,Priority tax regular package financial transfer booking.,Salary,5854600,Income
2020-04-29,Remember ability.,Utilities,7641600,Expense
2020-04-29,Support parking adjustment credit total daily entertainment.,Other,35473500,Income
2020-04-29,Automatic annual.,Salary,13229800,Income
2020-04-29,Tools direct gross booking financial app.,Utilities,6883400,Expense
2020-04-29,Adjustment fee deal insurance budget.,Rent,7673200,Expense
2020-04-29,Total annual charge internet.,Travel,9771200,Expense
2020-04-29,Restaurant mall insurance.,Investment,30999400,Income
2020-04-30,Support support hotel software water hotel.,Investment,15593600,Income
2020-04-30,Total annual hardware account delivery credit.,Salary,10301500,Income
2020-04-30,Bonus standard.,Rent,17386300,Expense
2020-04-30,Digital household savings digital shop.,Shopping,2927500,Expense
2020-04-30,Hair attorney professional.,Travel,18537700,Expense
2020-05-01,Food software parking.,Investment,38453300,Income
2020-05-01,Special budget.,Utilities,3226300,Expense
2020-05-01,Utility renewal utility regular.,Health & Fitness,9828600,Expense
2020-05-01,Finish summer rest feel finally.,Travel,8517800,Expense
2020-05-02,Premium investment digital tax fee annual regular.,Health & Fitness,17512300,Expense
2020-05-02,Transfer personal adjustment.,Utilities,7702000,Expense
2020-05-02,Bus water online.,Rent,7411200,Expense
2020-05-02,Health electricity mall.,Salary,8783700,Income
2020-05-03,I fast camera inside.,Salary,3180500,Income
2020-05-03,Savings special bus internet.,Health & Fitness,6507100,Expense
2020-05-03,Phone mall phone flight maintenance.,Rent,15623400,Expense
2020-05-03,Clinic deposit material store account pharmacy.,Other,43340800,Income
2020-05-03,Past feeling nature.,Food & Drink,11625700,Expense
2020-05-03,Automatic regular network tax travel.,Travel,3362100,Expense
2020-05-04,Market premium special hotel charge.,Investment,37739100,Income
2020-05-04,Fuel equipment.,Travel,4725200,Expense
2020-05-05,Hospital investment health clinic.,Entertainment,11150800,Expense
2020-05-05,Advance grocery clinic phone.,Rent,11556600,Expense
2020-05-05,Internet plan market taxi credit.,Rent,8341600,Expense
2020-05-05,Expert involve oil.,Health & Fitness,1237600,Expense
2020-05-05,Hotel regular business tax.,Investment,32977900,Income
2020-05-06,Purchase advance.,Food & Drink,2995300,Expense
2020-05-06,Special transfer.,Food & Drink,6949900,Expense
2020-05-06,Adjustment food pharmacy.,Travel,7567600,Expense
2020-05-06,Kid put memory soldier.,Utilities,1231900,Expense
2020-05-06,Exist professional.,Utilities,1463600,Expense
2020-05-06,Business travel budget gym package hotel package.,Other,32046900,Income
2020-05-06,Freelance discount gym advance balance restaurant.,Shopping,5869400,Expense
2020-05-07,Daily tax loan.,Shopping,10314300,Expense
2020-05-07,Stand seem.,Investment,38070000,Income
2020-05-07,Delivery plan.,Rent,5145800,Expense
2020-05-07,Internet flight market financial.,Entertainment,11916700,Expense
2020-05-08,Health internet adjustment deposit.,Rent,9623700,Expense
2020-05-08,Gym water.,Entertainment,11287200,Expense
2020-05-08,Loan digital account savings taxi delivery.,Other,36171200,Income
2020-05-08,Health discount support online.,Travel,7796500,Expense
2020-05-08,Shop purchase bus purchase business deal travel.,Health & Fitness,8973700,Expense
2020-05-08,Grocery adjustment gym utility regular.,Health & Fitness,9753400,Expense
2020-05-08,Financial bus business project.,Travel,8483300,Expense
2020-05-09,Taxi flight.,Other,37852600,Income
2020-05-09,Water transfer equipment.,Investment,36346000,Income
2020-05-09,App budget water regular annual hotel food.,Food & Drink,15637100,Expense
2020-05-09,Balance taxi shop.,Food & Drink,14868200,Expense
2020-05-09,Insurance reward electricity health package.,Utilities,11669200,Expense
2020-05-09,Gym package household hotel discount parking digital.,Entertainment,13788300,Expense
2020-05-09,Train purchase salary order.,Shopping,8159600,Expense
2020-05-10,Subscription grocery support.,Travel,11932400,Expense
2020-05-10,Pharmacy entertainment.,Investment,25373800,Income
2020-05-10,Taxi restaurant vendor parking premium.,Travel,6134700,Expense
2020-05-10,Household flight electricity internet.,Utilities,8935200,Expense
2020-05-10,App utility special.,Entertainment,19713200,Expense
2020-05-10,Travel payment.,Food & Drink,11786200,Expense
2020-05-10,Mortgage fee standard.,Entertainment,15694500,Expense
2020-05-10,Food material investment hospital mall credit.,Health & Fitness,9773300,Expense
2020-05-11,Southern challenge animal.,Investment,8250000,Income
2020-05-11,Priority purchase.,Other,17439300,Income
2020-05-11,Budget purchase loan delivery support network.,Salary,10770300,Income
2020-05-11,Delivery subscription train contract travel delivery.,Utilities,12779600,Expense
2020-05-11,Renewal automatic restaurant hospital gross balance hotel.,Utilities,14884700,Expense
2020-05-11,Clinic bus.,Other,33662300,Income
2020-05-11,Special tax account travel charge.,Investment,43320000,Income
2020-05-12,Daily vendor direct.,Utilities,8979100,Expense
2020-05-12,Booking weekly network client purchase travel.,Food & Drink,9757200,Expense
2020-05-12,Sure authority increase picture create.,Shopping,13181700,Expense
2020-05-12,System net freelance account.,Health & Fitness,15117100,Expense
2020-05-12,Insurance client flight purchase hotel special.,Travel,7278700,Expense
2020-05-12,Standard personal express special mall.,Other,23377500,Income
2020-05-12,Delivery express store daily.,Entertainment,8413100,Expense
2020-05-12,Payment transfer pending vendor.,Shopping,14676300,Expense
2020-05-12,Project clinic subscription deposit maintenance bill debit.,Food & Drink,5151500,Expense
2020-05-13,Hundred challenge reach throughout.,Health & Fitness,18700700,Expense
2020-05-13,System deal loan app.,Rent,16530500,Expense
2020-05-13,Fee business charge.,Investment,43366900,Income
2020-05-13,Market special platform maintenance order.,Utilities,13611200,Expense
2020-05-13,Flight automatic store project.,Shopping,11784600,Expense
2020-05-13,Premium personal adjustment market.,Health & Fitness,12798100,Expense
2020-05-14,Credit equipment financial discount monthly insurance taxi.,Utilities,16472800,Expense
2020-05-14,Despite sound receive let.,Health & Fitness,4849900,Expense
2020-05-14,Vendor total investment app market deposit.,Travel,6256900,Expense
2020-05-14,Order deposit plan adjustment service debit tools.,Other,48763500,Income
2020-05-14,Internet utility flight total.,Utilities,8204900,Expense
2020-05-14,Adjustment renewal vendor maintenance service support transfer.,Investment,49865900,Income
2020-05-15,Investment automatic water.,Travel,8024500,Expense
2020-05-15,Net savings project hardware maintenance.,Entertainment,6827200,Expense
2020-05-15,Economy mall flight client equipment special.,Salary,6986000,Income
2020-05-15,Electricity water entertainment health project water.,Shopping,12555800,Expense
2020-05-15,True building card.,Travel,9198800,Expense
2020-05-15,Shop interest daily taxi.,Utilities,8222900,Expense
2020-05-16,Insurance tax automatic water.,Utilities,4604300,Expense
2020-05-16,Entertainment deposit parking financial app.,Utilities,13916500,Expense
2020-05-16,Direct vendor annual monthly.,Utilities,2894800,Expense
2020-05-16,Account app management fuel.,Rent,10541100,Expense
2020-05-16,Equipment daily daily hotel express renewal pharmacy.,Utilities,6126400,Expense
2020-05-16,Household tools tax support software online.,Salary,17798100,Income
2020-05-16,Travel platform payment standard bill.,Travel,13621900,Expense
2020-05-16,Material client contract utility mall electricity.,Other,35262900,Income
2020-05-16,Write other wear through partner.,Rent,285400,Expense
2020-05-17,Hardware client balance health app processed account.,Salary,5915200,Income
2020-05-17,Package fuel mall mortgage system management.,Other,36923700,Income
2020-05-17,Mall annual account daily internet hardware.,Rent,17944500,Expense
2020-05-17,Automatic priority.,Salary,7663200,Income
2020-05-17,Store natural today season.,Rent,1557900,Expense
2020-05-17,Online system economy investment phone.,Salary,18725300,Income
2020-05-17,Account network order vendor premium.,Utilities,13893000,Expense
2020-05-17,Subscription food.,Health & Fitness,14567300,Expense
2020-05-18,Bus pharmacy tools.,Salary,14956400,Income
2020-05-18,Digital reward equipment total gym flight credit.,Travel,15514800,Expense
2020-05-18,Daily mortgage renewal project.,Salary,9314500,Income
2020-05-18,Project standard annual grocery economy loan financial.,Food & Drink,12043300,Expense
2020-05-18,Total health regular parking network bill.,Entertainment,17454300,Expense
2020-05-18,Balance health clinic investment project discount.,Shopping,2594100,Expense
2020-05-19,Balance travel.,Health & Fitness,5891400,Expense
2020-05-19,Else easy point she.,Travel,2735900,Expense
2020-05-19,Debit mortgage deal.,Rent,13197500,Expense
2020-05-19,Utility automatic.,Investment,6263600,Income
2020-05-19,Express daily insurance weekly mortgage budget.,Food & Drink,17345500,Expense
2020-05-19,Investment hotel discount project client transfer deposit.,Rent,10901700,Expense
2020-05-20,Maintenance freelance weekly support.,Food & Drink,6697300,Expense
2020-05-20,Network bill household shop maintenance savings interest.,Utilities,4359500,Expense
2020-05-20,Household digital budget economy restaurant.,Salary,11687800,Income
2020-05-20,Train transfer monthly platform adjustment.,Health & Fitness,8642400,Expense
2020-05-20,Network subscription discount adjustment processed hotel.,Utilities,8099800,Expense
2020-05-20,Utility payment platform tools taxi project.,Health & Fitness,5737300,Expense
2020-05-20,Discount vendor.,Rent,14116100,Expense
2020-05-20,Phone ever back experience.,Rent,17597500,Expense
2020-05-20,Entertainment health order.,Food & Drink,5554600,Expense
2020-05-20,Online food mortgage market annual deal insurance.,Investment,9134900,Income
2020-05-20,Travel parking balance hotel gross.,Other,40226600,Income
2020-05-21,Fee platform digital regular.,Investment,10404900,Income
2020-05-21,Grocery tools loan client business purchase.,Entertainment,11616500,Expense
2020-05-21,Automatic project client.,Utilities,8997000,Expense
2020-05-21,Floor music catch discuss.,Utilities,8819900,Expense
2020-05-21,Debit account special pharmacy service platform.,Food & Drink,15164300,Expense
2020-05-21,Pending booking store.,Utilities,16987900,Expense
2020-05-21,Market mortgage weekly credit annual clinic.,Health & Fitness,3401400,Expense
2020-05-21,Hotel direct.,Investment,29338600,Income
2020-05-22,Priority contract.,Rent,12416900,Expense
2020-05-22,Debit express renewal processed plan gym.,Food & Drink,7007600,Expense
2020-05-22,Premium train client utility train digital.,Other,24046000,Income
2020-05-22,Annual mall bonus contract processed utility gym.,Salary,12836600,Income
2020-05-22,Direct payment freelance.,Shopping,9844000,Expense
2020-05-23,Tax support train train equipment account interest.,Rent,10463100,Expense
2020-05-23,Restaurant vendor.,Investment,19145900,Income
2020-05-23,Standard clinic support priority renewal loan.,Entertainment,7622500,Expense
2020-05-24,Mall shop special payment transfer.,Rent,15421700,Expense
2020-05-24,Booking express.,Utilities,9246800,Expense
2020-05-24,Automatic daily.,Shopping,3862900,Expense
2020-05-25,Food train debit parking plan package grocery.,Other,32811600,Income
2020-05-25,Food system booking discount.,Entertainment,11298800,Expense
2020-05-25,Reward order personal monthly budget.,Other,8950900,Income
2020-05-25,Parking food.,Utilities,4672200,Expense
2020-05-25,Ask imagine my.,Travel,12272400,Expense
2020-05-25,Utility internet adjustment management debit bill.,Salary,3700900,Income
2020-05-25,Regular software net subscription.,Utilities,6856400,Expense
2020-05-25,System investment credit.,Investment,28698100,Income
2020-05-26,Subscription online online bonus.,Rent,8206400,Expense
2020-05-26,Fee system support regular.,Salary,7180200,Income
2020-05-26,Payment software water bus tax deposit platform.,Travel,13285100,Expense
2020-05-26,Electricity pharmacy charge standard fuel material.,Rent,10523900,Expense
2020-05-26,Invoice balance.,Investment,40183100,Income
2020-05-27,System market transfer taxi electricity regular.,Salary,13597100,Income
2020-05-27,Annual equipment daily platform.,Food & Drink,5908700,Expense
2020-05-27,Equipment pending package maintenance salary order.,Health & Fitness,1834700,Expense
2020-05-27,Electricity balance food tax network.,Entertainment,7064800,Expense
2020-05-27,Deal information.,Food & Drink,13390500,Expense
2020-05-28,Business monthly interest management vendor savings.,Shopping,16143800,Expense
2020-05-28,Network net.,Other,13581200,Income
2020-05-28,Task she.,Rent,18784700,Expense
2020-05-29,Insurance mortgage clinic.,Travel,17682500,Expense
2020-05-29,Travel household booking bonus.,Food & Drink,9292500,Expense
2020-05-29,Digital hospital special household annual.,Investment,45438800,Income
2020-05-29,App deal bill project bonus gym.,Travel,9312400,Expense
2020-05-29,Accept goal send table.,Investment,13760000,Income
2020-05-29,Project daily.,Food & Drink,11862300,Expense
2020-05-29,Personal client system.,Rent,4905500,Expense
2020-05-29,Internet mortgage grocery debit taxi.,Investment,33499600,Income
2020-05-29,Deal water project booking flight bill deal.,Food & Drink,14913600,Expense
2020-05-30,Section national owner determine detail.,Utilities,5519700,Expense
2020-05-31,Try wonder move trade.,Travel,10157600,Expense
2020-05-31,Regular train insurance.,Rent,17959200,Expense
2020-05-31,Ahead from quickly identify.,Health & Fitness,4151600,Expense
2020-05-31,Equipment daily bonus savings maintenance annual.,Travel,7312400,Expense
2020-05-31,Annual mall fuel pending system processed.,Travel,9853900,Expense
2020-05-31,Debit bill transfer renewal network tax premium.,Entertainment,12447400,Expense
2020-05-31,Salary fuel deal market regular clinic financial.,Utilities,6417800,Expense
2020-05-31,Purchase internet water budget salary monthly.,Investment,17908400,Income
2020-06-01,Total digital.,Utilities,2640800,Expense
2020-06-01,Invoice transfer travel grocery invoice.,Travel,9590500,Expense
2020-06-01,Management advance advance automatic.,Travel,5293400,Expense
2020-06-01,Base investment.,Food & Drink,1936700,Expense
2020-06-01,Tax market deposit utility.,Travel,11897400,Expense
2020-06-01,Credit bus interest.,Shopping,13587400,Expense
2020-06-01,Grocery clinic weekly investment maintenance.,Utilities,7352500,Expense
2020-06-02,Anyone here deep.,Travel,977300,Expense
2020-06-02,Budget service total insurance restaurant.,Salary,4674800,Income
2020-06-02,Utility fuel business adjustment debit.,Utilities,11863400,Expense
2020-06-02,Credit pharmacy.,Utilities,14132100,Expense
2020-06-02,Regular management gross internet.,Entertainment,2487800,Expense
2020-06-03,Order regular net net grocery purchase.,Entertainment,3905700,Expense
2020-06-03,Account freelance credit household bonus pharmacy total.,Investment,11716000,Income
2020-06-03,Equipment tools plan train project delivery.,Health & Fitness,7266300,Expense
2020-06-03,Entertainment deal.,Food & Drink,9744000,Expense
2020-06-03,Financial phone savings savings gym.,Utilities,10121300,Expense
2020-06-04,Advance plan premium charge vendor bus management.,Investment,36726800,Income
2020-06-04,Plan mortgage salary.,Health & Fitness,16294300,Expense
2020-06-04,Renewal mall.,Health & Fitness,7907200,Expense
2020-06-04,Salary payment.,Entertainment,9077700,Expense
2020-06-04,Package gross clinic priority app advance special.,Travel,7004800,Expense
2020-06-04,Service automatic.,Entertainment,9093700,Expense
2020-06-04,Household priority purchase online clinic store annual.,Health & Fitness,12332700,Expense
2020-06-04,Deal invoice discount hospital order.,Entertainment,15925400,Expense
2020-06-05,Travel management contract.,Investment,29503700,Income
2020-06-05,Fuel fuel service economy software project.,Investment,35778400,Income
2020-06-05,Seven here sell story.,Utilities,12778600,Expense
2020-06-05,Budget financial hotel salary insurance entertainment.,Utilities,8707600,Expense
2020-06-05,Platform payment.,Rent,17561300,Expense
2020-06-06,Budget invoice special economy loan adjustment app.,Travel,14382500,Expense
2020-06-06,Like see.,Salary,11078400,Income
2020-06-06,Equipment economy hardware pending adjustment digital.,Health & Fitness,17279400,Expense
2020-06-06,Credit weekly.,Investment,48698800,Income
2020-06-06,Regular regular shop vendor.,Shopping,9191200,Expense
2020-06-06,Online software project pharmacy balance material project.,Health & Fitness,7628400,Expense
2020-06-06,Invoice advance travel clinic.,Investment,29553600,Income
2020-06-06,Invoice digital.,Rent,9905200,Expense
2020-06-07,Order investment system phone delivery.,Entertainment,12431900,Expense
2020-06-07,Renewal booking salary fee.,Food & Drink,8375000,Expense
2020-06-07,Travel network monthly hotel premium restaurant.,Travel,1806800,Expense
2020-06-07,Difference attention whatever american.,Food & Drink,2326300,Expense
2020-06-07,Standard internet transfer account order clinic annual.,Health & Fitness,5184200,Expense
2020-06-08,Processed health freelance transfer gross entertainment.,Investment,31617100,Income
2020-06-08,Health net renewal electricity.,Travel,8595000,Expense
2020-06-08,Network hotel contract priority.,Travel,12247700,Expense
2020-06-08,Current after charge.,Utilities,10957200,Expense
2020-06-08,Net fee.,Travel,11363600,Expense
2020-06-09,Processed discount service package account net personal.,Other,17929400,Income
2020-06-09,Paper white responsibility.,Other,8260000,Income
2020-06-09,Digital shop mortgage loan.,Food & Drink,8525400,Expense
2020-06-09,Daily equipment freelance.,Travel,12164000,Expense
2020-06-09,Software balance software advance monthly.,Utilities,1113800,Expense
2020-06-09,Store plan shop contract.,Utilities,2928700,Expense
2020-06-09,Prove nor design record.,Utilities,8652800,Expense
2020-06-09,Credit shop payment shop.,Other,39070700,Income
2020-06-09,Order express insurance booking.,Utilities,1003300,Expense
2020-06-10,Renewal support bonus subscription.,Food & Drink,8345600,Expense
2020-06-10,Transfer parking monthly credit fuel shop discount.,Utilities,13055000,Expense
2020-06-10,Charge balance express.,Food & Drink,17869600,Expense
2020-06-10,Investment express gross project deal deal.,Rent,8167500,Expense
2020-06-10,Walk cup option store.,Health & Fitness,15624300,Expense
2020-06-10,Blue agent find.,Entertainment,13673100,Expense
2020-06-10,Online savings automatic shop.,Utilities,9005600,Expense
2020-06-10,Direct flight order charge.,Rent,10874500,Expense
2020-06-10,Economy equipment bonus phone pending mall insurance.,Health & Fitness,7013000,Expense
2020-06-10,Package business.,Investment,42999200,Income
2020-06-11,Plan household project entertainment.,Utilities,6417000,Expense
2020-06-11,Site girl into have media.,Entertainment,17305700,Expense
2020-06-11,Monthly project health advance personal mortgage pending.,Salary,1453200,Income
2020-06-11,Recent feeling.,Shopping,19479400,Expense
2020-06-11,Transfer bill subscription adjustment tax total mortgage.,Shopping,7505400,Expense
2020-06-11,Premium invoice balance deal.,Rent,6942100,Expense
2020-06-11,Deal debit invoice.,Health & Fitness,3865800,Expense
2020-06-11,Balance direct invoice credit standard pharmacy app.,Shopping,17946000,Expense
2020-06-11,Household freelance savings bus.,Food & Drink,10226400,Expense
2020-06-12,Total invoice contract equipment.,Health & Fitness,4737400,Expense
2020-06-12,Utility hospital parking.,Utilities,6616500,Expense
2020-06-12,Gross annual bus clinic express parking.,Shopping,6433700,Expense
2020-06-12,Clinic gross.,Food & Drink,9835000,Expense
2020-06-12,Store digital payment bonus express equipment.,Investment,19770100,Income
2020-06-12,Support state.,Utilities,17640200,Expense
2020-06-12,Personal adjustment.,Other,35301200,Income
2020-06-13,Discount online digital entertainment direct.,Entertainment,11019800,Expense
2020-06-13,Clinic freelance monthly utility service delivery.,Entertainment,14396300,Expense
2020-06-13,Mall bill tools charge.,Salary,8848600,Income
2020-06-13,Salary network.,Investment,13431200,Income
2020-06-14,Electricity adjustment software delivery internet premium.,Food & Drink,9621300,Expense
2020-06-14,Business freelance.,Utilities,349100,Expense
2020-06-14,Flight gross financial net contract.,Salary,10881700,Income
2020-06-14,Whether player stock religious.,Other,38720000,Income
2020-06-14,Market loan online.,Rent,7489100,Expense
2020-06-15,Safe whole establish.,Entertainment,5409400,Expense
2020-06-15,Material system.,Salary,16783400,Income
2020-06-15,Maintenance weekly grocery phone daily.,Other,33543200,Income
2020-06-15,Food charge.,Health & Fitness,10171600,Expense
2020-06-15,Standard automatic automatic.,Entertainment,12644500,Expense
2020-06-16,Payment phone maintenance budget weekly.,Utilities,718300,Expense
2020-06-16,Payment tools fuel economy travel transfer.,Utilities,281200,Expense
2020-06-16,Processed equipment premium.,Shopping,11638400,Expense
2020-06-16,Payment salary tax grocery app.,Utilities,11268400,Expense
2020-06-16,Taxi train market flight.,Rent,1520800,Expense
2020-06-16,Deposit annual personal transfer material.,Entertainment,17749600,Expense
2020-06-16,Electricity tools delivery hospital tax financial business.,Travel,16904700,Expense
2020-06-16,Bonus annual purchase processed mall restaurant water.,Rent,8140100,Expense
2020-06-16,Deposit order processed.,Health & Fitness,8389600,Expense
2020-06-16,Entertainment balance gym water management.,Utilities,4333200,Expense
2020-06-16,Premium interest delivery hardware.,Health & Fitness,15958500,Expense
2020-06-17,Regular vendor economy invoice.,Shopping,12525200,Expense
2020-06-17,Equipment food daily advance daily parking weekly.,Food & Drink,4380800,Expense
2020-06-17,Priority total material.,Travel,6738600,Expense
2020-06-17,Pending client total purchase daily.,Rent,12128400,Expense
2020-06-17,Investment annual phone system package vendor online.,Utilities,6045600,Expense
2020-06-17,Food plan vendor total equipment.,Travel,14969900,Expense
2020-06-17,Household food premium tools.,Rent,12912600,Expense
2020-06-17,Material entertainment total grocery flight household.,Entertainment,16520800,Expense
2020-06-18,Everything late.,Other,23220000,Income
2020-06-18,Bill food software.,Shopping,14271600,Expense
2020-06-18,Electricity standard shop.,Food & Drink,8305100,Expense
2020-06-18,Water system.,Travel,13252600,Expense
2020-06-18,Let stay or focus.,Rent,7712600,Expense
2020-06-18,Particular her agreement surface consider.,Other,33640000,Income
2020-06-18,Freelance budget management equipment.,Utilities,2827700,Expense
2020-06-18,Train train tax annual processed delivery bonus.,Utilities,12295400,Expense
2020-06-19,Something future they red.,Entertainment,4536200,Expense
2020-06-19,Taxi electricity transfer equipment charge debit.,Health & Fitness,17089700,Expense
2020-06-19,Support renewal automatic online order hardware app.,Travel,6121700,Expense
2020-06-19,Reward booking mall salary personal food.,Investment,13456700,Income
2020-06-19,Regular account pending clinic fee.,Investment,22880200,Income
2020-06-19,Act way beat result major.,Shopping,6632400,Expense
2020-06-20,Mortgage special online health online regular bus.,Rent,5405600,Expense
2020-06-20,Network package reward platform purchase.,Food & Drink,7702900,Expense
2020-06-20,Market salary regular app water.,Investment,15782800,Income
2020-06-20,Standard internet bill business hotel.,Food & Drink,11178600,Expense
2020-06-20,Utility software discount financial travel.,Other,12734900,Income
2020-06-20,Financial restaurant weekly charge.,Travel,8476400,Expense
2020-06-21,Taxi grocery client fuel.,Travel,3795100,Expense
2020-06-21,Premium pharmacy online shop adjustment account.,Entertainment,5539500,Expense
2020-06-21,Insurance internet health.,Salary,9005200,Income
2020-06-21,Pharmacy gym hospital travel project.,Utilities,15454700,Expense
2020-06-21,Position make society behavior.,Travel,7087800,Expense
2020-06-21,Credit investment flight.,Other,15875100,Income
2020-06-21,Reality fill ok list.,Health & Fitness,18790800,Expense
2020-06-21,Renewal direct invoice hotel tax priority.,Other,26184800,Income
2020-06-21,Insurance gym restaurant account processed express.,Other,24080400,Income
2020-06-21,Salary annual household fee deposit business advance.,Salary,15127900,Income
2020-06-22,Salary fuel electricity shop grocery premium utility.,Rent,11583600,Expense
2020-06-22,Edge building court.,Travel,861300,Expense
2020-06-22,Pending store.,Utilities,4420200,Expense
2020-06-22,International second former reflect.,Other,19620000,Income
2020-06-22,Market annual.,Other,34186900,Income
2020-06-23,Discount transfer investment.,Travel,19427600,Expense
2020-06-23,Insurance transfer water flight material investment.,Utilities,1385200,Expense
2020-06-23,Standard loan bus economy.,Entertainment,7131300,Expense
2020-06-23,Bill adjustment account gym.,Health & Fitness,1852400,Expense
2020-06-23,Direct management.,Salary,18816000,Income
2020-06-23,Pharmacy travel bus equipment bonus financial.,Food & Drink,14456500,Expense
2020-06-23,Digital tools equipment digital.,Food & Drink,10370800,Expense
2020-06-23,Vendor daily interest gym advance investment.,Investment,25811700,Income
2020-06-23,Annual plan invoice mall water gym clinic.,Entertainment,13260200,Expense
2020-06-24,Tools software online.,Shopping,8429000,Expense
2020-06-24,Business network mall transfer.,Shopping,8433000,Expense
2020-06-24,Balance reward household direct network parking plan.,Utilities,12578500,Expense
2020-06-24,Gross bonus weekly plan market.,Salary,1708900,Income
2020-06-24,Week real course school everybody.,Health & Fitness,14598000,Expense
2020-06-24,Taxi tax utility.,Utilities,7395600,Expense
2020-06-24,Taxi market client interest plan regular reward.,Rent,3611200,Expense
2020-06-24,Software water express.,Other,24349000,Income
2020-06-25,Express annual transfer support food tools.,Utilities,4595800,Expense
2020-06-25,System project financial travel deal health freelance.,Health & Fitness,7457300,Expense
2020-06-25,Booking budget priority order network.,Salary,12061800,Income
2020-06-25,Annual deposit budget tools.,Investment,39402900,Income
2020-06-25,Balance tax.,Food & Drink,18306400,Expense
2020-06-26,Premium entertainment support flight purchase mortgage.,Shopping,9958000,Expense
2020-06-26,Digital invoice fuel entertainment weekly insurance processed.,Investment,21340800,Income
2020-06-26,Priority interest freelance premium hospital express entertainment.,Health & Fitness,9635200,Expense
2020-06-26,Priority restaurant gym client.,Other,20507000,Income
2020-06-26,Order personal package business.,Other,24804900,Income
2020-06-27,Transfer hospital insurance monthly health clinic.,Entertainment,6818000,Expense
2020-06-27,Plan priority.,Entertainment,10171400,Expense
2020-06-27,Priority client weekly deal insurance network health.,Investment,35255600,Income
2020-06-27,Tools online online.,Utilities,11210400,Expense
2020-06-27,Daily investment equipment grocery.,Rent,19016900,Expense
2020-06-27,Package network gym.,Travel,12497500,Expense
2020-06-27,Contract booking subscription platform client annual.,Utilities,3050300,Expense
2020-06-28,Order tools.,Travel,10747600,Expense
2020-06-28,Market business direct pharmacy delivery fee.,Travel,12577600,Expense
2020-06-28,Parking utility project system.,Salary,7389500,Income
2020-06-28,Booking tax.,Utilities,15490000,Expense
2020-06-28,App budget priority invoice package monthly invoice.,Health & Fitness,6828700,Expense
2020-06-28,Freelance service.,Travel,9738400,Expense
2020-06-28,Equipment taxi tax.,Investment,9590100,Income
2020-06-28,Clinic regular investment store total fee.,Entertainment,10881200,Expense
2020-06-28,Insurance taxi parking delivery pharmacy charge bonus.,Utilities,8545300,Expense
2020-06-28,Bonus entertainment special delivery annual.,Utilities,14912600,Expense
2020-06-29,Deal special health premium.,Shopping,14367000,Expense
2020-06-29,Hotel discount pharmacy bonus.,Salary,11644800,Income
2020-06-29,Economy insurance credit electricity personal personal.,Investment,39520700,Income
2020-06-29,Store platform market app.,Salary,10695400,Income
2020-06-29,Advance pharmacy software business.,Rent,6519100,Expense
2020-06-30,Call animal approach factor want.,Travel,983300,Expense
2020-06-30,Executive beyond create dinner conference.,Rent,7765400,Expense
2020-06-30,System equipment reward payment digital support grocery.,Investment,15917100,Income
2020-06-30,Direct gym loan.,Health & Fitness,11786400,Expense
2020-07-01,Total priority pending reward.,Entertainment,9568500,Expense
2020-07-01,Flight client weekly pharmacy network digital.,Travel,9185500,Expense
2020-07-01,Savings interest hardware.,Shopping,7946400,Expense
2020-07-01,Software subscription weekly parking.,Rent,15488900,Expense
2020-07-01,Financial material project monthly.,Rent,15015600,Expense
2020-07-02,Project loan software deal plan monthly budget.,Investment,35967100,Income
2020-07-02,Material subscription parking.,Food & Drink,15263000,Expense
2020-07-02,Their off.,Entertainment,7348000,Expense
2020-07-02,System train.,Other,10452100,Income
2020-07-02,Business monthly clinic premium regular.,Shopping,6277100,Expense
2020-07-03,Plan order support charge deposit deal parking.,Entertainment,18043000,Expense
2020-07-03,Payment subscription network.,Food & Drink,11845700,Expense
2020-07-03,Network train financial mortgage.,Health & Fitness,11960900,Expense
2020-07-03,Deal restaurant tools savings.,Health & Fitness,14432000,Expense
2020-07-03,Material water clinic annual bill salary business.,Utilities,13617600,Expense
2020-07-03,Key continue anything wait.,Other,30710000,Income
2020-07-03,Business order freelance.,Food & Drink,9757700,Expense
2020-07-03,Advance special invoice software fuel purchase.,Rent,8294000,Expense
2020-07-03,Hardware parking.,Entertainment,13168900,Expense
2020-07-04,Fee budget vendor standard water standard standard.,Utilities,6493400,Expense
2020-07-04,Account gym.,Travel,16822000,Expense
2020-07-04,State husband.,Rent,14423100,Expense
2020-07-05,Investment debit.,Shopping,4196400,Expense
2020-07-05,Budget invoice business bill digital phone pharmacy.,Entertainment,7888800,Expense
2020-07-05,Picture approach chance none fight.,Travel,13371200,Expense
2020-07-05,Utility daily priority discount fee online.,Shopping,3103000,Expense
2020-07-05,Monthly annual tax mall network weekly management.,Investment,25429000,Income
2020-07-05,Clinic total hardware package.,Shopping,6089800,Expense
2020-07-05,Reward internet plan mortgage.,Travel,8381200,Expense
2020-07-06,Digital platform net charge reward gross economy.,Investment,30855200,Income
2020-07-06,Vendor food deal.,Travel,11519300,Expense
2020-07-06,Financial direct equipment tax savings fee.,Other,48150300,Income
2020-07-06,Parking mortgage equipment standard pending service.,Entertainment,6901100,Expense
2020-07-06,Herself training father open investment.,Other,19250000,Income
2020-07-06,Newspaper indicate other.,Travel,11132800,Expense
2020-07-06,Payment charge internet balance.,Salary,1238100,Income
2020-07-06,Savings service economy standard charge deposit interest.,Rent,6015500,Expense
2020-07-06,Package utility store.,Food & Drink,10434000,Expense
2020-07-07,Renewal discount charge package.,Entertainment,6445900,Expense
2020-07-07,Priority fee hotel hotel equipment.,Entertainment,6073200,Expense
2020-07-07,Bonus software standard tax direct service annual.,Entertainment,5288000,Expense
2020-07-07,Train adjustment.,Health & Fitness,2808300,Expense
2020-07-07,Charge app priority savings discount monthly.,Utilities,1054100,Expense
2020-07-07,Gross payment.,Shopping,17329700,Expense
2020-07-08,Net grocery discount purchase reward hospital.,Salary,7695000,Income
2020-07-08,Insurance charge hardware package financial.,Food & Drink,4597200,Expense
2020-07-08,Art whether between several personal.,Travel,8180900,Expense
2020-07-08,Phone business daily debit reward.,Travel,2474100,Expense
2020-07-08,Online booking app premium standard weekly.,Other,29078800,Income
2020-07-09,Deal daily invoice total.,Shopping,13440400,Expense
2020-07-09,Material water software clinic pharmacy.,Food & Drink,18048000,Expense
2020-07-09,Deal market entertainment.,Travel,13121900,Expense
2020-07-09,Gross weekly renewal priority purchase online hotel.,Travel,14471000,Expense
2020-07-09,Train net advance regular health package.,Travel,8042500,Expense
2020-07-09,Adjustment software electricity premium.,Entertainment,13036600,Expense
2020-07-09,Household bus.,Travel,6880000,Expense
2020-07-09,Plan household.,Salary,7161300,Income
2020-07-10,Savings discount purchase.,Travel,4557100,Expense
2020-07-10,Parking network discount gross.,Food & Drink,14692800,Expense
2020-07-10,Platform vendor client monthly shop daily.,Food & Drink,4557500,Expense
2020-07-10,Tax tools priority processed clinic health salary.,Other,35024100,Income
2020-07-10,Business client monthly fuel charge support.,Shopping,12220000,Expense
2020-07-10,Support fee bus.,Health & Fitness,5351400,Expense
2020-07-10,Bus mall.,Travel,2841400,Expense
2020-07-11,Train grocery bus fee.,Shopping,18568900,Expense
2020-07-11,Church community.,Travel,5809600,Expense
2020-07-12,Priority pharmacy account.,Investment,37787100,Income
2020-07-12,Bonus food purchase invoice daily.,Food & Drink,9597100,Expense
2020-07-12,Fee business monthly management.,Health & Fitness,7255400,Expense
2020-07-12,Phone maintenance electricity.,Entertainment,12049900,Expense
2020-07-12,Total business train.,Travel,6189400,Expense
2020-07-12,Able late order.,Health & Fitness,9353300,Expense
2020-07-12,Discuss religious.,Entertainment,10272400,Expense
2020-07-12,Charge freelance debit delivery.,Travel,11854000,Expense
2020-07-12,Network renewal electricity platform salary premium.,Other,41221300,Income
2020-07-13,Savings gross.,Other,35408600,Income
2020-07-13,Weekly insurance.,Rent,3640600,Expense
2020-07-13,Direct interest renewal project.,Health & Fitness,5566100,Expense
2020-07-13,Personal mall store.,Health & Fitness,4790800,Expense
2020-07-13,Bonus mall clinic package direct adjustment.,Travel,17303500,Expense
2020-07-13,Budget economy direct tax hardware service weekly.,Entertainment,14492000,Expense
2020-07-13,Reach under.,Utilities,13211100,Expense
2020-07-14,Budget discount invoice fuel.,Shopping,11070800,Expense
2020-07-14,Debit tax food food budget reward.,Shopping,10831200,Expense
2020-07-14,Material service fee equipment.,Other,23723900,Income
2020-07-14,Tax daily.,Salary,11357700,Income
2020-07-14,Loan budget hospital digital management.,Shopping,8430900,Expense
2020-07-14,Material shop deposit internet market.,Shopping,11258200,Expense
2020-07-15,System salary parking weekly direct weekly.,Shopping,10123100,Expense
2020-07-15,Delivery management regular salary store budget clinic.,Rent,13472100,Expense
2020-07-15,Deal total internet mortgage mall.,Travel,7993100,Expense
2020-07-15,Weekly gym special monthly.,Travel,12680000,Expense
2020-07-15,Renewal market account insurance gym total.,Rent,12487300,Expense
2020-07-15,App purchase.,Food & Drink,15155600,Expense
2020-07-15,Financial interest management freelance pharmacy special.,Shopping,7814100,Expense
2020-07-16,Adjustment mortgage market.,Rent,6932500,Expense
2020-07-16,Salary tax.,Travel,9707800,Expense
2020-07-16,Invoice maintenance booking freelance charge budget train.,Salary,3402000,Income
2020-07-16,Flight management restaurant plan maintenance plan.,Health & Fitness,14997900,Expense
2020-07-16,Loan freelance contract reward.,Health & Fitness,8687200,Expense
2020-07-16,Bill advance.,Food & Drink,8685800,Expense
2020-07-17,Boy different chance enter.,Health & Fitness,1958400,Expense
2020-07-17,Deposit automatic insurance tax.,Food & Drink,3877600,Expense
2020-07-17,Plan mall processed booking charge charge.,Shopping,8998400,Expense
2020-07-17,Online electricity food.,Travel,11689800,Expense
2020-07-17,Plan market project financial hardware budget annual.,Other,25385400,Income
2020-07-17,Reward account food bus.,Food & Drink,11835200,Expense
2020-07-18,Household account advance online gym.,Travel,5505100,Expense
2020-07-18,Project system weekly health standard transfer annual.,Rent,3839800,Expense
2020-07-18,Weekly management hardware management.,Investment,11417700,Income
2020-07-18,Store hotel.,Food & Drink,15397500,Expense
2020-07-18,Balance platform direct fuel discount.,Salary,7108000,Income
2020-07-18,Annual monthly.,Rent,10428600,Expense
2020-07-18,Support vendor debit savings fuel debit transfer.,Investment,21407900,Income
2020-07-18,Pending entertainment app tools bonus system.,Rent,15030900,Expense
2020-07-19,Adjustment gym bill standard water standard.,Other,16306600,Income
2020-07-19,Financial project processed financial processed.,Rent,6084800,Expense
2020-07-19,Utility freelance service pending food pending material.,Investment,22480100,Income
2020-07-19,Internet contract purchase bonus client entertainment taxi.,Food & Drink,17289800,Expense
2020-07-19,Mall transfer personal priority regular pharmacy.,Shopping,15054400,Expense
2020-07-19,Software freelance interest.,Health & Fitness,12894400,Expense
2020-07-19,Support shop grocery net internet.,Food & Drink,10588700,Expense
2020-07-20,Management reward discount gross.,Entertainment,6031500,Expense
2020-07-20,Management priority automatic payment insurance equipment.,Investment,29529800,Income
2020-07-20,Entertainment purchase monthly business standard discount.,Entertainment,3809300,Expense
2020-07-20,Arrive society.,Entertainment,13488600,Expense
2020-07-20,Delivery order economy pharmacy.,Health & Fitness,15630500,Expense
2020-07-20,Travel total renewal adjustment.,Utilities,3251400,Expense
2020-07-21,Express mortgage software total monthly material.,Food & Drink,15419500,Expense
2020-07-21,Keep light fight.,Entertainment,3032300,Expense
2020-07-21,Matter management ball.,Other,10960000,Income
2020-07-22,Support investment hotel account.,Salary,4414700,Income
2020-07-22,Week yourself public especially american.,Shopping,4955300,Expense
2020-07-22,Same page ago director.,Entertainment,14395100,Expense
2020-07-22,Payment package tools store advance bill utility.,Health & Fitness,5367600,Expense
2020-07-22,Digital tools phone fuel project insurance entertainment.,Utilities,10504500,Expense
2020-07-22,App reward credit.,Entertainment,13790000,Expense
2020-07-22,Million kind everything young.,Food & Drink,17863900,Expense
2020-07-23,Why like impact fly.,Rent,15590600,Expense
2020-07-23,Bill train software equipment client bill fee.,Other,8182500,Income
2020-07-23,Savings digital priority.,Salary,19786500,Income
2020-07-23,Premium travel premium hardware.,Rent,4470500,Expense
2020-07-23,System fuel premium platform.,Rent,5357000,Expense
2020-07-23,Economy processed monthly express freelance investment debit.,Investment,25944700,Income
2020-07-23,Loan phone.,Food & Drink,10010400,Expense
2020-07-23,Entertainment invoice business system financial management project.,Investment,44781700,Income
2020-07-24,Priority discount order gross payment.,Rent,2154000,Expense
2020-07-24,Processed reward parking gross.,Salary,19918800,Income
2020-07-24,Bonus fuel booking hardware material annual annual.,Rent,13834200,Expense
2020-07-24,Annual loan annual.,Entertainment,10872200,Expense
2020-07-24,Form really explain.,Salary,1099300,Income
2020-07-24,Financial food.,Rent,10825800,Expense
2020-07-24,Balance debit delivery loan salary restaurant.,Health & Fitness,12273000,Expense
2020-07-24,Food interest advance parking purchase.,Rent,10250300,Expense
2020-07-25,Deposit tools.,Investment,17909400,Income
2020-07-25,Loan discount.,Utilities,2994700,Expense
2020-07-25,Budget gym taxi fee.,Travel,15138200,Expense
2020-07-26,Budget food fuel renewal budget.,Food & Drink,18923200,Expense
2020-07-26,Hospital grocery daily financial.,Salary,4536400,Income
2020-07-26,Taxi vendor tools deal project.,Utilities,3724200,Expense
2020-07-26,Food adjustment.,Utilities,17302300,Expense
2020-07-26,Insurance software reward mall account.,Entertainment,6152500,Expense
2020-07-26,Investment business payment interest project clinic parking.,Salary,9989400,Income
2020-07-26,Client health.,Travel,8465300,Expense
2020-07-26,Priority deal maintenance client delivery premium hospital.,Food & Drink,13108400,Expense
2020-07-27,Bus internet.,Food & Drink,6314100,Expense
2020-07-27,Fee interest electricity.,Entertainment,10807700,Expense
2020-07-27,Direct entertainment market renewal gross priority grocery.,Salary,6045200,Income
2020-07-27,Health priority booking pharmacy subscription.,Health & Fitness,3874800,Expense
2020-07-27,Software direct deal package subscription.,Utilities,9950100,Expense
2020-07-28,Travel order automatic management restaurant.,Salary,17249800,Income
2020-07-28,Payment direct grocery advance flight.,Entertainment,9568300,Expense
2020-07-28,Price my.,Health & Fitness,19005800,Expense
2020-07-28,Business client direct.,Utilities,13658100,Expense
2020-07-28,Already because education break significant.,Rent,9183600,Expense
2020-07-28,Insurance priority insurance.,Health & Fitness,14550300,Expense
2020-07-28,Food material account tax taxi grocery health.,Other,25842400,Income
2020-07-28,Reward order system.,Travel,3230000,Expense
2020-07-28,Renewal adjustment standard net support.,Investment,31380700,Income
2020-07-29,Charge savings.,Investment,24599000,Income
2020-07-29,Service platform.,Entertainment,11361100,Expense
2020-07-29,Package renewal.,Shopping,9932300,Expense
2020-07-29,Support taxi market transfer hospital.,Salary,2949800,Income
2020-07-29,Pending project daily automatic booking booking service.,Salary,11828400,Income
2020-07-29,Project premium.,Investment,45950100,Income
2020-07-29,Platform bill system budget freelance.,Shopping,7938400,Expense
2020-07-29,Could gun.,Shopping,16628300,Expense
2020-07-30,Express savings.,Salary,6703700,Income
2020-07-30,Savings entertainment vendor invoice direct daily.,Salary,312500,Income
2020-07-30,Utility direct bus economy.,Other,15730600,Income
2020-07-30,Weekly standard deal.,Investment,31794700,Income
2020-07-30,Plan express economy savings daily.,Salary,15326200,Income
2020-07-30,Kind appear environment capital explain.,Utilities,14898700,Expense
2020-07-30,Discount electricity processed processed premium net client.,Shopping,14167000,Expense
2020-07-30,Total mall automatic tools client project hospital.,Salary,9271900,Income
2020-07-31,Management mall.,Utilities,8455000,Expense
2020-07-31,Ahead picture son.,Travel,15060400,Expense
2020-07-31,Software plan network gross budget.,Shopping,9747300,Expense
2020-07-31,Renewal digital premium order savings mall app.,Rent,10632600,Expense
2020-08-01,Service insurance express priority.,Shopping,4178900,Expense
2020-08-01,Water positive child usually.,Entertainment,5564500,Expense
2020-08-01,Adjustment direct economy client.,Entertainment,11163600,Expense
2020-08-01,Grocery hotel.,Food & Drink,18391000,Expense
2020-08-01,Reward adjustment mortgage water.,Health & Fitness,12987200,Expense
2020-08-01,Relate indeed lot line lead.,Other,24200000,Income
2020-08-01,Transfer processed mortgage internet train purchase.,Entertainment,9328500,Expense
2020-08-01,Nearly need behavior.,Travel,15339700,Expense
2020-08-01,Taxi adjustment discount project bus.,Salary,14136500,Income
2020-08-01,Package insurance bus balance.,Travel,14817700,Expense
2020-08-01,Insurance bus package.,Entertainment,9811100,Expense
2020-08-02,Delivery pending equipment hotel.,Shopping,1818700,Expense
2020-08-02,Service system standard.,Shopping,8447500,Expense
2020-08-02,Material deal parking economy automatic.,Rent,11505200,Expense
2020-08-02,Priority tax credit savings train platform discount.,Other,48506800,Income
2020-08-02,Train electricity economy vendor support utility client.,Utilities,5451200,Expense
2020-08-02,Flight total booking deal.,Rent,10827600,Expense
2020-08-02,Flight bonus processed health.,Investment,15044900,Income
2020-08-02,Renewal deposit hardware monthly.,Health & Fitness,11462200,Expense
2020-08-02,Course out second carry.,Health & Fitness,17871200,Expense
2020-08-03,Store gross financial.,Investment,36542600,Income
2020-08-03,Tax phone.,Utilities,9977100,Expense
2020-08-03,Taxi food shop plan charge order.,Salary,11146500,Income
2020-08-03,Significant take future.,Investment,23940000,Income
2020-08-03,Budget internet train standard maintenance adjustment freelance.,Food & Drink,8093800,Expense
2020-08-04,Health invoice restaurant.,Entertainment,15121400,Expense
2020-08-04,Store investment delivery contract phone monthly.,Entertainment,16562000,Expense
2020-08-04,Charge hospital bonus processed.,Rent,11116400,Expense
2020-08-04,Interest project phone.,Rent,4735500,Expense
2020-08-04,Star executive fear.,Utilities,14157700,Expense
2020-08-04,Help usually thank wonder draw.,Shopping,1339100,Expense
2020-08-04,Your majority chance mrs generation.,Other,32100000,Income
2020-08-04,Loan budget adjustment flight service entertainment.,Investment,45292800,Income
2020-08-04,Priority economy utility budget budget special.,Rent,6257000,Expense
2020-08-05,Task improve fish.,Shopping,18106300,Expense
2020-08-05,History professional star wonder.,Food & Drink,17149000,Expense
2020-08-05,Mall renewal food balance.,Utilities,5458800,Expense
2020-08-05,Electricity pending freelance train fee.,Salary,6807000,Income
2020-08-05,Restaurant daily.,Shopping,8928000,Expense
2020-08-06,Standard package travel account hardware salary.,Rent,8962200,Expense
2020-08-06,Business phone budget store store deal.,Other,19068700,Income
2020-08-06,Call whole.,Shopping,9591900,Expense
2020-08-06,Deal delivery plan vendor flight client.,Health & Fitness,12901300,Expense
2020-08-06,Pending fuel transfer hotel discount bus hospital.,Investment,12162800,Income
2020-08-06,Flight budget mortgage.,Utilities,996700,Expense
2020-08-07,Booking business personal.,Travel,7173400,Expense
2020-08-07,Interest savings invoice budget.,Salary,2744800,Income
2020-08-07,Balance discount bonus.,Travel,12789200,Expense
2020-08-07,Freelance automatic market software online mall special.,Travel,8075900,Expense
2020-08-07,Train personal bill payment investment transfer delivery.,Rent,14716500,Expense
2020-08-08,Online hardware tools renewal support savings bonus.,Salary,12153400,Income
2020-08-08,Personal hotel investment transfer.,Entertainment,8651800,Expense
2020-08-08,Train automatic project vendor invoice.,Other,36499500,Income
2020-08-08,Them key.,Travel,15094200,Expense
2020-08-08,Address century that wide.,Shopping,10810600,Expense
2020-08-09,Taxi vendor parking.,Utilities,4161500,Expense
2020-08-09,Entertainment pharmacy express project.,Utilities,3111700,Expense
2020-08-09,Travel personal premium.,Investment,42708300,Income
2020-08-09,Entertainment household.,Utilities,7070500,Expense
2020-08-09,Sit enter perhaps however.,Entertainment,9815800,Expense
2020-08-09,Standard purchase financial contract plan premium fee.,Other,12447200,Income
2020-08-09,Client taxi store.,Food & Drink,12854500,Expense
2020-08-09,Travel internet project clinic maintenance contract plan.,Shopping,9979400,Expense
2020-08-10,Support debit maintenance financial.,Investment,25201800,Income
2020-08-10,Shop priority.,Salary,3494200,Income
2020-08-10,Health premium freelance.,Food & Drink,17146600,Expense
2020-08-11,Pending bus interest hotel savings.,Rent,12126000,Expense
2020-08-11,Account freelance.,Entertainment,10522200,Expense
2020-08-11,Priority purchase digital standard advance.,Utilities,14458600,Expense
2020-08-11,Fee vendor plan purchase credit hospital water.,Health & Fitness,5206400,Expense
2020-08-11,Personal clinic.,Food & Drink,12720900,Expense
2020-08-11,Entertainment total adjustment weekly regular package service.,Entertainment,4782900,Expense
2020-08-11,Salary hospital transfer.,Travel,10077300,Expense
2020-08-11,Personal priority discount.,Health & Fitness,12242000,Expense
2020-08-12,Order direct loan entertainment daily reward.,Other,34372900,Income
2020-08-12,Bus contract phone taxi bill food savings.,Food & Drink,1664300,Expense
2020-08-12,Gross grocery advance.,Salary,5158500,Income
2020-08-12,Monthly order bonus loan weekly.,Travel,13955800,Expense
2020-08-12,Grocery freelance food parking priority.,Travel,12163700,Expense
2020-08-12,Charge business tax gym premium.,Entertainment,5808300,Expense
2020-08-12,Hospital electricity transfer food delivery restaurant travel.,Salary,5307800,Income
2020-08-12,Taxi interest pending digital tools.,Health & Fitness,13190000,Expense
2020-08-13,Parking client.,Utilities,13376400,Expense
2020-08-13,System teacher here first.,Salary,677600,Income
2020-08-13,Subscription debit network mall personal plan.,Investment,27832300,Income
2020-08-13,Daily restaurant.,Travel,16455500,Expense
2020-08-14,Purchase software balance investment app fee.,Health & Fitness,9452200,Expense
2020-08-14,Budget salary renewal health flight.,Health & Fitness,11709800,Expense
2020-08-14,Along attention piece tv young.,Shopping,14511200,Expense
2020-08-14,Insurance deposit weekly.,Rent,2635000,Expense
2020-08-14,Bonus regular budget market bonus reward parking.,Travel,12129500,Expense
2020-08-14,Store software.,Salary,14173100,Income
2020-08-14,Bus software savings.,Food & Drink,4866800,Expense
2020-08-15,Gross renewal project processed regular debit grocery.,Utilities,15351900,Expense
2020-08-15,Parking system package.,Travel,6436500,Expense
2020-08-15,Utility market hardware net tools credit direct.,Entertainment,11201300,Expense
2020-08-15,Net invoice standard personal grocery.,Travel,13443600,Expense
2020-08-15,Insurance project.,Investment,29690000,Income
2020-08-15,Travel utility daily advance software bill.,Shopping,18699300,Expense
2020-08-15,Package direct fuel.,Travel,8352500,Expense
2020-08-15,Flight support entertainment.,Other,43225500,Income
2020-08-15,Travel travel mortgage.,Food & Drink,18575100,Expense
2020-08-15,Gross financial economy.,Utilities,8119000,Expense
2020-08-16,System network.,Health & Fitness,15670000,Expense
2020-08-16,Within set region beyond.,Utilities,19616400,Expense
2020-08-17,Total tools tax package utility.,Other,21190600,Income
2020-08-17,Material maintenance project travel food management parking.,Food & Drink,11666000,Expense
2020-08-17,Tough animal someone.,Shopping,11878700,Expense
2020-08-17,Tax personal client household economy renewal.,Shopping,17350500,Expense
2020-08-17,Daily travel electricity tax water digital entertainment.,Rent,16795000,Expense
2020-08-17,Tools express.,Salary,8031900,Income
2020-08-17,Entertainment management.,Investment,14079700,Income
2020-08-18,System utility tools.,Travel,14299100,Expense
2020-08-18,Weekly food budget total.,Rent,2866400,Expense
2020-08-18,Internet vendor mortgage.,Shopping,17353500,Expense
2020-08-18,Network total electricity.,Rent,10077300,Expense
2020-08-18,Hear certainly most not.,Rent,12890700,Expense
2020-08-18,Service digital booking maintenance flight reward.,Utilities,593000,Expense
2020-08-19,Company participant him.,Other,19880000,Income
2020-08-19,Bill priority.,Shopping,4939900,Expense
2020-08-19,Maintenance charge discount.,Entertainment,12250300,Expense
2020-08-20,Software gross plan mortgage automatic grocery premium.,Other,30053000,Income
2020-08-20,Tree central leave effect.,Other,31810000,Income
2020-08-20,Fee invoice.,Investment,22936400,Income
2020-08-20,Weekly online express store hotel.,Travel,18548400,Expense
2020-08-20,Tools internet.,Utilities,19641000,Expense
2020-08-20,Standard adjustment processed bill.,Utilities,3315200,Expense
2020-08-21,Interest account gym entertainment savings order premium.,Rent,8096000,Expense
2020-08-21,Together let.,Health & Fitness,6816300,Expense
2020-08-21,Purchase personal vendor flight material plan market.,Food & Drink,7016800,Expense
2020-08-21,Citizen kid generation onto police.,Travel,15065000,Expense
2020-08-22,Salary processed.,Utilities,10084300,Expense
2020-08-22,Down occur.,Food & Drink,19998200,Expense
2020-08-22,Lead few yourself.,Travel,16714700,Expense
2020-08-22,Vendor material support project health.,Shopping,12103700,Expense
2020-08-22,Savings direct.,Food & Drink,6201500,Expense
2020-08-23,Package debit order internet deal.,Rent,15269100,Expense
2020-08-23,Gym mall equipment.,Rent,14874600,Expense
2020-08-23,Hardware hospital automatic total project net.,Entertainment,8500300,Expense
2020-08-23,Maintenance software grocery.,Travel,13940400,Expense
2020-08-24,Digital market interest.,Salary,11113700,Income
2020-08-24,Fuel plan processed gym salary.,Salary,1905100,Income
2020-08-24,Grocery subscription investment.,Rent,12745800,Expense
2020-08-24,Contract client discount hardware.,Health & Fitness,11543600,Expense
2020-08-24,Total savings daily delivery household.,Shopping,6548400,Expense
2020-08-24,Household health clinic service package.,Rent,5547000,Expense
2020-08-25,Transfer online account material clinic pharmacy.,Food & Drink,1898400,Expense
2020-08-25,Order pending monthly app.,Shopping,4720200,Expense
2020-08-25,Standard loan.,Other,15142100,Income
2020-08-25,Transfer restaurant hardware water internet.,Shopping,16271200,Expense
2020-08-26,Deposit online salary digital water.,Travel,7246300,Expense
2020-08-26,Monthly adjustment material weekly loan.,Health & Fitness,9348900,Expense
2020-08-26,Direct internet express support tax bill bill.,Salary,5082100,Income
2020-08-26,Freelance reward pharmacy advance health weekly hotel.,Entertainment,14031300,Expense
2020-08-26,Yeah far within.,Rent,15646500,Expense
2020-08-26,Electricity loan travel household automatic charge salary.,Travel,15247100,Expense
2020-08-26,Service advance personal food.,Investment,7953600,Income
2020-08-27,Transfer adjustment utility travel.,Travel,12018300,Expense
2020-08-27,Regular household utility parking parking delivery savings.,Entertainment,10081900,Expense
2020-08-27,Savings budget personal project support total.,Health & Fitness,18400200,Expense
2020-08-27,Daily store bus electricity.,Entertainment,9173800,Expense
2020-08-27,Gym internet interest tools network subscription gross.,Travel,6987700,Expense
2020-08-27,Hospital credit clinic.,Utilities,4116800,Expense
2020-08-27,Account ten sing.,Food & Drink,18997300,Expense
2020-08-27,Total parking bus contract travel.,Health & Fitness,13133400,Expense
2020-08-27,Seat strategy total simply discover.,Investment,17480000,Income
2020-08-27,Loan bill.,Entertainment,6858900,Expense
2020-08-27,Taxi renewal.,Entertainment,4131800,Expense
2020-08-28,Fuel priority standard invoice fuel transfer.,Rent,6535500,Expense
2020-08-28,Balance delivery mall electricity management account.,Rent,12567600,Expense
2020-08-28,Water adjustment.,Shopping,8434400,Expense
2020-08-28,Business hotel direct regular investment.,Travel,6371200,Expense
2020-08-28,Digital tools support.,Shopping,16630800,Expense
2020-08-28,App vendor total shop hotel subscription.,Other,27972000,Income
2020-08-28,Hotel advance tools.,Salary,9256400,Income
2020-08-28,Interest monthly interest network software.,Shopping,11339300,Expense
2020-08-29,Bonus deal phone travel service app.,Salary,13222200,Income
2020-08-29,Pm per question.,Salary,13422200,Income
2020-08-29,Shop train reward automatic hotel economy.,Entertainment,9741100,Expense
2020-08-30,Water phone pharmacy freelance pharmacy.,Travel,7909200,Expense
2020-08-30,Balance plan.,Food & Drink,16436400,Expense
2020-08-30,Internet pharmacy loan flight health.,Health & Fitness,6146000,Expense
2020-08-30,Daily hotel contract mall maintenance pending.,Travel,14066500,Expense
2020-08-30,Subscription freelance daily flight charge.,Travel,8481200,Expense
2020-08-30,Material support investment online regular financial.,Food & Drink,7303800,Expense
2020-08-30,Best physical always small almost.,Entertainment,9354200,Expense
2020-08-30,Deal order.,Rent,12027400,Expense
2020-08-31,Bed far section.,Health & Fitness,3439000,Expense
2020-08-31,Credit payment.,Travel,11356900,Expense
2020-08-31,Order deposit flight parking.,Health & Fitness,12912200,Expense
2020-08-31,Transfer account payment order.,Rent,7344000,Expense
2020-08-31,Parking transfer loan.,Salary,9946500,Income
2020-08-31,Shop discount purchase debit monthly.,Salary,9595600,Income
2020-09-01,Car much will.,Rent,15578100,Expense
2020-09-01,Equipment restaurant discount net.,Food & Drink,4999700,Expense
2020-09-01,Standard transfer.,Salary,15170400,Income
2020-09-01,Insurance project entertainment invoice.,Salary,18092400,Income
2020-09-01,Advance budget pharmacy bill equipment.,Utilities,17092700,Expense
2020-09-01,Network vendor household clinic.,Entertainment,365500,Expense
2020-09-02,Household client freelance material.,Utilities,5685600,Expense
2020-09-02,Fuel express hardware automatic annual.,Shopping,12357000,Expense
2020-09-02,Purchase taxi invoice.,Salary,8436800,Income
2020-09-03,Mall material maintenance.,Salary,12515200,Income
2020-09-03,Financial pharmacy shop personal.,Investment,45720000,Income
2020-09-03,Support electricity standard order personal.,Health & Fitness,5148900,Expense
2020-09-03,Balance shop.,Health & Fitness,9421100,Expense
2020-09-03,Mall deposit purchase material health delivery.,Entertainment,15388000,Expense
2020-09-03,Invoice standard bill weekly management interest hotel.,Shopping,15902000,Expense
2020-09-03,Insurance interest service system hospital delivery restaurant.,Travel,14538000,Expense
2020-09-03,Personal monthly bonus savings freelance.,Rent,9018000,Expense
2020-09-04,App budget health savings platform plan system.,Utilities,5621900,Expense
2020-09-04,Interest hotel transfer grocery standard.,Shopping,8496500,Expense
2020-09-04,Electricity net priority hardware economy payment.,Utilities,10144200,Expense
2020-09-04,Balance online net express health.,Travel,4149100,Expense
2020-09-04,Mall personal business.,Rent,5622300,Expense
2020-09-05,Utility total online project.,Rent,13719100,Expense
2020-09-05,Clinic platform shop software food.,Investment,21229200,Income
2020-09-05,Tree store either station.,Other,13850000,Income
2020-09-05,Second full boy.,Travel,11558400,Expense
2020-09-05,Transfer clinic delivery.,Salary,2232200,Income
2020-09-06,Deal health plan credit renewal.,Salary,12283800,Income
2020-09-06,Insurance taxi contract.,Entertainment,18206100,Expense
2020-09-06,Management app adjustment personal.,Health & Fitness,7871500,Expense
2020-09-06,Senior difficult put.,Shopping,7993400,Expense
2020-09-06,Vendor electricity fee equipment adjustment electricity automatic.,Food & Drink,19424600,Expense
2020-09-06,Express regular project interest special.,Travel,12442900,Expense
2020-09-07,Water standard discount subscription.,Shopping,8426500,Expense
2020-09-07,Tools project salary app.,Travel,8967700,Expense
2020-09-07,Support hotel food digital bonus.,Utilities,15403900,Expense
2020-09-07,Electricity freelance interest direct.,Shopping,13729700,Expense
2020-09-07,Plan pharmacy support material daily.,Salary,12138200,Income
2020-09-07,Hand so add mr lawyer.,Rent,11882700,Expense
2020-09-07,Digital food financial grocery.,Rent,8871700,Expense
2020-09-07,Restaurant management material utility software.,Health & Fitness,13233000,Expense
2020-09-07,Taxi credit charge discount.,Utilities,17751800,Expense
2020-09-07,Food hospital.,Other,19997200,Income
2020-09-08,Mortgage business market hospital delivery pharmacy.,Salary,7981900,Income
2020-09-08,Savings health parking.,Rent,5586300,Expense
2020-09-08,Herself police he push likely.,Entertainment,2127800,Expense
2020-09-09,Hardware economy hospital platform.,Shopping,6604900,Expense
2020-09-09,Equipment bill health bill booking.,Shopping,3677600,Expense
2020-09-09,Net fee.,Health & Fitness,11857600,Expense
2020-09-09,Material gross flight savings service tax.,Shopping,17147500,Expense
2020-09-09,Bill utility freelance delivery gym salary.,Salary,15219500,Income
2020-09-09,Reward regular clinic.,Other,28803400,Income
2020-09-10,Water pharmacy processed hotel shop network.,Travel,17361600,Expense
2020-09-10,Regular maintenance online network service flight.,Shopping,12719200,Expense
2020-09-11,Plan tools special equipment total platform.,Investment,27413200,Income
2020-09-11,Delivery pharmacy.,Food & Drink,11948000,Expense
2020-09-11,Fuel package.,Shopping,17263600,Expense
2020-09-11,Plan clinic deal train pharmacy.,Travel,8676000,Expense
2020-09-11,Deposit train balance premium.,Salary,16107900,Income
2020-09-11,Doctor mr.,Health & Fitness,1472200,Expense
2020-09-11,Bring animal also you.,Food & Drink,7009400,Expense
2020-09-11,Trip determine as statement.,Rent,15944900,Expense
2020-09-11,Special account renewal salary standard.,Health & Fitness,10529600,Expense
2020-09-12,Pharmacy invoice internet internet network.,Salary,11341400,Income
2020-09-12,System discount fuel mall mall.,Utilities,13407800,Expense
2020-09-12,Equipment grocery deposit mall shop client.,Shopping,1548500,Expense
2020-09-12,Management booking.,Shopping,12443000,Expense
2020-09-12,Fee subscription standard water.,Rent,12606800,Expense
2020-09-13,Digital shop premium annual material contract travel.,Shopping,14546000,Expense
2020-09-13,Budget tax package bus salary.,Other,30807400,Income
2020-09-13,Hardware online express project.,Health & Fitness,13505300,Expense
2020-09-14,Total business business bonus discount contract.,Investment,35132600,Income
2020-09-14,Pharmacy account delivery advance business fuel.,Travel,11465200,Expense
2020-09-14,Premium mall food monthly grocery.,Rent,6867200,Expense
2020-09-14,Mall service system payment regular.,Entertainment,3343500,Expense
2020-09-14,Maintenance financial monthly equipment support transfer network.,Utilities,8746400,Expense
2020-09-14,Economy service bus advance package.,Salary,18013400,Income
2020-09-15,Budget train.,Utilities,17170200,Expense
2020-09-15,Parking service deposit annual flight digital.,Shopping,16804500,Expense
2020-09-15,Shop client hardware hospital.,Travel,12105900,Expense
2020-09-15,Project personal order household tax electricity.,Other,29381800,Income
2020-09-16,Hotel standard adjustment.,Rent,8341100,Expense
2020-09-16,He we recent music.,Food & Drink,17006600,Expense
2020-09-16,Equipment shop invoice health vendor.,Salary,8031200,Income
2020-09-16,Regular economy.,Salary,14332200,Income
2020-09-16,Package material salary adjustment discount.,Other,31699200,Income
2020-09-16,Purchase savings parking hardware.,Investment,21082400,Income
2020-09-16,Clinic bus maintenance net.,Utilities,5982900,Expense
2020-09-16,Digital fee transfer payment.,Rent,10113600,Expense
2020-09-17,Discount network pending internet.,Shopping,6302400,Expense
2020-09-17,Invoice material.,Rent,9163100,Expense
2020-09-17,Material priority gym equipment.,Salary,9268800,Income
2020-09-17,Grocery bill utility package management online.,Rent,7571400,Expense
2020-09-17,Subscription premium savings.,Rent,274700,Expense
2020-09-17,Allow have kitchen.,Salary,14175400,Income
2020-09-17,Software net shop.,Entertainment,12851000,Expense
2020-09-17,Those pressure street.,Rent,8727100,Expense
2020-09-18,Maintenance advance processed reward food.,Health & Fitness,9417700,Expense
2020-09-18,Standard savings train investment support adjustment deposit.,Salary,8875500,Income
2020-09-18,Material clinic automatic water travel water processed.,Food & Drink,17454500,Expense
2020-09-18,Vendor adjustment insurance financial credit invoice.,Utilities,1835000,Expense
2020-09-18,Client deposit platform.,Travel,10515600,Expense
2020-09-18,Package net adjustment discount fee order pending.,Utilities,4665200,Expense
2020-09-18,Between rate name within.,Travel,12356700,Expense
2020-09-18,Automatic internet phone transfer.,Investment,38489500,Income
2020-09-18,Direct grocery internet.,Health & Fitness,11132300,Expense
2020-09-18,Material net special.,Utilities,7246900,Expense
2020-09-18,Digital maintenance phone discount credit.,Health & Fitness,13272900,Expense
2020-09-18,Adjustment special monthly transfer special.,Travel,19898900,Expense
2020-09-18,Huge couple.,Salary,9351000,Income
2020-09-19,Taxi premium pending health market reward gym.,Food & Drink,1240100,Expense
2020-09-19,Online priority adjustment.,Investment,21899400,Income
2020-09-19,Savings management.,Investment,39345800,Income
2020-09-20,Travel vendor.,Utilities,3998700,Expense
2020-09-20,Special flight priority fee project fuel.,Entertainment,5260200,Expense
2020-09-20,Insurance premium insurance daily gross hotel bus.,Rent,9832600,Expense
2020-09-20,Interest fee total.,Health & Fitness,4829200,Expense
2020-09-20,Direct debit.,Utilities,3203600,Expense
2020-09-20,Shop bill special hospital daily gym deposit.,Health & Fitness,7569100,Expense
2020-09-21,Annual charge payment renewal parking.,Utilities,773900,Expense
2020-09-21,Online market delivery.,Salary,9730400,Income
2020-09-21,Investment deal balance fuel.,Entertainment,12776400,Expense
2020-09-22,Only spend do.,Salary,11440000,Income
2020-09-22,Network store flight purchase.,Entertainment,12297900,Expense
2020-09-22,Bus train train electricity service loan.,Entertainment,6713900,Expense
2020-09-22,Debit purchase standard taxi tools interest.,Salary,11964300,Income
2020-09-22,During call north attention.,Rent,5650700,Expense
2020-09-22,Begin deep police wife.,Travel,6513900,Expense
2020-09-22,System bonus household phone phone priority purchase.,Health & Fitness,13875500,Expense
2020-09-22,Hardware gross.,Food & Drink,4552500,Expense
2020-09-22,Support salary payment.,Food & Drink,2231100,Expense
2020-09-23,App household contract total household.,Investment,7957400,Income
2020-09-23,Restaurant personal tools vendor.,Entertainment,6972500,Expense
2020-09-23,Service tools deposit reward.,Health & Fitness,11277600,Expense
2020-09-23,Plan clinic parking.,Shopping,7217300,Expense
2020-09-23,Able teach certain candidate economy.,Health & Fitness,671100,Expense
2020-09-23,Produce ago.,Utilities,9802200,Expense
2020-09-23,Bonus phone entertainment hardware plan.,Rent,6365400,Expense
2020-09-24,Credit grocery salary bill taxi economy.,Entertainment,12666300,Expense
2020-09-24,Platform debit net interest hotel entertainment hardware.,Health & Fitness,8212500,Expense
2020-09-24,Bus restaurant package support delivery hospital weekly.,Investment,36062700,Income
2020-09-24,Mortgage subscription personal processed shop.,Other,48966900,Income
2020-09-24,Processed entertainment package.,Salary,15874100,Income
2020-09-24,Premium health regular platform transfer management.,Health & Fitness,17448200,Expense
2020-09-24,App express adjustment water weekly.,Food & Drink,7149200,Expense
2020-09-24,Invoice salary.,Health & Fitness,9174600,Expense
2020-09-25,So draw food company.,Travel,6872700,Expense
2020-09-25,Investment household credit deal discount household direct.,Salary,11668600,Income
2020-09-25,Booking freelance online client support salary.,Health & Fitness,2979000,Expense
2020-09-25,Electricity hardware budget.,Utilities,11950700,Expense
2020-09-25,Digital total premium.,Entertainment,10014300,Expense
2020-09-25,Food daily adjustment.,Travel,1806900,Expense
2020-09-26,Deposit management.,Health & Fitness,16556200,Expense
2020-09-26,Renewal account.,Other,21989700,Income
2020-09-26,Invoice water support freelance freelance pharmacy household.,Shopping,14963600,Expense
2020-09-26,Phone transfer debit bill premium budget.,Food & Drink,15348800,Expense
2020-09-26,Travel advance shop.,Utilities,16068000,Expense
2020-09-26,Mall electricity train platform deal.,Investment,11251200,Income
2020-09-26,Budget express hotel package household priority pharmacy.,Investment,39142300,Income
2020-09-27,Water financial.,Rent,4833900,Expense
2020-09-27,Score moment second.,Travel,11160200,Expense
2020-09-27,Mall support gym tools.,Shopping,11974200,Expense
2020-09-27,Support gross software gross gym.,Utilities,2751000,Expense
2020-09-27,Flight contract freelance system balance purchase.,Rent,14346400,Expense
2020-09-27,Monthly transfer material delivery advance.,Food & Drink,16466600,Expense
2020-09-27,Feeling poor all your suggest.,Salary,11148000,Income
2020-09-27,Annual bonus express hospital service.,Other,26306700,Income
2020-09-27,Direct automatic deal.,Other,39658300,Income
2020-09-27,Sing message board mean.,Entertainment,1803700,Expense
2020-09-27,Loan subscription shop investment system subscription support.,Health & Fitness,4949600,Expense
2020-09-28,Utility clinic premium deposit.,Entertainment,13802100,Expense
2020-09-28,Fee bus annual.,Health & Fitness,743800,Expense
2020-09-28,Internet project grocery renewal premium.,Salary,10069400,Income
2020-09-28,Charge hardware annual credit.,Entertainment,15817900,Expense
2020-09-28,Booking maintenance contract premium net store interest.,Entertainment,15762700,Expense
2020-09-29,Weekly network.,Other,18433100,Income
2020-09-29,Bus total store direct client deposit savings.,Entertainment,10806500,Expense
2020-09-29,Equipment package mall app.,Shopping,6270100,Expense
2020-09-29,Restaurant pharmacy special budget electricity management deposit.,Health & Fitness,9059700,Expense
2020-09-29,Make travel.,Salary,12953500,Income
2020-09-30,Digital parking loan system bonus.,Salary,6676200,Income
2020-09-30,Personal fee service equipment software mortgage debit.,Other,31173800,Income
2020-09-30,Focus chance.,Food & Drink,1951800,Expense
2020-09-30,Automatic budget support personal client.,Entertainment,16367500,Expense
2020-09-30,Invoice material service economy store network.,Rent,15343200,Expense
2020-09-30,Train subscription store renewal tax bill balance.,Travel,13442400,Expense
2020-09-30,Maintenance premium store salary bill gross software.,Investment,26491500,Income
2020-09-30,Network advance hospital network deposit gym.,Other,13953900,Income
2020-10-01,Transfer app.,Shopping,11000100,Expense
2020-10-01,Budget internet.,Salary,12189900,Income
2020-10-01,Fuel weekly booking invoice parking special.,Investment,18423600,Income
2020-10-01,Electricity standard investment pending.,Rent,13638300,Expense
2020-10-01,Water processed discount support order net restaurant.,Shopping,11346500,Expense
2020-10-01,Adjustment financial internet parking.,Food & Drink,14738400,Expense
2020-10-01,System budget.,Entertainment,6748900,Expense
2020-10-01,Mall delivery store.,Shopping,9771100,Expense
2020-10-01,Online booking client store shop.,Salary,11656900,Income
2020-10-01,Total store.,Travel,4673300,Expense
2020-10-01,Person one republican.,Entertainment,6193500,Expense
2020-10-02,Household water bus account.,Health & Fitness,11363000,Expense
2020-10-02,Taxi fee total loan.,Health & Fitness,2512200,Expense
2020-10-02,Financial express loan business account interest payment.,Travel,2255400,Expense
2020-10-02,Insurance software economy account contract contract gym.,Health & Fitness,13746800,Expense
2020-10-02,Advance subscription material.,Other,32086300,Income
2020-10-02,Gym economy utility salary.,Other,34095500,Income
2020-10-02,Utility water phone personal utility.,Utilities,13844200,Expense
2020-10-03,Business flight salary transfer train bill reward.,Utilities,6280900,Expense
2020-10-03,Support vendor online mall subscription.,Other,9369300,Income
2020-10-03,Premium monthly tax hotel maintenance weekly.,Other,38197900,Income
2020-10-03,Hardware salary delivery network household material payment.,Health & Fitness,9538300,Expense
2020-10-03,Most law painting between reduce.,Salary,11114100,Income
2020-10-03,Digital management.,Salary,1862300,Income
2020-10-04,Daily monthly.,Shopping,5732400,Expense
2020-10-04,Budget purchase weekly food travel regular.,Shopping,9514500,Expense
2020-10-04,Tools premium order.,Shopping,12220300,Expense
2020-10-04,Net maintenance plan clinic phone.,Shopping,6293400,Expense
2020-10-04,Involve thousand including.,Health & Fitness,7101000,Expense
2020-10-05,Package pending network savings package parking.,Utilities,7624000,Expense
2020-10-05,Utility savings store taxi entertainment.,Investment,40421700,Income
2020-10-05,System priority savings regular phone booking.,Travel,6857100,Expense
2020-10-05,Utility adjustment software invoice electricity app network.,Health & Fitness,750300,Expense
2020-10-05,Fuel project restaurant mall.,Rent,12059300,Expense
2020-10-05,Management bonus delivery.,Utilities,19735600,Expense
2020-10-05,Express maintenance freelance transfer bonus.,Travel,10573900,Expense
2020-10-05,Economy daily app train.,Travel,6612100,Expense
2020-10-06,Service delivery charge salary express.,Travel,9391100,Expense
2020-10-06,Credit maintenance processed automatic credit material train.,Other,44156400,Income
2020-10-06,Balance savings software.,Other,27216600,Income
2020-10-06,Adjustment gym.,Utilities,13829400,Expense
2020-10-06,Purchase maintenance client store.,Travel,4657700,Expense
2020-10-06,Clinic business salary savings credit network plan.,Food & Drink,19681300,Expense
2020-10-06,System fuel fuel deposit.,Salary,7960500,Income
2020-10-07,Health automatic.,Rent,14179300,Expense
2020-10-07,Premium fuel purchase.,Investment,37736000,Income
2020-10-07,Direct daily daily bonus delivery standard.,Investment,20823900,Income
2020-10-07,Indeed believe interview professor.,Travel,5102900,Expense
2020-10-07,It season.,Investment,20690000,Income
2020-10-07,Rather listen before.,Investment,30840000,Income
2020-10-08,Material payment delivery clinic booking payment food.,Entertainment,14384100,Expense
2020-10-08,Improve them wait.,Travel,19612200,Expense
2020-10-08,Water market total regular.,Health & Fitness,12518800,Expense
2020-10-08,Deposit freelance clinic electricity household internet.,Entertainment,9267600,Expense
2020-10-08,Support standard subscription shop vendor direct.,Health & Fitness,12103900,Expense
2020-10-08,Flight parking balance invoice.,Utilities,11074700,Expense
2020-10-08,Contract automatic loan renewal app.,Travel,10455900,Expense
2020-10-08,News only no.,Salary,5602300,Income
2020-10-09,Premium taxi package processed service total clinic.,Shopping,9299100,Expense
2020-10-09,Restaurant budget train.,Food & Drink,12891900,Expense
2020-10-10,Official defense.,Investment,48750000,Income
2020-10-10,Why outside.,Travel,4626900,Expense
2020-10-10,Suggest glass news.,Investment,9460000,Income
2020-10-10,Budget tax internet travel pending.,Shopping,1821400,Expense
2020-10-10,Savings gym service monthly.,Health & Fitness,1472500,Expense
2020-10-10,Investment payment charge automatic flight delivery total.,Utilities,4134700,Expense
2020-10-10,Network restaurant digital phone subscription processed booking.,Salary,11971600,Income
2020-10-10,Support processed automatic insurance package grocery parking.,Travel,12645700,Expense
2020-10-11,Automatic interest balance service debit annual monthly.,Entertainment,9835800,Expense
2020-10-11,Market maintenance.,Other,31079600,Income
2020-10-12,Off southern suddenly.,Utilities,12793600,Expense
2020-10-12,Vendor credit account gross mortgage reward.,Investment,24531400,Income
2020-10-12,Hardware account clinic standard financial pending.,Utilities,1477600,Expense
2020-10-12,Order priority.,Other,31361500,Income
2020-10-12,Clinic transfer purchase food market gym.,Other,39652500,Income
2020-10-12,Online express mortgage train deal.,Travel,16111600,Expense
2020-10-13,Client total delivery.,Rent,2065200,Expense
2020-10-13,Daily daily.,Rent,270800,Expense
2020-10-13,Purchase entertainment.,Food & Drink,1880600,Expense
2020-10-13,Balance bonus insurance.,Utilities,10806200,Expense
2020-10-13,Restaurant express phone special platform gross payment.,Other,17463500,Income
2020-10-13,Weekly software.,Entertainment,8350800,Expense
2020-10-14,Fuel subscription vendor digital tools processed store.,Shopping,15122700,Expense
2020-10-14,Contract health booking vendor.,Shopping,14206800,Expense
2020-10-14,Total processed invoice grocery freelance.,Investment,23700400,Income
2020-10-14,Participant price.,Rent,17467100,Expense
2020-10-15,Automatic freelance.,Shopping,17464200,Expense
2020-10-15,Congress reflect.,Salary,9626400,Income
2020-10-15,Phone service taxi fee fuel.,Shopping,12068800,Expense
2020-10-15,Account travel management express.,Food & Drink,4819100,Expense
2020-10-15,Material advance gross monthly.,Other,29798400,Income
2020-10-16,Hospital discount tools restaurant tax booking shop.,Investment,27195000,Income
2020-10-16,Utility tax vendor payment priority mall insurance.,Utilities,9865200,Expense
2020-10-16,Scientist will begin.,Rent,16460100,Expense
2020-10-16,Go consider century price.,Food & Drink,5124300,Expense
2020-10-16,Heavy law church.,Rent,11582700,Expense
2020-10-16,Software automatic transfer.,Salary,10246900,Income
2020-10-16,Personal service.,Travel,8798800,Expense
2020-10-16,Household pharmacy health.,Other,25684900,Income
2020-10-16,Support support clinic parking automatic phone hospital.,Health & Fitness,5307200,Expense
2020-10-17,Special annual bill entertainment.,Travel,11602300,Expense
2020-10-17,Phone insurance taxi.,Travel,14342200,Expense
2020-10-17,Service bill maintenance.,Entertainment,10999700,Expense
2020-10-17,Water bus water hardware maintenance mortgage purchase.,Entertainment,4773700,Expense
2020-10-17,Gym reward health market parking internet.,Food & Drink,18202000,Expense
2020-10-17,Internet advance tools net.,Utilities,14676600,Expense
2020-10-17,Management monthly tools salary electricity processed system.,Rent,10160800,Expense
2020-10-18,Contract bus subscription personal priority hotel express.,Travel,18999300,Expense
2020-10-18,Salary monthly regular savings.,Entertainment,4813900,Expense
2020-10-18,Food parking software booking priority.,Shopping,13165500,Expense
2020-10-18,Since nothing be apply.,Utilities,3069000,Expense
2020-10-19,Discount food monthly service adjustment order.,Health & Fitness,1348400,Expense
2020-10-19,Taxi health water mall.,Other,41996300,Income
2020-10-19,Renewal automatic digital special maintenance parking.,Food & Drink,15822800,Expense
2020-10-19,Flight vendor tax fee bus shop.,Salary,11810800,Income
2020-10-19,Loan service.,Other,28706300,Income
2020-10-19,Anyone bank kitchen interest parent.,Travel,1795100,Expense
2020-10-20,Budget gym app equipment budget.,Travel,9486700,Expense
2020-10-20,Bus client.,Rent,7028900,Expense
2020-10-20,Health equipment.,Entertainment,8308600,Expense
2020-10-20,Client economy monthly.,Health & Fitness,3212000,Expense
2020-10-20,Account renewal gross restaurant hotel market.,Investment,23354500,Income
2020-10-20,Material taxi internet debit discount deal online.,Health & Fitness,12165100,Expense
2020-10-21,Flight package flight contract account.,Health & Fitness,17507200,Expense
2020-10-21,Delivery shop shop deposit premium.,Health & Fitness,14476200,Expense
2020-10-21,Platform gross weekly travel flight adjustment mall.,Food & Drink,8559600,Expense
2020-10-21,Interest internet maintenance.,Shopping,10302500,Expense
2020-10-22,Transfer market clinic delivery.,Investment,38117300,Income
2020-10-22,Network parking app.,Travel,8566200,Expense
2020-10-22,Flight premium mall clinic total.,Travel,10052000,Expense
2020-10-23,Phone direct flight regular insurance.,Entertainment,16045900,Expense
2020-10-23,Democratic mention generation.,Shopping,12165700,Expense
2020-10-23,Order hardware hotel credit.,Salary,12196400,Income
2020-10-23,Bill annual balance.,Shopping,7214800,Expense
2020-10-24,Mall freelance package deposit discount app.,Utilities,8459300,Expense
2020-10-24,Package debit total salary phone.,Shopping,9244200,Expense
2020-10-24,Maintenance grocery parking train plan internet.,Salary,13339800,Income
2020-10-24,Market advance account transfer.,Travel,17837900,Expense
2020-10-24,Question or money.,Entertainment,15536300,Expense
2020-10-24,Electricity material payment system vendor pharmacy.,Rent,9143800,Expense
2020-10-25,Discount discount grocery invoice phone equipment advance.,Rent,13990200,Expense
2020-10-25,Shop mall store weekly monthly internet bus.,Health & Fitness,9565000,Expense
2020-10-25,Transfer booking.,Travel,4168300,Expense
2020-10-25,Budget mortgage delivery maintenance freelance.,Utilities,10605000,Expense
2020-10-25,Mortgage credit.,Entertainment,2746600,Expense
2020-10-26,Network interest debit bill gym special account.,Rent,16489400,Expense
2020-10-26,Equipment deal transfer express standard special standard.,Salary,16698900,Income
2020-10-26,Purchase bonus taxi.,Utilities,5388800,Expense
2020-10-26,Subscription plan electricity.,Health & Fitness,9930400,Expense
2020-10-26,Determine worker.,Salary,6017300,Income
2020-10-27,Economy internet project adjustment financial renewal freelance.,Utilities,6816600,Expense
2020-10-27,Management order freelance project grocery.,Food & Drink,3968500,Expense
2020-10-27,Daughter war.,Shopping,6177100,Expense
2020-10-27,Face build market.,Rent,18957000,Expense
2020-10-27,Can mouth discover.,Entertainment,5366500,Expense
2020-10-28,Bill renewal automatic.,Investment,28375700,Income
2020-10-28,Budget tools advance household weekly.,Salary,13255300,Income
2020-10-28,Subscription service grocery utility platform savings.,Health & Fitness,4885700,Expense
2020-10-28,Advance reward order deposit.,Travel,19362300,Expense
2020-10-28,Processed platform hardware discount.,Entertainment,7383600,Expense
2020-10-28,Author technology amount affect.,Investment,19230000,Income
2020-10-28,Discount gym personal transfer freelance monthly deal.,Salary,9020800,Income
2020-10-28,Insurance internet.,Investment,14639400,Income
2020-10-28,Network mortgage processed freelance invoice.,Other,17971800,Income
2020-10-28,Pending mortgage.,Rent,8418000,Expense
2020-10-28,App renewal pharmacy net hospital insurance pending.,Shopping,15603900,Expense
2020-10-29,Entertainment hardware material discount entertainment daily.,Food & Drink,16245800,Expense
2020-10-29,Investment package client premium economy order.,Health & Fitness,3888400,Expense
2020-10-29,Processed hardware pending automatic mall annual.,Rent,14942300,Expense
2020-10-29,Payment support booking taxi.,Other,33404300,Income
2020-10-29,Advance project maintenance weekly bus flight flight.,Investment,23641700,Income
2020-10-29,Office of remember individual.,Utilities,153200,Expense
2020-10-30,Renewal balance household business investment.,Food & Drink,8393600,Expense
2020-10-30,Internet budget online annual parking monthly.,Shopping,9139800,Expense
2020-10-30,Financial total flight taxi renewal mortgage.,Utilities,18346100,Expense
2020-10-30,Health contract entertainment bonus transfer shop.,Other,34015200,Income
2020-10-30,Deal delivery regular.,Travel,12402000,Expense
2020-10-30,Again foot soon peace.,Salary,5896100,Income
2020-10-30,Financial taxi subscription project hospital gross train.,Other,27839100,Income
2020-10-31,Join black.,Travel,14089500,Expense
2020-10-31,Discount priority transfer.,Shopping,9881200,Expense
2020-10-31,Food mortgage freelance loan digital.,Travel,16196400,Expense
2020-10-31,Internet management economy entertainment.,Food & Drink,10016900,Expense
2020-11-01,Member box.,Entertainment,8560300,Expense
2020-11-01,Tax tools grocery material phone online.,Food & Drink,11300200,Expense
2020-11-01,Hundred bad that second develop.,Entertainment,18485800,Expense
2020-11-01,Reward online travel fuel management entertainment tax.,Health & Fitness,12503600,Expense
2020-11-01,Standard gross bonus.,Other,10437400,Income
2020-11-01,Platform service gross platform vendor gross.,Shopping,18637700,Expense
2020-11-01,Account taxi shop deposit client bill.,Health & Fitness,15594900,Expense
2020-11-01,Travel reward hospital loan.,Rent,7412900,Expense
2020-11-01,Hospital material electricity entertainment.,Health & Fitness,14209600,Expense
2020-11-01,Payment renewal.,Travel,2010800,Expense
2020-11-01,Household flight transfer tax equipment phone.,Other,21713600,Income
2020-11-01,Taxi service automatic app online electricity.,Utilities,6844800,Expense
2020-11-02,Economy balance investment.,Salary,12669700,Income
2020-11-02,Parking credit charge advance mall.,Health & Fitness,9795100,Expense
2020-11-02,Contract hospital.,Salary,6427500,Income
2020-11-02,Deposit salary network.,Salary,9622800,Income
2020-11-02,Train travel tax phone taxi travel.,Other,36548000,Income
2020-11-02,Town glass road.,Utilities,18177400,Expense
2020-11-02,Taxi hospital.,Travel,15825800,Expense
2020-11-02,Phone premium charge equipment.,Food & Drink,11825000,Expense
2020-11-02,Booking monthly network.,Investment,34124600,Income
2020-11-03,Fuel deposit annual platform.,Investment,41839000,Income
2020-11-03,Purchase store personal insurance priority phone.,Rent,10888100,Expense
2020-11-03,Mall fee phone travel.,Entertainment,7832300,Expense
2020-11-03,Utility annual hardware.,Salary,357800,Income
2020-11-03,Grocery deposit bus subscription.,Entertainment,3658000,Expense
2020-11-03,Plan mall digital clinic.,Food & Drink,10294500,Expense
2020-11-03,Package investment freelance.,Health & Fitness,9225400,Expense
2020-11-04,Reward mall.,Other,14347600,Income
2020-11-04,Priority contract tax restaurant.,Other,27239500,Income
2020-11-04,Interest contract.,Health & Fitness,13509000,Expense
2020-11-04,Bill eight community.,Rent,1286800,Expense
2020-11-05,Charge mall hardware management mortgage account.,Other,33433700,Income
2020-11-05,Interest market entertainment charge.,Entertainment,12321700,Expense
2020-11-05,Taxi project train shop fee account.,Health & Fitness,13198000,Expense
2020-11-05,Reward phone express.,Food & Drink,10351900,Expense
2020-11-05,Food deal bus daily loan package clinic.,Utilities,1895100,Expense
2020-11-05,Monthly grocery monthly platform project.,Utilities,5500200,Expense
2020-11-06,Service phone adjustment grocery project.,Salary,11806300,Income
2020-11-06,Health travel.,Entertainment,6110300,Expense
2020-11-06,Concern significant.,Travel,8839200,Expense
2020-11-06,Online subscription package market discount.,Utilities,9027500,Expense
2020-11-06,Taxi debit.,Shopping,6440200,Expense
2020-11-06,Taxi system express.,Other,35204800,Income
2020-11-06,Health equipment pending online budget.,Utilities,4086000,Expense
2020-11-07,Mall economy.,Entertainment,9003800,Expense
2020-11-07,Senior service large under.,Travel,14024700,Expense
2020-11-07,Salary business fee travel hardware mall.,Rent,10582600,Expense
2020-11-07,Total food booking bill client health hospital.,Health & Fitness,14937500,Expense
2020-11-08,Mall internet personal credit utility salary.,Food & Drink,13102600,Expense
2020-11-08,Deal fee package pharmacy app.,Health & Fitness,8865300,Expense
2020-11-08,Tools clinic discount.,Shopping,6156100,Expense
2020-11-08,Standard renewal priority.,Health & Fitness,10077000,Expense
2020-11-08,Total train financial bonus business hardware.,Travel,6386900,Expense
2020-11-08,Digital special.,Shopping,5035000,Expense
2020-11-08,Hardware client.,Other,41426100,Income
2020-11-08,Savings plan phone.,Salary,15852200,Income
2020-11-08,Maintenance processed platform network.,Health & Fitness,1777500,Expense
2020-11-08,Hospital economy express entertainment deal personal automatic.,Utilities,9224100,Expense
2020-11-09,Follow wife firm key light.,Salary,8811400,Income
2020-11-09,Express salary priority loan.,Food & Drink,19498900,Expense
2020-11-09,Network credit regular deal.,Salary,2426500,Income
2020-11-09,Phone premium shop reward.,Health & Fitness,11619800,Expense
2020-11-10,Special financial package.,Salary,10354000,Income
2020-11-10,Also hard expert popular.,Food & Drink,1917400,Expense
2020-11-10,Advance transfer interest.,Salary,2615500,Income
2020-11-10,Option goal avoid.,Shopping,14717200,Expense
2020-11-10,Standard contract.,Investment,15416200,Income
2020-11-10,Network transfer market gym pending subscription project.,Food & Drink,6994900,Expense
2020-11-10,Adjustment water automatic.,Other,29577300,Income
2020-11-11,Daily personal grocery net.,Rent,12241300,Expense
2020-11-11,Account service freelance vendor.,Utilities,9559800,Expense
2020-11-11,Account business.,Other,31577900,Income
2020-11-11,Hospital transfer household.,Food & Drink,5419300,Expense
2020-11-11,Debit plan.,Utilities,5191300,Expense
2020-11-11,Loan software shop fee delivery.,Food & Drink,5792300,Expense
2020-11-12,Freelance restaurant network advance order.,Other,34726200,Income
2020-11-12,Daily electricity monthly phone bonus budget.,Health & Fitness,2900800,Expense
2020-11-12,Order his oil west school.,Food & Drink,19991500,Expense
2020-11-12,Savings freelance.,Other,30082600,Income
2020-11-12,Financial personal fuel purchase.,Entertainment,4016900,Expense
2020-11-12,Freelance premium loan entertainment balance monthly budget.,Investment,29255300,Income
2020-11-12,Training occur could painting.,Travel,11567300,Expense
2020-11-13,Investment bill electricity renewal.,Investment,29805400,Income
2020-11-13,Gross plan.,Other,35506000,Income
2020-11-13,Plan reward.,Investment,27292700,Income
2020-11-13,Water balance special.,Utilities,3594700,Expense
2020-11-13,Phone debit household software debit system entertainment.,Rent,14931600,Expense
2020-11-13,Health health taxi booking daily special.,Health & Fitness,6903700,Expense
2020-11-14,Market business client support.,Rent,7356500,Expense
2020-11-14,Digital charge charge express train.,Other,22025500,Income
2020-11-14,Utility hospital.,Health & Fitness,10540900,Expense
2020-11-14,Order freelance gym.,Investment,24407600,Income
2020-11-14,Whatever late specific.,Utilities,9463000,Expense
2020-11-14,Mean common.,Travel,3711600,Expense
2020-11-14,Yard model particular hair.,Salary,19384200,Income
2020-11-14,Impact full our smile.,Shopping,6732800,Expense
2020-11-15,Mall transfer budget online insurance.,Food & Drink,9810400,Expense
2020-11-15,Health support mortgage net market electricity fee.,Salary,9727500,Income
2020-11-15,Reward standard.,Rent,15577500,Expense
2020-11-15,Digital phone salary management booking discount.,Investment,41631700,Income
2020-11-15,Invoice mall business annual balance debit.,Investment,12749200,Income
2020-11-15,App contract phone freelance subscription.,Shopping,1800500,Expense
2020-11-15,Edge surface who.,Travel,13285400,Expense
2020-11-15,Material pharmacy.,Investment,21200100,Income
2020-11-15,Form newspaper.,Utilities,6663100,Expense
2020-11-16,Bank professional true financial.,Food & Drink,9151000,Expense
2020-11-16,Payment advance plan mortgage bus utility.,Rent,18278000,Expense
2020-11-16,Organization visit finally.,Health & Fitness,2406800,Expense
2020-11-16,Software gross.,Salary,825100,Income
2020-11-17,Electricity insurance purchase loan.,Travel,7252000,Expense
2020-11-17,Payment priority contract.,Salary,11676900,Income
2020-11-17,Maintenance phone tax financial.,Utilities,3344000,Expense
2020-11-17,Net booking investment net pending reward maintenance.,Travel,4500400,Expense
2020-11-17,Transfer loan deal restaurant annual transfer.,Utilities,12248100,Expense
2020-11-17,Gross water renewal platform interest hotel network.,Salary,11505200,Income
2020-11-17,Daily online system booking plan standard tools.,Salary,10043200,Income
2020-11-17,Support budget.,Travel,9367600,Expense
2020-11-17,Utility client client savings payment.,Rent,7433900,Expense
2020-11-17,Health deposit.,Salary,4934900,Income
2020-11-17,Regular net equipment market.,Rent,2902300,Expense
2020-11-17,Household equipment net tools network payment.,Food & Drink,13931200,Expense
2020-11-17,Spend prove stock school.,Food & Drink,13187400,Expense
2020-11-17,Equipment bonus bonus network payment savings.,Health & Fitness,14553200,Expense
2020-11-18,Utility package.,Travel,13231800,Expense
2020-11-18,Gym household insurance payment discount maintenance hotel.,Rent,7445000,Expense
2020-11-18,Economy utility insurance shop.,Health & Fitness,14047000,Expense
2020-11-18,Parking balance hotel balance deposit payment.,Travel,10921000,Expense
2020-11-19,Express shop maintenance travel interest order online.,Food & Drink,17075700,Expense
2020-11-19,Subscription savings management.,Salary,9837600,Income
2020-11-19,Annual investment invoice project health.,Shopping,2717800,Expense
2020-11-19,Balance package.,Shopping,9059500,Expense
2020-11-20,Position interest.,Shopping,1178700,Expense
2020-11-20,Mall network train renewal.,Utilities,10882600,Expense
2020-11-20,Special adjustment parking.,Food & Drink,988500,Expense
2020-11-20,Payment transfer market tax investment advance system.,Food & Drink,9954700,Expense
2020-11-21,Interest total clinic daily pending.,Investment,31207500,Income
2020-11-21,Annual special discount pharmacy electricity.,Travel,10263500,Expense
2020-11-21,Deposit booking water platform contract.,Health & Fitness,6634900,Expense
2020-11-22,Plan transfer charge.,Shopping,6490100,Expense
2020-11-22,Tax health clinic.,Entertainment,7474500,Expense
2020-11-22,Booking utility investment premium health parking balance.,Utilities,14779700,Expense
2020-11-22,Regular advance.,Other,20104000,Income
2020-11-22,Annual processed food balance store food.,Rent,14658100,Expense
2020-11-22,Charge digital.,Food & Drink,10249700,Expense
2020-11-22,Order direct discount freelance bonus salary.,Utilities,9593300,Expense
2020-11-22,Guy congress.,Salary,12545600,Income
2020-11-23,Annual financial gym order premium booking.,Travel,9305300,Expense
2020-11-23,Flight app reward food electricity.,Utilities,7791300,Expense
2020-11-23,Bus vendor vendor.,Entertainment,19254900,Expense
2020-11-23,Vendor deal.,Shopping,11889500,Expense
2020-11-23,Way main difficult case.,Entertainment,5414400,Expense
2020-11-23,Pending business processed.,Food & Drink,12368600,Expense
2020-11-23,Vendor market total restaurant fuel fuel.,Utilities,15269900,Expense
2020-11-23,Special plan pharmacy mortgage health net budget.,Shopping,4766300,Expense
2020-11-23,Phone bonus savings.,Shopping,7937000,Expense
2020-11-24,Investment online software deposit phone package.,Travel,12186200,Expense
2020-11-24,Debit utility financial order.,Shopping,11170100,Expense
2020-11-25,Purchase processed annual.,Travel,15284600,Expense
2020-11-25,Product then.,Salary,2516400,Income
2020-11-25,Balance app pending business.,Travel,8084400,Expense
2020-11-25,Such big side.,Other,40890000,Income
2020-11-26,Market digital investment.,Investment,17849000,Income
2020-11-26,Booking order.,Salary,12541900,Income
2020-11-26,Weekly net direct gross travel subscription package.,Health & Fitness,10865500,Expense
2020-11-26,Mall system.,Health & Fitness,7006900,Expense
2020-11-26,Budget hotel vendor order hardware.,Utilities,13993300,Expense
2020-11-26,Household phone.,Investment,9832800,Income
2020-11-26,Gross insurance material debit business.,Food & Drink,13178600,Expense
2020-11-26,Daily grocery total mall pharmacy interest.,Health & Fitness,821500,Expense
2020-11-26,Mall personal deal market reward material.,Investment,13486800,Income
2020-11-26,Vendor package freelance.,Shopping,3556900,Expense
2020-11-26,Heavy class story side speak.,Entertainment,14224700,Expense
2020-11-27,Hardware freelance annual.,Health & Fitness,18806300,Expense
2020-11-27,Store equipment taxi platform.,Rent,11168200,Expense
2020-11-27,Doctor dream whole six.,Investment,42800000,Income
2020-11-27,Balance health parking contract discount salary weekly.,Entertainment,7020700,Expense
2020-11-27,Payment digital.,Travel,18322600,Expense
2020-11-27,Entertainment renewal total economy platform renewal.,Salary,11797700,Income
2020-11-27,Analysis hair rest wide.,Food & Drink,11089800,Expense
2020-11-27,Deal premium discount insurance.,Utilities,3950600,Expense
2020-11-27,Digital gym.,Salary,10066000,Income
2020-11-28,Clinic charge order.,Health & Fitness,15121200,Expense
2020-11-28,Economy phone travel net digital.,Other,24182700,Income
2020-11-28,Special charge.,Rent,8780200,Expense
2020-11-28,Booking software.,Utilities,2952600,Expense
2020-11-28,Daily savings regular.,Other,22584500,Income
2020-11-28,Balance hospital flight regular.,Shopping,1913600,Expense
2020-11-29,Adjustment savings renewal utility freelance pharmacy.,Shopping,10882200,Expense
2020-11-29,Market electricity insurance.,Utilities,11195000,Expense
2020-11-29,Phone water parking.,Health & Fitness,9174900,Expense
2020-11-29,Grocery fuel direct material bus.,Investment,14690100,Income
2020-11-29,Restaurant system maintenance network.,Investment,32513400,Income
2020-11-29,Question now key show.,Utilities,10017700,Expense
2020-11-30,Reward tax clinic.,Travel,10769500,Expense
2020-11-30,Hospital vendor deal.,Other,20564700,Income
2020-11-30,Account equipment advance bonus transfer online market.,Entertainment,12506700,Expense
2020-12-01,Month whom stage soon.,Travel,8368300,Expense
2020-12-01,Food software phone weekly adjustment phone.,Shopping,2999400,Expense
2020-12-01,Management pharmacy freelance credit.,Shopping,18867500,Expense
2020-12-01,Interest annual pharmacy credit.,Rent,13848000,Expense
2020-12-01,Utility express app.,Rent,3194600,Expense
2020-12-01,Booking material deal bill flight annual.,Travel,8212200,Expense
2020-12-01,Bill service shop parking.,Travel,11877600,Expense
2020-12-01,Deal app.,Investment,42389500,Income
2020-12-02,Standard market purchase.,Health & Fitness,12821600,Expense
2020-12-02,Delivery market service booking material advance insurance.,Investment,12552700,Income
2020-12-02,Flight water gross debit.,Investment,14097200,Income
2020-12-03,Software equipment net business express subscription subscription.,Other,25998500,Income
2020-12-03,Online food.,Food & Drink,17142700,Expense
2020-12-03,Payment premium gross digital purchase.,Entertainment,15991900,Expense
2020-12-03,Personal flight standard platform deposit.,Travel,19023100,Expense
2020-12-03,Charge investment gym.,Investment,8391600,Income
2020-12-04,Service package hospital purchase.,Salary,19251900,Income
2020-12-04,Transfer automatic app salary personal bill.,Health & Fitness,17295300,Expense
2020-12-04,Charge tools freelance internet budget total.,Other,24471200,Income
2020-12-04,System contract phone fuel material client.,Utilities,4690100,Expense
2020-12-05,Surface expect several evening town.,Shopping,3893100,Expense
2020-12-05,Appear lose he.,Salary,4950200,Income
2020-12-06,Account express support.,Entertainment,15924800,Expense
2020-12-06,Special management.,Entertainment,17546400,Expense
2020-12-06,Account water hotel project.,Other,24170000,Income
2020-12-06,Internet hospital salary delivery electricity.,Health & Fitness,5748400,Expense
2020-12-06,Begin treat stage this.,Utilities,17294100,Expense
2020-12-06,Package hardware processed net travel support.,Shopping,6675700,Expense
2020-12-06,Account purchase bonus charge restaurant train advance.,Rent,1013100,Expense
2020-12-06,Discount automatic.,Shopping,12321400,Expense
2020-12-06,Regular platform credit fuel total travel monthly.,Travel,17090000,Expense
2020-12-07,Flight purchase.,Food & Drink,9084500,Expense
2020-12-07,Food material market management.,Salary,12050900,Income
2020-12-07,Processed weekly travel shop utility.,Travel,3377700,Expense
2020-12-08,Management clinic savings.,Utilities,962900,Expense
2020-12-08,Reward investment weekly insurance delivery budget.,Investment,23232000,Income
2020-12-09,Material investment software software gross maintenance mall.,Health & Fitness,8544700,Expense
2020-12-09,Flight hotel order contract phone insurance hotel.,Rent,17386500,Expense
2020-12-09,Taxi phone equipment express health.,Health & Fitness,4234500,Expense
2020-12-09,Mortgage bonus travel.,Health & Fitness,14750500,Expense
2020-12-09,Net order savings loan discount.,Salary,11263800,Income
2020-12-09,Market material booking health total booking.,Entertainment,10904400,Expense
2020-12-10,Mall direct digital direct tax.,Salary,5249500,Income
2020-12-10,Water market platform automatic electricity network fuel.,Entertainment,16278000,Expense
2020-12-10,App project utility.,Rent,17618000,Expense
2020-12-10,Investment software.,Shopping,3894700,Expense
2020-12-10,Online transfer health bill.,Other,19037600,Income
2020-12-10,Business monthly software water plan salary platform.,Shopping,12073500,Expense
2020-12-10,Transfer app software parking standard pharmacy reward.,Investment,26655600,Income
2020-12-10,Weekly business network loan credit mortgage.,Salary,14596200,Income
2020-12-10,Automatic train reward.,Entertainment,19741500,Expense
2020-12-10,Platform store.,Shopping,7218600,Expense
2020-12-10,Net processed project savings.,Food & Drink,7107800,Expense
2020-12-10,Phone automatic financial client client net mortgage.,Travel,8568000,Expense
2020-12-10,Balance premium priority budget.,Food & Drink,15993200,Expense
2020-12-10,Agreement us stuff.,Travel,16428900,Expense
2020-12-10,Apply maybe dog yes.,Shopping,6863500,Expense
2020-12-11,Case expert stop.,Travel,16765800,Expense
2020-12-11,Support budget adjustment delivery reward.,Travel,12527200,Expense
2020-12-11,Deal vendor regular premium deal special management.,Other,18725800,Income
2020-12-11,Delivery grocery express.,Shopping,6197300,Expense
2020-12-11,Water bus premium food fuel client bus.,Rent,4461600,Expense
2020-12-12,Daily bill.,Shopping,14570100,Expense
2020-12-12,Payment total app.,Travel,16671900,Expense
2020-12-12,Pending discount deal transfer insurance salary internet.,Health & Fitness,16810200,Expense
2020-12-12,Processed special invoice train equipment restaurant direct.,Entertainment,17276000,Expense
2020-12-12,Large accept bad eight.,Salary,17318700,Income
2020-12-13,Management project service.,Salary,9471900,Income
2020-12-13,Automatic flight taxi flight parking.,Entertainment,14551900,Expense
2020-12-13,Entertainment vendor mall.,Health & Fitness,8536600,Expense
2020-12-13,Material management store salary.,Travel,13892900,Expense
2020-12-13,Vote participant institution simply down.,Salary,6968000,Income
2020-12-14,Clinic hotel management project deposit water gross.,Food & Drink,8789800,Expense
2020-12-14,Book toward.,Entertainment,19617400,Expense
2020-12-14,Contract order food premium savings.,Food & Drink,13141100,Expense
2020-12-14,Draw police.,Shopping,9161400,Expense
2020-12-14,Household store software.,Salary,11409100,Income
2020-12-14,Phone financial mall regular equipment.,Rent,8017100,Expense
2020-12-15,Maintenance delivery tax purchase package bonus clinic.,Utilities,8332900,Expense
2020-12-15,Order travel invoice freelance app.,Investment,26652700,Income
2020-12-15,Travel bonus online hardware.,Investment,18785200,Income
2020-12-15,Processed salary deal.,Food & Drink,3062100,Expense
2020-12-15,Client gross.,Health & Fitness,11184000,Expense
2020-12-15,Direct market renewal delivery.,Shopping,2364300,Expense
2020-12-15,Net platform phone purchase restaurant.,Other,29871600,Income
2020-12-15,Plan utility support processed express annual.,Entertainment,4807200,Expense
2020-12-15,Hardware platform internet premium.,Shopping,7408400,Expense
2020-12-16,Investment market standard.,Health & Fitness,6416500,Expense
2020-12-16,Professor beat window.,Shopping,7783000,Expense
2020-12-16,Bonus clinic project processed platform investment.,Travel,9928200,Expense
2020-12-16,Investment pass drive.,Food & Drink,6431700,Expense
2020-12-16,Contract contract.,Rent,16738600,Expense
2020-12-16,Place offer.,Shopping,4747900,Expense
2020-12-16,Fuel market service.,Investment,32099400,Income
2020-12-16,Transfer advance subscription.,Food & Drink,6637700,Expense
2020-12-17,System hospital phone purchase salary bill.,Travel,14719900,Expense
2020-12-17,Order charge.,Food & Drink,16686000,Expense
2020-12-17,Insurance purchase advance management tax platform.,Shopping,6321700,Expense
2020-12-18,Wonder effect administration small.,Other,13220000,Income
2020-12-18,Name skill medical after them.,Utilities,9957000,Expense
2020-12-18,Weekly special network charge system.,Salary,13185900,Income
2020-12-18,Express contract maintenance taxi plan water.,Travel,9520800,Expense
2020-12-19,Taxi deposit network entertainment interest grocery fee.,Rent,14853100,Expense
2020-12-19,Savings hardware travel travel.,Entertainment,16918100,Expense
2020-12-19,Direct budget water savings personal system plan.,Entertainment,13135500,Expense
2020-12-20,Insurance fee payment service automatic package.,Travel,14906400,Expense
2020-12-20,Savings advance.,Utilities,13851000,Expense
2020-12-20,And national spend.,Food & Drink,14476600,Expense
2020-12-20,Run pick sign.,Salary,2084300,Income
2020-12-20,Hardware platform food.,Food & Drink,10396900,Expense
2020-12-20,Account business credit insurance mall online support.,Entertainment,14094600,Expense
2020-12-21,Gross service system priority business.,Rent,5195600,Expense
2020-12-21,Mall adjustment pending regular travel train.,Entertainment,13008100,Expense
2020-12-21,Market grocery delivery market.,Shopping,11495400,Expense
2020-12-21,Monthly interest plan management.,Rent,9608200,Expense
2020-12-21,Grocery phone travel online economy.,Other,26287200,Income
2020-12-21,Pharmacy business.,Utilities,6673100,Expense
2020-12-22,Bus software water store.,Entertainment,19179000,Expense
2020-12-22,Entertainment regular weekly monthly.,Utilities,10657400,Expense
2020-12-22,Electricity deposit advance priority payment.,Utilities,3552900,Expense
2020-12-22,Wonder long consider care.,Utilities,1589100,Expense
2020-12-23,Health software automatic health net budget.,Food & Drink,13471000,Expense
2020-12-23,Firm financial.,Rent,17050100,Expense
2020-12-23,Daily fuel digital deal priority personal.,Salary,6218000,Income
2020-12-23,Restaurant system water tools.,Salary,12844100,Income
2020-12-23,Investment mortgage gross health mortgage savings.,Food & Drink,16253100,Expense
2020-12-23,Fall analysis.,Travel,6837400,Expense
2020-12-24,Freelance fee hardware online gross advance booking.,Health & Fitness,591300,Expense
2020-12-24,Software app savings economy.,Utilities,16422500,Expense
2020-12-24,Investment special direct vendor.,Rent,16293200,Expense
2020-12-24,Hospital subscription.,Food & Drink,16895900,Expense
2020-12-24,Account business invoice budget.,Health & Fitness,7996100,Expense
2020-12-24,List already positive experience television.,Shopping,19087400,Expense
2020-12-25,App maintenance.,Investment,15762700,Income
2020-12-25,Internet purchase market credit restaurant.,Travel,9285800,Expense
2020-12-25,Payment support.,Travel,5701500,Expense
2020-12-25,Hospital balance pending contract.,Food & Drink,18121500,Expense
2020-12-25,Parking digital.,Salary,15951500,Income
2020-12-25,Shop order service maintenance.,Investment,37959200,Income
2020-12-25,Mall monthly.,Food & Drink,2502500,Expense
2020-12-25,Event son join hundred.,Salary,17460400,Income
2020-12-26,Management food reward.,Investment,39935200,Income
2020-12-26,Discount household.,Other,41529800,Income
2020-12-26,Fund cost reality happen.,Investment,24230000,Income
2020-12-26,Train equipment service savings booking.,Investment,17953500,Income
2020-12-26,Train annual vendor salary hospital.,Health & Fitness,8763800,Expense
2020-12-26,Vendor personal maintenance.,Investment,6221400,Income
2020-12-27,Monthly personal.,Rent,14305700,Expense
2020-12-27,Network flight mortgage reward package.,Travel,15820300,Expense
2020-12-27,Delivery salary priority pharmacy utility regular.,Shopping,10261600,Expense
2020-12-27,Special purchase delivery business budget hotel insurance.,Health & Fitness,15256200,Expense
2020-12-27,Deal account material gross renewal client.,Travel,10693400,Expense
2020-12-28,Vendor mall mall contract mortgage platform.,Salary,9112400,Income
2020-12-28,Song risk bad.,Travel,19948800,Expense
2020-12-28,Shop pharmacy gym grocery invoice client monthly.,Health & Fitness,2278000,Expense
2020-12-28,Mortgage utility discount platform shop charge pharmacy.,Health & Fitness,9296400,Expense
2020-12-29,Internet regular pharmacy taxi clinic system.,Health & Fitness,1600100,Expense
2020-12-29,Debit internet subscription.,Health & Fitness,12180200,Expense
2020-12-29,Train regular order special online grocery app.,Utilities,12389400,Expense
2020-12-29,Travel deposit tax health package internet.,Food & Drink,17328100,Expense
2020-12-29,Credit subscription deposit online.,Entertainment,2636100,Expense
2020-12-30,Package net online contract business.,Entertainment,7675500,Expense
2020-12-30,Adjustment balance interest management discount renewal purchase.,Investment,47798600,Income
2020-12-30,Material freelance internet weekly fee plan.,Investment,39426100,Income
2020-12-30,Family bill foreign fast knowledge.,Shopping,19568900,Expense
2020-12-31,Priority standard app charge bill.,Shopping,2913400,Expense
2020-12-31,Net hotel.,Health & Fitness,14127600,Expense
2020-12-31,Net discount.,Other,38280100,Income
2020-12-31,Contract system.,Shopping,13835700,Expense
2020-12-31,Train entertainment.,Travel,14413100,Expense
2020-12-31,Ready goal amount.,Rent,8929200,Expense
2020-12-31,Interest premium project annual material.,Rent,2109100,Expense
2021-01-01,Your ever woman way avoid.,Food & Drink,1015200,Expense
2021-01-01,Economy investment weekly market payment.,Entertainment,12864600,Expense
2021-01-01,Digital maintenance interest parking booking standard.,Food & Drink,14329200,Expense
2021-01-01,Financial credit.,Entertainment,12522900,Expense
2021-01-01,Total tools package network.,Health & Fitness,16063000,Expense
2021-01-01,Gross restaurant adjustment.,Investment,33778100,Income
2021-01-01,Processed electricity regular.,Rent,16510400,Expense
2021-01-02,Store health.,Health & Fitness,14463000,Expense
2021-01-02,Direct hospital phone household bill shop renewal.,Salary,11743900,Income
2021-01-02,Fuel tax service.,Utilities,13487000,Expense
2021-01-02,Advance loan standard hardware.,Health & Fitness,16647100,Expense
2021-01-03,Network shop standard package hardware mall.,Food & Drink,18130800,Expense
2021-01-03,Internet discount shop priority grocery service advance.,Rent,9980300,Expense
2021-01-03,System balance.,Investment,5589800,Income
2021-01-03,Client water freelance.,Travel,16028900,Expense
2021-01-03,App entertainment flight software client daily.,Entertainment,11275300,Expense
2021-01-03,Shop net digital clinic booking.,Food & Drink,10337800,Expense
2021-01-04,Mall insurance.,Entertainment,11466900,Expense
2021-01-04,Daily standard service fuel advance standard.,Shopping,16126000,Expense
2021-01-04,Purchase weekly utility salary personal.,Entertainment,13541000,Expense
2021-01-04,Financial fee renewal.,Travel,9972800,Expense
2021-01-04,Store hardware.,Utilities,15160200,Expense
2021-01-04,Package service direct water transfer internet hospital.,Rent,5009200,Expense
2021-01-04,Payment transfer weekly priority fee subscription vendor.,Utilities,9148900,Expense
2021-01-04,Transfer grocery app advance.,Travel,15617700,Expense
2021-01-05,Service gym network mall daily.,Shopping,12623800,Expense
2021-01-05,Balance insurance.,Other,8791300,Income
2021-01-05,Order adjustment special personal.,Investment,26195500,Income
2021-01-05,Personal travel budget processed utility order.,Health & Fitness,13656100,Expense
2021-01-05,System monthly travel credit investment delivery.,Health & Fitness,12826400,Expense
2021-01-05,Clinic advance transfer utility regular hotel.,Salary,5702600,Income
2021-01-06,Priority online.,Other,37924900,Income
2021-01-06,Flight household electricity vendor special priority fee.,Investment,30638300,Income
2021-01-06,Investment daily freelance.,Entertainment,11102600,Expense
2021-01-06,Savings special store clinic project processed.,Utilities,8880900,Expense
2021-01-06,Processed service digital priority management pending fuel.,Food & Drink,9743400,Expense
2021-01-06,Travel standard clinic direct.,Food & Drink,13080000,Expense
2021-01-06,Renewal personal charge system automatic.,Travel,13726100,Expense
2021-01-06,Charge project bus bonus financial internet gym.,Other,16637200,Income
2021-01-06,Call door.,Entertainment,10670200,Expense
2021-01-06,Credit shop market platform.,Entertainment,11057200,Expense
2021-01-06,Message seek civil all.,Travel,7233400,Expense
2021-01-07,Discount taxi health annual fee annual.,Travel,6297700,Expense
2021-01-07,Deal special gym client weekly.,Rent,11057300,Expense
2021-01-07,Project economy advance.,Other,24945000,Income
2021-01-07,Purchase invoice vendor tax app.,Shopping,5462000,Expense
2021-01-07,Parking management fee maintenance digital hospital regular.,Food & Drink,16329600,Expense
2021-01-08,Processed mall shop.,Investment,9220900,Income
2021-01-08,Health financial insurance credit network.,Other,41861200,Income
2021-01-08,Delivery account entertainment mortgage clinic client tax.,Food & Drink,10621300,Expense
2021-01-08,Fuel entertainment market grocery.,Other,41767500,Income
2021-01-08,Reward regular internet management.,Shopping,12664300,Expense
2021-01-08,Him note painting quickly.,Utilities,3482700,Expense
2021-01-09,Pending tools water bill insurance credit processed.,Health & Fitness,6056500,Expense
2021-01-09,Grocery financial bus personal gross.,Health & Fitness,11714300,Expense
2021-01-09,Tax salary market flight.,Health & Fitness,11524900,Expense
2021-01-09,Household app premium premium utility flight financial.,Entertainment,11814500,Expense
2021-01-09,Subscription clinic train.,Health & Fitness,14507400,Expense
2021-01-10,Investment deal reward.,Entertainment,5599600,Expense
2021-01-10,Economic box save.,Utilities,4720600,Expense
2021-01-10,Contract gym discount advance utility automatic mall.,Other,48138200,Income
2021-01-10,Contract fuel advance flight.,Other,8269000,Income
2021-01-10,Know baby case happen.,Other,24720000,Income
2021-01-11,Special app financial travel bus booking weekly.,Health & Fitness,11429900,Expense
2021-01-11,Bonus equipment reward.,Food & Drink,10157800,Expense
2021-01-11,Hit no energy employee land.,Salary,5181000,Income
2021-01-11,Gym online deal app plan standard.,Investment,13507900,Income
2021-01-12,Deal freelance tax business maintenance app.,Utilities,7717800,Expense
2021-01-12,Transfer restaurant.,Shopping,14695400,Expense
2021-01-12,Personal investment order salary.,Rent,5188200,Expense
2021-01-12,Customer career available common.,Other,28560000,Income
2021-01-13,Remember nearly face feel.,Travel,12814900,Expense
2021-01-13,Pharmacy fuel flight mortgage.,Shopping,13722500,Expense
2021-01-13,Internet fee.,Utilities,7750800,Expense
2021-01-13,Electricity contract net freelance order budget package.,Utilities,10076800,Expense
2021-01-13,Specific whose.,Utilities,1569900,Expense
2021-01-14,Delivery interest grocery.,Shopping,5595100,Expense
2021-01-14,Shop pharmacy.,Health & Fitness,10557400,Expense
2021-01-14,Support loan subscription monthly.,Salary,14817200,Income
2021-01-14,Door management guess.,Shopping,17081400,Expense
2021-01-14,Soldier meeting building.,Travel,9191000,Expense
2021-01-15,Discount freelance food.,Utilities,11185000,Expense
2021-01-15,Parking water investment.,Rent,1809800,Expense
2021-01-15,Tools delivery.,Utilities,18033400,Expense
2021-01-15,Account total delivery software vendor electricity net.,Rent,13161100,Expense
2021-01-15,Level work candidate this.,Other,34400000,Income
2021-01-15,Huge response long.,Travel,536600,Expense
2021-01-15,Delivery total payment loan automatic software digital.,Salary,18938000,Income
2021-01-15,Priority hospital tax charge flight tools.,Travel,13513400,Expense
2021-01-16,Bus store.,Shopping,15056500,Expense
2021-01-16,Booking digital shop.,Entertainment,8260100,Expense
2021-01-16,Plan interest express health deal household.,Utilities,15697500,Expense
2021-01-16,Shop budget credit household network direct pharmacy.,Travel,9499400,Expense
2021-01-16,Mortgage financial plan.,Food & Drink,18340400,Expense
2021-01-16,Travel renewal.,Travel,5520300,Expense
2021-01-16,Credit client pharmacy hospital vendor.,Salary,13241100,Income
2021-01-17,Platform discount support hospital insurance.,Salary,13439100,Income
2021-01-17,Deal payment entertainment reward annual utility.,Food & Drink,9011400,Expense
2021-01-17,Grocery renewal maintenance internet.,Investment,25231200,Income
2021-01-17,Quite general there sister.,Food & Drink,18221300,Expense
2021-01-17,Pending booking special.,Entertainment,5410300,Expense
2021-01-17,Transfer hardware express food.,Salary,8376600,Income
2021-01-17,Total invoice gross taxi electricity hospital.,Entertainment,19367300,Expense
2021-01-17,Statement available win politics.,Shopping,5562200,Expense
2021-01-17,Monthly processed.,Travel,14408100,Expense
2021-01-18,Economy hotel total app monthly online standard.,Health & Fitness,9012700,Expense
2021-01-18,Special automatic savings reward annual train.,Investment,11155100,Income
2021-01-18,Package system weekly platform subscription.,Food & Drink,6025100,Expense
2021-01-18,Mall market clinic annual material.,Rent,6861300,Expense
2021-01-18,Invoice parking.,Investment,13973100,Income
2021-01-18,Special bill.,Other,28949100,Income
2021-01-18,Deal bonus platform tax budget.,Rent,374300,Expense
2021-01-19,Grocery mortgage automatic market store.,Shopping,11360300,Expense
2021-01-19,Personal renewal salary standard market.,Travel,18504000,Expense
2021-01-19,Business express plan payment utility automatic.,Entertainment,11121800,Expense
2021-01-19,Shop regular savings internet electricity direct balance.,Shopping,12340500,Expense
2021-01-19,Software reward.,Travel,14840000,Expense
2021-01-19,Utility bus automatic adjustment restaurant savings.,Investment,24955500,Income
2021-01-19,Item treat area.,Travel,15537200,Expense
2021-01-19,Food hardware phone.,Utilities,15453600,Expense
2021-01-19,Reward credit pharmacy booking.,Shopping,11425600,Expense
2021-01-19,Balance internet digital online balance delivery hotel.,Rent,7006400,Expense
2021-01-19,Mall project financial financial deposit budget.,Entertainment,11435600,Expense
2021-01-20,Check clearly follow remember generation.,Health & Fitness,4458200,Expense
2021-01-20,Savings system.,Health & Fitness,14454700,Expense
2021-01-20,Investment water renewal bus.,Utilities,18304800,Expense
2021-01-20,Weekly pending network hardware.,Utilities,16209000,Expense
2021-01-20,Parking deal network phone app.,Health & Fitness,9408700,Expense
2021-01-20,Clinic package travel debit tax system.,Shopping,10711700,Expense
2021-01-20,Digital app.,Salary,12474400,Income
2021-01-20,Market phone savings taxi.,Food & Drink,5076900,Expense
2021-01-21,Renewal reward.,Health & Fitness,7754200,Expense
2021-01-21,Support booking premium gross weekly plan business.,Shopping,16922700,Expense
2021-01-21,Contract service internet digital special water digital.,Travel,11710700,Expense
2021-01-21,Discount deposit pharmacy material bill net mortgage.,Salary,8168400,Income
2021-01-21,Pharmacy deal delivery bus mall transfer equipment.,Rent,11368500,Expense
2021-01-21,Charge tools monthly interest support debit.,Investment,8178100,Income
2021-01-22,Delivery interest net.,Food & Drink,9066600,Expense
2021-01-22,Parking restaurant package household economy total discount.,Other,38124900,Income
2021-01-22,Business debit.,Other,19755200,Income
2021-01-23,Invoice travel renewal project.,Travel,12563600,Expense
2021-01-23,Entertainment health tools interest electricity personal hotel.,Entertainment,4721400,Expense
2021-01-23,Annual standard.,Shopping,12494700,Expense
2021-01-23,Transfer gym tools household.,Travel,5275200,Expense
2021-01-23,Hotel flight.,Rent,12387400,Expense
2021-01-23,Market daily.,Rent,7199000,Expense
2021-01-23,App special adjustment parking.,Shopping,6273700,Expense
2021-01-23,Credit network payment hardware bus.,Travel,6258600,Expense
2021-01-23,Premium charge tools fee.,Shopping,10946000,Expense
2021-01-23,Charge credit plan gym store.,Investment,15561800,Income
2021-01-23,Weekly grocery equipment pending food plan.,Salary,2212900,Income
2021-01-23,Delivery order app charge maintenance salary tools.,Food & Drink,5573300,Expense
2021-01-24,Total loan monthly salary freelance hotel.,Utilities,15537200,Expense
2021-01-24,Suffer economy play.,Other,16200000,Income
2021-01-24,Tools standard advance automatic standard.,Other,17591100,Income
2021-01-24,Priority charge health automatic phone.,Food & Drink,4832300,Expense
2021-01-24,Health internet loan insurance bill bus phone.,Other,27665400,Income
2021-01-25,Budget express.,Food & Drink,14637100,Expense
2021-01-25,Fuel client personal platform.,Food & Drink,12624300,Expense
2021-01-26,By field move.,Food & Drink,6247800,Expense
2021-01-26,Restaurant taxi business taxi.,Investment,11378300,Income
2021-01-26,Total plan purchase subscription taxi internet savings.,Shopping,11008600,Expense
2021-01-27,Option oil commercial.,Health & Fitness,14674000,Expense
2021-01-27,Purchase deposit hospital hotel pending processed project.,Travel,7665100,Expense
2021-01-27,Nation politics few each southern.,Health & Fitness,10664000,Expense
2021-01-27,Short indicate police.,Utilities,4095800,Expense
2021-01-27,American tell ball we side.,Other,31760000,Income
2021-01-27,Shop priority parking app insurance electricity gross.,Health & Fitness,10810000,Expense
2021-01-27,Delivery tax renewal online.,Shopping,17828100,Expense
2021-01-27,Subscription platform.,Rent,11727700,Expense
2021-01-28,Account digital store credit market phone.,Health & Fitness,4762500,Expense
2021-01-28,Deal advance hardware economy discount.,Health & Fitness,6226200,Expense
2021-01-28,Health food renewal direct.,Shopping,6781500,Expense
2021-01-28,Tax personal weekly market shop.,Salary,15132900,Income
2021-01-28,Weekly investment net bonus booking.,Food & Drink,13082700,Expense
2021-01-29,Law read citizen.,Utilities,5213700,Expense
2021-01-29,Booking invoice project renewal mall bus.,Utilities,6951900,Expense
2021-01-29,Store deal grocery hardware mortgage.,Rent,18530800,Expense
2021-01-29,Shop subscription deal.,Investment,18838600,Income
2021-01-29,Mall credit.,Shopping,4705600,Expense
2021-01-29,Balance savings premium tax payment.,Health & Fitness,18346900,Expense
2021-01-29,Hospital digital payment annual app.,Utilities,12112700,Expense
2021-01-29,Equipment hospital taxi travel premium daily electricity.,Health & Fitness,4678200,Expense
2021-01-30,Direct bonus express vendor plan.,Shopping,18546100,Expense
2021-01-30,Debit store reward parking management food.,Rent,13075700,Expense
2021-01-30,Purchase household entertainment loan.,Rent,10024400,Expense
2021-01-31,Shop savings maintenance clinic budget management clinic.,Rent,13638900,Expense
2021-01-31,System water financial total.,Utilities,3560600,Expense
2021-01-31,Client discount material financial transfer.,Travel,7773500,Expense
2021-01-31,Project weekly bus standard.,Shopping,15905100,Expense
2021-01-31,Bus charge standard vendor.,Health & Fitness,10218600,Expense
2021-02-01,Total discount package invoice.,Entertainment,15058400,Expense
2021-02-01,Investment economy train tools account parking.,Entertainment,12323200,Expense
2021-02-01,Hotel annual pending.,Health & Fitness,5791800,Expense
2021-02-01,Standard annual payment loan.,Rent,8938900,Expense
2021-02-01,Material system credit economy.,Rent,4963700,Expense
2021-02-02,Deposit project purchase tools.,Rent,5690800,Expense
2021-02-02,Processed support standard.,Investment,33641900,Income
2021-02-02,Less future century technology.,Salary,19350900,Income
2021-02-02,Utility tax material gross.,Travel,10309600,Expense
2021-02-02,Booking bill market entertainment.,Salary,9217900,Income
2021-02-03,Automatic pharmacy transfer management mortgage reward.,Health & Fitness,14152900,Expense
2021-02-03,Order deposit parking adjustment debit tools mortgage.,Utilities,10756300,Expense
2021-02-03,App bill management savings annual entertainment.,Travel,9172300,Expense
2021-02-03,Payment app fuel hardware.,Investment,34082100,Income
2021-02-03,Gym direct delivery processed premium purchase fee.,Food & Drink,11524800,Expense
2021-02-03,Balance utility vendor food.,Salary,15239700,Income
2021-02-03,Hospital taxi bill special maintenance.,Entertainment,16356600,Expense
2021-02-03,Charge water freelance bus vendor pending.,Entertainment,4370300,Expense
2021-02-03,Loan flight.,Rent,17088700,Expense
2021-02-03,Personal gym express.,Rent,19164600,Expense
2021-02-04,Equipment material tax mall market pharmacy invoice.,Investment,26896100,Income
2021-02-04,Economy invoice flight.,Food & Drink,8546300,Expense
2021-02-04,Net account taxi.,Food & Drink,18480200,Expense
2021-02-04,Financial health market parking payment balance deal.,Travel,6827200,Expense
2021-02-04,Store net.,Travel,11371800,Expense
2021-02-05,Hardware tools store.,Health & Fitness,4572600,Expense
2021-02-05,Mortgage net.,Shopping,11561200,Expense
2021-02-05,Maintenance payment.,Investment,26524900,Income
2021-02-05,Wish candidate have no.,Health & Fitness,16104200,Expense
2021-02-05,Letter environment easy.,Rent,2901100,Expense
2021-02-05,Digital monthly gross.,Shopping,12912400,Expense
2021-02-06,Network charge phone platform invoice.,Health & Fitness,19350900,Expense
2021-02-06,Direct salary.,Health & Fitness,5068600,Expense
2021-02-06,Charge internet material flight.,Salary,19463100,Income
2021-02-06,Online insurance hardware phone bonus.,Rent,14038000,Expense
2021-02-06,Shop special reward credit charge savings.,Investment,23080600,Income
2021-02-07,Train advance.,Other,10688500,Income
2021-02-07,Standard flight delivery premium bonus.,Shopping,16977800,Expense
2021-02-07,Subscription invoice app economy renewal.,Shopping,5070500,Expense
2021-02-07,Internet project platform payment.,Travel,18305200,Expense
2021-02-08,Account fee taxi.,Investment,20635100,Income
2021-02-08,Face his.,Shopping,19348700,Expense
2021-02-08,While total spend.,Health & Fitness,1897000,Expense
2021-02-08,Net pending automatic bus.,Travel,4243800,Expense
2021-02-08,Standard subscription hotel.,Travel,11023100,Expense
2021-02-09,Tax deal management material internet hardware household.,Other,25713700,Income
2021-02-09,Couple city you level.,Travel,10777800,Expense
2021-02-09,Age war measure whom.,Travel,11732700,Expense
2021-02-09,Interest flight app.,Salary,7075700,Income
2021-02-09,Hospital phone transfer equipment business balance pharmacy.,Travel,16955900,Expense
2021-02-09,Hospital booking special utility discount phone vendor.,Health & Fitness,17949200,Expense
2021-02-09,Package software pharmacy.,Food & Drink,17196700,Expense
2021-02-10,Tools mortgage priority contract loan transfer loan.,Entertainment,12429500,Expense
2021-02-10,Regular net gross market purchase renewal special.,Food & Drink,14454000,Expense
2021-02-10,Charge economy credit tools fuel material.,Utilities,9179000,Expense
2021-02-10,Equipment clinic client fuel train.,Utilities,15461100,Expense
2021-02-10,Software client.,Investment,33101400,Income
2021-02-10,Priority fee.,Other,35415300,Income
2021-02-10,Debit priority.,Shopping,15040000,Expense
2021-02-10,Pending loan annual advance mall booking balance.,Health & Fitness,3957700,Expense
2021-02-11,Weekly renewal.,Utilities,10709600,Expense
2021-02-11,Tools gym deposit.,Salary,11648000,Income
2021-02-11,Priority investment train direct service market credit.,Entertainment,10093700,Expense
2021-02-11,Mr suggest issue.,Food & Drink,12429000,Expense
2021-02-11,Good anything manager think pressure.,Health & Fitness,2256100,Expense
2021-02-11,Invoice transfer payment.,Shopping,11477600,Expense
2021-02-11,Savings gross renewal water internet.,Travel,17133600,Expense
2021-02-11,Adjustment tax shop.,Entertainment,11151600,Expense
2021-02-12,Delivery loan financial economy net personal.,Utilities,9645200,Expense
2021-02-12,Tools economy savings.,Health & Fitness,15240800,Expense
2021-02-12,Adjustment network software processed mall renewal gym.,Entertainment,8784100,Expense
2021-02-12,Purchase monthly.,Food & Drink,11168500,Expense
2021-02-12,Order parking order shop vendor fee mall.,Salary,7626200,Income
2021-02-12,Total bus contract tax.,Health & Fitness,13052800,Expense
2021-02-13,Credit travel service balance order hospital.,Rent,14279500,Expense
2021-02-13,Material invoice processed regular.,Salary,13962200,Income
2021-02-13,Train taxi train credit.,Shopping,7968300,Expense
2021-02-13,Shake hand hundred now.,Health & Fitness,18313600,Expense
2021-02-13,Subscription payment renewal gym restaurant.,Investment,24911500,Income
2021-02-13,Flight deposit daily vendor taxi savings.,Travel,19706000,Expense
2021-02-13,Gross freelance digital insurance deposit.,Investment,29619500,Income
2021-02-14,Support restaurant pharmacy processed subscription investment.,Shopping,12065900,Expense
2021-02-14,Package household hardware project weekly debit.,Salary,16891700,Income
2021-02-14,Freelance service weekly clinic shop electricity bus.,Utilities,16069800,Expense
2021-02-15,Clinic advance account.,Food & Drink,14704400,Expense
2021-02-15,Software interest maintenance vendor transfer credit.,Rent,2539300,Expense
2021-02-15,Booking tax advance travel transfer.,Health & Fitness,8259900,Expense
2021-02-15,Processed annual clinic online app system client.,Entertainment,12213500,Expense
2021-02-16,Network available mean share.,Rent,12744500,Expense
2021-02-16,Business standard order client app restaurant processed.,Shopping,14384400,Expense
2021-02-17,Direct software booking charge.,Salary,10192600,Income
2021-02-17,Special flight.,Travel,17698200,Expense
2021-02-17,Phone gym subscription.,Investment,28317600,Income
2021-02-18,Quite budget window hour some.,Travel,13019900,Expense
2021-02-18,Balance maintenance mortgage.,Salary,14406800,Income
2021-02-18,App special tax mortgage.,Rent,10688600,Expense
2021-02-18,Train parking service.,Investment,20716000,Income
2021-02-18,Weekly personal.,Other,24057600,Income
2021-02-18,Package savings.,Investment,10498200,Income
2021-02-18,Payment freelance clinic.,Rent,12869600,Expense
2021-02-19,Weekly pending invoice balance utility.,Food & Drink,1135300,Expense
2021-02-19,Discount service subscription.,Entertainment,10625900,Expense
2021-02-19,Voice sense current meeting matter.,Investment,8040000,Income
2021-02-20,Total market economy mall store.,Entertainment,2488600,Expense
2021-02-20,Case four.,Salary,2410800,Income
2021-02-21,Utility bonus gym restaurant hardware clinic bonus.,Entertainment,5271100,Expense
2021-02-21,Express maintenance gross package.,Shopping,14265300,Expense
2021-02-21,Internet electricity loan.,Investment,16542100,Income
2021-02-21,Hotel hospital travel shop.,Rent,6575900,Expense
2021-02-21,Lead paper middle foreign party.,Utilities,7834100,Expense
2021-02-22,Network monthly insurance shop.,Food & Drink,4810000,Expense
2021-02-22,Regular debit network renewal.,Salary,12117000,Income
2021-02-22,Household fuel electricity.,Shopping,2120700,Expense
2021-02-22,Loan online system pharmacy.,Entertainment,15888800,Expense
2021-02-22,Interest online health loan equipment adjustment.,Health & Fitness,6416000,Expense
2021-02-22,Transfer clinic fuel standard credit.,Investment,25336800,Income
2021-02-23,Delivery app express transfer automatic loan entertainment.,Rent,7326300,Expense
2021-02-23,Premium utility travel mortgage travel plan renewal.,Travel,10779600,Expense
2021-02-23,Loan tools investment reward priority reward management.,Food & Drink,14811600,Expense
2021-02-23,Project food annual express personal.,Utilities,1945800,Expense
2021-02-23,Wrong school federal from.,Shopping,11788100,Expense
2021-02-23,Gym investment equipment project.,Investment,23866700,Income
2021-02-23,Credit tools internet premium system entertainment.,Rent,5796900,Expense
2021-02-24,Water shop shop hospital parking service.,Health & Fitness,10638900,Expense
2021-02-24,Subscription payment transfer.,Investment,8547600,Income
2021-02-24,Subscription clinic utility booking balance transfer entertainment.,Other,38334500,Income
2021-02-24,Management material network insurance package annual booking.,Entertainment,5629100,Expense
2021-02-24,Majority none little admit former.,Shopping,13132900,Expense
2021-02-24,Insurance charge app fee pharmacy.,Utilities,16648500,Expense
2021-02-24,Discount vendor.,Travel,7768700,Expense
2021-02-24,Invoice processed taxi phone.,Travel,4909900,Expense
2021-02-24,Vendor parking material.,Entertainment,5823200,Expense
2021-02-25,Delivery plan shop annual express express insurance.,Travel,16005500,Expense
2021-02-25,Water financial train material health shop market.,Travel,8116400,Expense
2021-02-25,Taxi hospital advance fee gross booking savings.,Investment,43254300,Income
2021-02-26,Freelance hotel financial food.,Utilities,5523500,Expense
2021-02-26,Automatic tax hardware project tools debit utility.,Travel,7044400,Expense
2021-02-26,Debit pharmacy.,Shopping,6321700,Expense
2021-02-26,Tools internet hospital shop processed direct mortgage.,Health & Fitness,19944600,Expense
2021-02-26,Deposit order fee standard water flight.,Rent,5881800,Expense
2021-02-26,Internet budget mortgage clinic mortgage.,Utilities,3628000,Expense
2021-02-26,Discount clinic bonus gross market.,Investment,29420300,Income
2021-02-27,Taxi debit.,Investment,28792200,Income
2021-02-27,On someone rise read.,Shopping,18787200,Expense
2021-02-27,Purchase savings hardware flight.,Utilities,17918000,Expense
2021-02-27,Bill grocery maintenance economy internet.,Salary,17083700,Income
2021-02-27,Management purchase gym.,Health & Fitness,6585400,Expense
2021-02-27,Clinic direct discount payment budget.,Health & Fitness,8259900,Expense
2021-02-28,Salary investment booking regular credit.,Salary,9453400,Income
2021-02-28,Annual tax bus software material hardware.,Food & Drink,16947400,Expense
2021-02-28,Processed clinic electricity regular.,Shopping,14786600,Expense
2021-02-28,Personal tools.,Travel,16176100,Expense
2021-02-28,Delivery electricity.,Utilities,8408700,Expense
2021-02-28,Listen whose situation simply officer.,Health & Fitness,4423700,Expense
2021-03-01,Bill debit travel automatic business.,Other,47238200,Income
2021-03-01,Deal subscription tools payment.,Travel,16220000,Expense
2021-03-01,Internet taxi maintenance deposit.,Shopping,11599700,Expense
2021-03-01,Premium package invoice digital internet transfer.,Food & Drink,13552300,Expense
2021-03-01,Delivery business flight water shop.,Other,46451500,Income
2021-03-01,Tools plan household.,Food & Drink,8174600,Expense
2021-03-01,Adjustment renewal.,Utilities,8288500,Expense
2021-03-02,Salary bonus clinic credit online.,Food & Drink,13944700,Expense
2021-03-02,Clinic total deal invoice equipment.,Salary,9985900,Income
2021-03-02,Lose modern return simple herself.,Entertainment,17123500,Expense
2021-03-02,Subscription contract order contract package management platform.,Entertainment,11643000,Expense
2021-03-02,Annual platform restaurant order package fuel deposit.,Food & Drink,6462600,Expense
2021-03-02,Online special entertainment salary store.,Health & Fitness,10877500,Expense
2021-03-02,Kid industry.,Health & Fitness,1304900,Expense
2021-03-02,Occur red.,Other,49600000,Income
2021-03-02,Clinic hotel app.,Rent,7259600,Expense
2021-03-02,Train weekly parking freelance hardware.,Health & Fitness,8991300,Expense
2021-03-02,Purchase credit net.,Salary,19911200,Income
2021-03-03,Advance deposit.,Food & Drink,11122600,Expense
2021-03-03,Annual daily priority software.,Travel,7429300,Expense
2021-03-03,Annual entertainment bus gross.,Travel,11867300,Expense
2021-03-03,Client service maintenance.,Food & Drink,7400800,Expense
2021-03-03,Store savings fee hotel credit health express.,Salary,3127800,Income
2021-03-03,Account daily digital weekly.,Utilities,9794300,Expense
2021-03-03,Express vendor gross.,Food & Drink,8436100,Expense
2021-03-03,Payment household savings business processed.,Entertainment,6706600,Expense
2021-03-04,Payment bus loan booking utility.,Investment,21213600,Income
2021-03-04,Direct bonus loan hotel.,Rent,10820800,Expense
2021-03-04,Improve simple turn.,Rent,18985300,Expense
2021-03-04,Project weekly platform.,Food & Drink,8999200,Expense
2021-03-04,Special direct interest.,Food & Drink,15408700,Expense
2021-03-04,Loan online mortgage special water equipment credit.,Rent,10835800,Expense
2021-03-04,Transfer tax invoice bus gross hardware insurance.,Salary,2430200,Income
2021-03-04,Clinic clinic standard app deal account monthly.,Rent,4671400,Expense
2021-03-04,Charge hardware.,Salary,3298200,Income
2021-03-05,Maintenance internet entertainment freelance water express.,Salary,18761400,Income
2021-03-05,System financial material support delivery maintenance.,Food & Drink,10966600,Expense
2021-03-05,Heavy what least mouth national.,Food & Drink,1106500,Expense
2021-03-05,Million night your.,Rent,13289100,Expense
2021-03-05,Digital charge project net mortgage deposit software.,Health & Fitness,15072100,Expense
2021-03-05,Investment premium.,Shopping,10169800,Expense
2021-03-05,Deal payment subscription grocery travel grocery.,Salary,8287000,Income
2021-03-06,Software gym client mortgage grocery renewal.,Food & Drink,11635300,Expense
2021-03-06,Order platform bill household.,Entertainment,9179800,Expense
2021-03-06,Management interest interest credit daily adjustment grocery.,Utilities,5676100,Expense
2021-03-06,Regular delivery priority financial hotel shop debit.,Investment,16932000,Income
2021-03-07,Order subscription annual pending train parking.,Food & Drink,8399000,Expense
2021-03-07,Pending gym direct deposit restaurant water.,Entertainment,10446200,Expense
2021-03-07,Machine whatever everything fear walk.,Utilities,15760900,Expense
2021-03-07,Platform restaurant investment economy network client.,Shopping,2030800,Expense
2021-03-07,Relate real major.,Entertainment,11769000,Expense
2021-03-07,Mall payment.,Health & Fitness,8283800,Expense
2021-03-07,Savings bonus plan adjustment package.,Health & Fitness,15327900,Expense
2021-03-07,Taxi utility.,Salary,8924900,Income
2021-03-07,Client parking premium software delivery.,Travel,7250000,Expense
2021-03-07,Premium household.,Shopping,7935400,Expense
2021-03-07,Insurance project store delivery processed.,Other,22393800,Income
2021-03-07,Shop net support weekly.,Shopping,5054900,Expense
2021-03-07,Pending train grocery contract balance.,Other,27311900,Income
2021-03-08,Platform app deposit tax shop regular.,Salary,19775800,Income
2021-03-08,Weekly app payment train personal mall standard.,Rent,14710600,Expense
2021-03-08,Budget interest app gym plan parking.,Utilities,10762600,Expense
2021-03-08,Night various return explain.,Entertainment,6638300,Expense
2021-03-08,Project annual.,Health & Fitness,9195300,Expense
2021-03-08,Express processed renewal.,Travel,11763800,Expense
2021-03-09,Train subscription annual.,Salary,12480200,Income
2021-03-09,Mortgage package platform reward package.,Investment,36825800,Income
2021-03-09,Explain research.,Utilities,19751800,Expense
2021-03-09,Here woman stand west source.,Investment,27710000,Income
2021-03-09,Renewal train gross.,Other,10065000,Income
2021-03-09,Financial train.,Other,36130700,Income
2021-03-09,Bonus express hospital material food.,Health & Fitness,14937500,Expense
2021-03-09,Net reward equipment train savings deal financial.,Salary,6001400,Income
2021-03-10,Hotel net.,Utilities,13839600,Expense
2021-03-10,Entertainment account travel.,Shopping,6491100,Expense
2021-03-10,Platform fee package direct.,Salary,10556700,Income
2021-03-10,Budget platform food reward.,Investment,40938300,Income
2021-03-10,Platform fee transfer support equipment salary.,Utilities,1354200,Expense
2021-03-10,Pretty section degree still.,Utilities,2287500,Expense
2021-03-10,Savings tools gym.,Health & Fitness,8240100,Expense
2021-03-11,Insurance platform market delivery invoice maintenance.,Other,44753800,Income
2021-03-11,System food hardware express order.,Health & Fitness,12796600,Expense
2021-03-11,Train automatic.,Utilities,10578100,Expense
2021-03-11,Vendor system net water management investment economy.,Entertainment,15559000,Expense
2021-03-11,Adjustment water.,Travel,793400,Expense
2021-03-11,Express budget subscription delivery train.,Salary,7947900,Income
2021-03-11,Project total client package balance.,Investment,35933900,Income
2021-03-11,Flight savings invoice freelance special bus.,Food & Drink,5762700,Expense
2021-03-12,Automatic transfer payment.,Food & Drink,11445500,Expense
2021-03-12,Package package mall electricity.,Rent,4405300,Expense
2021-03-12,Hospital total vendor automatic.,Salary,11038400,Income
2021-03-12,Receive case past only drug.,Utilities,395700,Expense
2021-03-12,Water direct health.,Shopping,991100,Expense
2021-03-12,Loan loan project store platform business.,Travel,12866400,Expense
2021-03-12,Gross package delivery premium system.,Salary,3405200,Income
2021-03-12,Order project gross.,Salary,10072400,Income
2021-03-12,Vendor order parking tools reward special.,Investment,32889700,Income
2021-03-13,Market network mall daily client.,Shopping,17001800,Expense
2021-03-13,Delivery payment project weekly grocery network phone.,Health & Fitness,10020800,Expense
2021-03-13,Weekly mall delivery insurance.,Rent,4971300,Expense
2021-03-13,Business subscription market store market plan network.,Other,42226000,Income
2021-03-13,Taxi plan business service contract budget.,Travel,18870100,Expense
2021-03-13,Fuel net fee mortgage travel purchase personal.,Entertainment,12071600,Expense
2021-03-13,Bill vendor insurance taxi service.,Rent,11644000,Expense
2021-03-14,Business travel online account direct fuel order.,Utilities,12704600,Expense
2021-03-14,Express investment client.,Salary,6804100,Income
2021-03-14,Bill direct.,Entertainment,10894700,Expense
2021-03-14,Discount travel hardware.,Food & Drink,12908200,Expense
2021-03-14,Hospital charge service mortgage balance.,Health & Fitness,11678400,Expense
2021-03-14,Mortgage platform deposit express client vendor.,Rent,14908700,Expense
2021-03-14,Transfer invoice interest debit transfer investment.,Utilities,6908200,Expense
2021-03-15,Shop salary renewal pending direct.,Shopping,7747900,Expense
2021-03-15,Point appear including.,Entertainment,11818200,Expense
2021-03-15,Travel digital purchase parking net.,Salary,12611400,Income
2021-03-15,Automatic service parking account.,Shopping,1465000,Expense
2021-03-15,Client material tax.,Utilities,4064900,Expense
2021-03-15,Hardware priority salary annual digital utility online.,Investment,30019800,Income
2021-03-15,Electricity entertainment mortgage advance train.,Food & Drink,12527400,Expense
2021-03-15,Race case.,Other,9290000,Income
2021-03-16,Travel salary pharmacy taxi project salary bus.,Food & Drink,9229100,Expense
2021-03-16,Imagine various there.,Other,48090000,Income
2021-03-16,Phone tools discount standard.,Investment,24958000,Income
2021-03-16,Booking fuel pharmacy household plan investment.,Salary,9870700,Income
2021-03-16,Total economy pending train balance balance taxi.,Utilities,11208700,Expense
2021-03-16,Sense expert experience.,Investment,44010000,Income
2021-03-16,Freelance plan.,Food & Drink,9377900,Expense
2021-03-17,Material payment credit food interest.,Rent,4027200,Expense
2021-03-17,Invoice internet.,Food & Drink,5680300,Expense
2021-03-17,Processed total charge personal debit.,Salary,18454600,Income
2021-03-17,Budget standard premium.,Other,29946900,Income
2021-03-17,Balance pending mall special.,Entertainment,1319500,Expense
2021-03-17,Present discussion.,Health & Fitness,10313400,Expense
2021-03-17,Individual study value.,Investment,8550000,Income
2021-03-18,Health weekly delivery digital vendor.,Rent,11593900,Expense
2021-03-18,Total food weekly.,Utilities,6157200,Expense
2021-03-18,Small control see the.,Travel,9215000,Expense
2021-03-19,Subscription system premium maintenance travel personal platform.,Health & Fitness,5732500,Expense
2021-03-19,Total parking premium mortgage debit.,Shopping,11387300,Expense
2021-03-19,Subscription direct hospital flight financial fee financial.,Other,41786500,Income
2021-03-19,Across nothing.,Food & Drink,19971900,Expense
2021-03-19,Household order total mortgage hardware standard.,Health & Fitness,3594600,Expense
2021-03-20,Pharmacy mortgage.,Entertainment,3246300,Expense
2021-03-20,Expect writer myself management.,Shopping,13753300,Expense
2021-03-20,Deal material.,Food & Drink,14544000,Expense
2021-03-20,Tools deposit clinic.,Entertainment,14799400,Expense
2021-03-20,Net economy system parking hotel tools.,Entertainment,15641800,Expense
2021-03-21,Digital online invoice electricity adjustment.,Health & Fitness,16216500,Expense
2021-03-21,Life cover both class.,Salary,1562500,Income
2021-03-21,Food water pending software hotel invoice direct.,Investment,26974900,Income
2021-03-21,Restaurant food.,Investment,29540700,Income
2021-03-21,Order advance food.,Entertainment,1908900,Expense
2021-03-21,Hotel purchase transfer booking delivery utility.,Health & Fitness,5411100,Expense
2021-03-21,Digital support purchase invoice vendor hospital client.,Shopping,3740900,Expense
2021-03-21,Online health.,Entertainment,5101300,Expense
2021-03-22,Discount purchase.,Other,25068200,Income
2021-03-22,Train phone electricity charge household support.,Food & Drink,13411900,Expense
2021-03-22,Grocery online package.,Entertainment,13975300,Expense
2021-03-22,Foreign husband believe word local.,Travel,9128900,Expense
2021-03-22,Purpose cover particularly police if.,Other,36200000,Income
2021-03-22,Responsibility add front.,Investment,10380000,Income
2021-03-23,Few reveal activity president.,Investment,40230000,Income
2021-03-23,End dog.,Rent,15882600,Expense
2021-03-23,Direct account order.,Food & Drink,11569900,Expense
2021-03-23,Phone purchase online.,Rent,9065100,Expense
2021-03-24,Electricity restaurant.,Rent,12650400,Expense
2021-03-24,Savings health.,Health & Fitness,11239300,Expense
2021-03-24,Property let.,Entertainment,8334900,Expense
2021-03-24,Purchase advance internet insurance interest mortgage delivery.,Food & Drink,9069600,Expense
2021-03-24,Personal support fuel.,Entertainment,18967300,Expense
2021-03-24,Fuel debit delivery.,Investment,17307400,Income
2021-03-24,Platform market personal entertainment net pharmacy.,Travel,9607700,Expense
2021-03-24,Digital vendor bus pharmacy.,Health & Fitness,11837300,Expense
2021-03-24,Booking savings grocery.,Rent,9863200,Expense
2021-03-24,Tax financial package phone salary total interest.,Food & Drink,10847700,Expense
2021-03-25,Platform support.,Rent,11575300,Expense
2021-03-25,Rather type thousand show.,Shopping,8378200,Expense
2021-03-25,Platform insurance regular bus clinic purchase.,Shopping,10018200,Expense
2021-03-25,Daily reward market travel management adjustment.,Utilities,13592900,Expense
2021-03-25,Automatic health pending credit.,Rent,6535500,Expense
2021-03-25,Payment booking.,Investment,27919200,Income
2021-03-26,Utility train water.,Food & Drink,17565300,Expense
2021-03-26,Happen determine whatever.,Other,30600000,Income
2021-03-26,Digital shop.,Entertainment,1277600,Expense
2021-03-27,Entertainment parking bonus charge renewal.,Food & Drink,18068600,Expense
2021-03-27,Total software fuel digital reward internet credit.,Other,33183700,Income
2021-03-27,Utility support daily travel.,Rent,4439300,Expense
2021-03-27,Lawyer writer health.,Health & Fitness,19076500,Expense
2021-03-27,Transfer payment.,Utilities,14494500,Expense
2021-03-27,Premium travel payment online budget.,Investment,40682200,Income
2021-03-27,Phone train platform material freelance bus subscription.,Rent,10201400,Expense
2021-03-27,Online clinic daily.,Other,25997100,Income
2021-03-27,Tax utility.,Other,18437400,Income
2021-03-28,Account fee discount budget daily.,Salary,3007600,Income
2021-03-28,Household package priority train.,Health & Fitness,9603900,Expense
2021-03-28,Serious soon stay seven.,Salary,1436000,Income
2021-03-29,Interest hardware internet project store transfer hospital.,Travel,5282900,Expense
2021-03-29,Purchase pending plan restaurant order store account.,Shopping,17439900,Expense
2021-03-29,Business parking hotel.,Rent,8519500,Expense
2021-03-29,Land region back nor article.,Rent,8694300,Expense
2021-03-29,Freelance salary.,Rent,11269700,Expense
2021-03-29,Debit loan food deposit subscription software.,Food & Drink,6633000,Expense
2021-03-29,Bill deal.,Health & Fitness,11271200,Expense
2021-03-30,Phone daily special digital charge.,Rent,4201300,Expense
2021-03-30,Dark mr clearly take.,Health & Fitness,16254200,Expense
2021-03-30,Train food daily.,Shopping,17482800,Expense
2021-03-31,Loan economy daily system phone entertainment travel.,Entertainment,262000,Expense
2021-03-31,Savings priority renewal mortgage budget.,Rent,10702800,Expense
2021-03-31,Transfer network.,Shopping,7053400,Expense
2021-03-31,Bus train electricity travel.,Travel,15689900,Expense
2021-03-31,Management economy transfer vendor investment.,Rent,5013100,Expense
2021-03-31,Clinic reward.,Investment,25220600,Income
2021-03-31,Tools savings tools health.,Investment,44771700,Income
2021-04-01,Restaurant discount hardware network tax.,Utilities,11245200,Expense
2021-04-01,Fuel balance gym premium mortgage premium special.,Shopping,5148500,Expense
2021-04-01,Freelance booking investment discount grocery.,Health & Fitness,8840700,Expense
2021-04-01,Water priority daily.,Food & Drink,15115500,Expense
2021-04-01,Platform hotel standard parking business taxi.,Rent,14596900,Expense
2021-04-01,Bus monthly entertainment health loan balance.,Health & Fitness,2246900,Expense
2021-04-01,Quite response.,Health & Fitness,13433300,Expense
2021-04-01,Economy automatic mortgage pending standard entertainment service.,Salary,1227000,Income
2021-04-01,Pharmacy service freelance automatic parking.,Travel,9844800,Expense
2021-04-02,Vendor monthly balance support renewal equipment discount.,Entertainment,5014500,Expense
2021-04-02,Booking freelance network internet.,Investment,48677100,Income
2021-04-02,Weekly personal.,Rent,3801900,Expense
2021-04-02,Gross priority.,Entertainment,12168400,Expense
2021-04-02,System pending tax travel.,Utilities,16759900,Expense
2021-04-02,Support store regular express fee hardware fuel.,Salary,14685500,Income
2021-04-02,Grocery credit balance health.,Utilities,8505400,Expense
2021-04-02,Together knowledge.,Shopping,17375000,Expense
2021-04-03,Automatic travel parking bus vendor.,Food & Drink,10395900,Expense
2021-04-03,Software taxi online gross debit fee.,Travel,10106100,Expense
2021-04-03,Management total app client personal bus bonus.,Rent,12355600,Expense
2021-04-03,Order vendor.,Shopping,4473600,Expense
2021-04-03,Transfer business flight insurance.,Utilities,14192400,Expense
2021-04-03,Household fuel market investment.,Entertainment,9037600,Expense
2021-04-03,Budget salary charge deposit.,Rent,8150200,Expense
2021-04-03,Grocery system deposit gym budget pharmacy priority.,Travel,12033700,Expense
2021-04-03,Food credit.,Rent,13012900,Expense
2021-04-03,Car indeed nor next.,Travel,12048200,Expense
2021-04-03,How staff.,Entertainment,3179100,Expense
2021-04-03,Authority interest red must art.,Rent,7067300,Expense
2021-04-03,Net gym standard pharmacy contract platform.,Rent,15904400,Expense
2021-04-04,Train personal grocery.,Health & Fitness,3879800,Expense
2021-04-04,Online advance interest hardware pharmacy.,Entertainment,10834100,Expense
2021-04-04,Travel tools.,Utilities,3083400,Expense
2021-04-05,Mortgage platform.,Rent,2391500,Expense
2021-04-05,Processed priority contract direct internet insurance.,Rent,434100,Expense
2021-04-05,Mall utility interest vendor equipment.,Entertainment,6160500,Expense
2021-04-05,Automatic fee utility.,Utilities,9971300,Expense
2021-04-05,Debit transfer gross.,Salary,12354000,Income
2021-04-05,Digital debit store equipment.,Rent,3847000,Expense
2021-04-06,Interest freelance delivery fuel.,Shopping,11116000,Expense
2021-04-06,Support hardware premium.,Entertainment,17690600,Expense
2021-04-06,Order freelance mall renewal salary clinic.,Other,38327100,Income
2021-04-06,Processed economy daily annual.,Travel,13783000,Expense
2021-04-07,App fee vendor payment.,Utilities,15542500,Expense
2021-04-07,Payment automatic app plan adjustment pharmacy.,Travel,16071400,Expense
2021-04-07,Software net total personal pharmacy economy payment.,Entertainment,6364000,Expense
2021-04-07,Booking project mortgage fee plan travel.,Rent,8549800,Expense
2021-04-07,Tools order entertainment order reward fee.,Health & Fitness,15726700,Expense
2021-04-07,Premium entertainment.,Food & Drink,18390600,Expense
2021-04-07,Automatic online net.,Utilities,12272700,Expense
2021-04-07,Clinic financial health booking monthly booking delivery.,Salary,8721400,Income
2021-04-08,Budget balance delivery phone balance fee transfer.,Entertainment,5546800,Expense
2021-04-08,Year him thank trade.,Shopping,16918600,Expense
2021-04-08,Utility debit.,Other,27686800,Income
2021-04-08,Contract debit maintenance order.,Shopping,12769500,Expense
2021-04-08,All important shoulder she.,Rent,15275900,Expense
2021-04-09,Monthly order investment.,Other,40632000,Income
2021-04-09,Radio product.,Food & Drink,12219000,Expense
2021-04-09,App market payment priority clinic balance transfer.,Investment,16308200,Income
2021-04-10,Budget shop balance tools automatic order.,Food & Drink,12735800,Expense
2021-04-10,Invoice app mall gross.,Entertainment,14574000,Expense
2021-04-10,Water material order processed.,Salary,2936500,Income
2021-04-10,Parking plan project market restaurant water client.,Shopping,11430600,Expense
2021-04-11,President girl condition.,Travel,676200,Expense
2021-04-11,Adjustment material market standard market advance regular.,Shopping,10909700,Expense
2021-04-11,Daily gross client standard pharmacy app internet.,Utilities,9363000,Expense
2021-04-11,Interest flight parking credit charge fuel.,Other,9878300,Income
2021-04-11,More road development about.,Travel,18438600,Expense
2021-04-11,Account tools direct.,Other,27870900,Income
2021-04-11,Automatic mall personal.,Salary,16710000,Income
2021-04-11,Parking grocery.,Rent,12987000,Expense
2021-04-11,Purchase weekly bonus.,Entertainment,5665400,Expense
2021-04-12,Express weekly investment store project.,Utilities,10851700,Expense
2021-04-12,Leg rest interest.,Utilities,17410300,Expense
2021-04-12,Payment annual taxi health travel phone.,Utilities,3802700,Expense
2021-04-12,Invoice utility daily pharmacy mortgage.,Rent,2184100,Expense
2021-04-12,Flight entertainment balance.,Salary,10263800,Income
2021-04-13,Tools tax.,Investment,47970300,Income
2021-04-13,Taxi maintenance daily delivery credit tools discount.,Investment,33142800,Income
2021-04-13,Pending direct adjustment household.,Travel,4066700,Expense
2021-04-13,Easy get every.,Shopping,1484700,Expense
2021-04-13,Travel project discount tax system automatic transfer.,Rent,4839000,Expense
2021-04-13,Maintenance renewal parking.,Rent,8026300,Expense
2021-04-14,Clinic business priority maintenance parking.,Rent,12591800,Expense
2021-04-14,Travel deposit freelance support.,Salary,9210400,Income
2021-04-14,Pending train grocery restaurant parking support.,Shopping,13486800,Expense
2021-04-14,Premium health.,Rent,11815600,Expense
2021-04-14,Freelance annual freelance.,Travel,5944900,Expense
2021-04-14,Debit vendor.,Shopping,11835900,Expense
2021-04-14,Deposit travel savings package transfer.,Health & Fitness,8794000,Expense
2021-04-14,Regular gross.,Food & Drink,3778700,Expense
2021-04-15,Taxi pending.,Health & Fitness,11844300,Expense
2021-04-15,System express food network.,Food & Drink,16307600,Expense
2021-04-15,Contract app gym water.,Entertainment,12426000,Expense
2021-04-16,Material payment.,Health & Fitness,18770000,Expense
2021-04-16,Restaurant interest automatic software.,Health & Fitness,9822800,Expense
2021-04-16,Clinic phone personal priority.,Utilities,14002100,Expense
2021-04-17,Processed direct hospital discount internet.,Salary,9381500,Income
2021-04-17,Entertainment order.,Rent,11779200,Expense
2021-04-17,Renewal online tools maintenance.,Shopping,7656500,Expense
2021-04-17,Personal material fee pharmacy savings gross.,Travel,10090900,Expense
2021-04-17,Travel premium special financial.,Food & Drink,10631800,Expense
2021-04-18,Pending hardware management.,Food & Drink,12583200,Expense
2021-04-18,Support hardware fee hotel salary.,Travel,11095100,Expense
2021-04-18,Network support client regular mall phone loan.,Salary,16299700,Income
2021-04-18,Special information.,Food & Drink,1926000,Expense
2021-04-18,Order tax balance gross management.,Travel,4574400,Expense
2021-04-18,Project client pending investment tools system utility.,Travel,11438000,Expense
2021-04-18,Annual discount hotel debit insurance grocery clinic.,Shopping,11484800,Expense
2021-04-19,Scientist i doctor.,Health & Fitness,6301600,Expense
2021-04-19,Regular express renewal special investment.,Shopping,12318700,Expense
2021-04-19,Five our pull fly few.,Investment,11680000,Income
2021-04-19,Cell year.,Rent,17678500,Expense
2021-04-19,Direct platform shop entertainment insurance.,Entertainment,8318000,Expense
2021-04-19,Equipment train account purchase bus.,Entertainment,6126700,Expense
2021-04-19,Personal app direct.,Other,41865500,Income
2021-04-19,Order business credit.,Rent,4696200,Expense
2021-04-19,Equipment pharmacy daily order annual annual investment.,Travel,4871600,Expense
2021-04-19,Investment hardware balance.,Other,29848500,Income
2021-04-19,Pending order freelance phone monthly market transfer.,Entertainment,19400000,Expense
2021-04-19,Deal beyond almost.,Shopping,8454700,Expense
2021-04-20,Gross utility plan reward train digital gross.,Travel,14415200,Expense
2021-04-20,Deal personal personal advance hardware savings.,Travel,14049000,Expense
2021-04-20,Savings adjustment.,Salary,7913000,Income
2021-04-20,Taxi client phone support business gym health.,Rent,12331100,Expense
2021-04-20,Special shop adjustment.,Entertainment,17385500,Expense
2021-04-21,Client gross standard store household balance.,Salary,12694300,Income
2021-04-21,Package delivery taxi freelance electricity hotel standard.,Health & Fitness,17049700,Expense
2021-04-21,Tax equipment restaurant purchase equipment.,Health & Fitness,19016700,Expense
2021-04-21,Determine feel article we they.,Shopping,9764700,Expense
2021-04-21,Phone project.,Other,27093500,Income
2021-04-22,Business hardware electricity online.,Other,6973200,Income
2021-04-22,Pending maintenance store.,Investment,19885100,Income
2021-04-22,Network mall loan.,Travel,14948100,Expense
2021-04-23,Platform restaurant deposit travel.,Travel,6667100,Expense
2021-04-23,Automatic total.,Health & Fitness,18932700,Expense
2021-04-23,Electricity budget.,Entertainment,9657600,Expense
2021-04-23,Health deal maintenance deposit.,Health & Fitness,13232100,Expense
2021-04-23,Loan order regular.,Food & Drink,6924700,Expense
2021-04-23,Weekly household gym app.,Rent,5715700,Expense
2021-04-23,Client freelance fuel health reward deposit.,Travel,6027900,Expense
2021-04-23,Network material weekly.,Rent,11431500,Expense
2021-04-23,Five indicate chance heavy senior.,Health & Fitness,8655300,Expense
2021-04-23,Phone total.,Salary,10515500,Income
2021-04-23,Quickly new another general poor.,Travel,4389800,Expense
2021-04-24,Total subscription internet maintenance market.,Salary,13553700,Income
2021-04-24,Support feeling remain.,Salary,10586000,Income
2021-04-24,Premium salary salary special tax pending.,Travel,15358100,Expense
2021-04-24,Economy premium restaurant store investment subscription fuel.,Shopping,13145300,Expense
2021-04-24,Maintenance annual priority.,Travel,11993700,Expense
2021-04-24,Market bus.,Shopping,6719700,Expense
2021-04-24,Pending app priority food priority health.,Other,35439600,Income
2021-04-25,Package personal salary economy weekly.,Health & Fitness,1638300,Expense
2021-04-25,Processed phone.,Health & Fitness,11218800,Expense
2021-04-25,Adjustment special budget transfer processed.,Shopping,8804900,Expense
2021-04-25,Salary bill support interest.,Health & Fitness,11770700,Expense
2021-04-25,Network processed standard order net express maintenance.,Food & Drink,18547800,Expense
2021-04-25,Market annual order direct platform discount.,Investment,31782600,Income
2021-04-25,Priority market travel subscription.,Entertainment,5113000,Expense
2021-04-25,Payment order.,Shopping,11842600,Expense
2021-04-25,Gym tools network.,Food & Drink,6748000,Expense
2021-04-25,Maintenance order online grocery.,Travel,1023500,Expense
2021-04-26,Personal monthly financial advance advance.,Shopping,5125300,Expense
2021-04-26,Parking service salary digital utility flight.,Rent,5416800,Expense
2021-04-26,Tools debit budget mortgage train.,Rent,10821200,Expense
2021-04-26,Shop salary priority utility savings.,Salary,6113400,Income
2021-04-26,Standard bus hospital taxi.,Entertainment,5317600,Expense
2021-04-26,Taxi client flight material household standard booking.,Rent,8136100,Expense
2021-04-26,Bus express savings purchase travel automatic vendor.,Rent,12479300,Expense
2021-04-26,Special store bus management renewal credit.,Travel,5041500,Expense
2021-04-26,Network material project vendor.,Entertainment,12443300,Expense
2021-04-27,Special pharmacy balance flight business.,Utilities,13235300,Expense
2021-04-27,Payment shop net.,Health & Fitness,6929800,Expense
2021-04-27,Hotel deposit daily order water express.,Health & Fitness,566100,Expense
2021-04-27,Restaurant grocery bonus annual bill network.,Salary,6550900,Income
2021-04-27,None whose.,Entertainment,7965700,Expense
2021-04-27,Bonus support deal adjustment utility electricity platform.,Food & Drink,2237300,Expense
2021-04-27,Movie stop.,Utilities,15306800,Expense
2021-04-27,Care drug data position two.,Food & Drink,4168000,Expense
2021-04-27,Management weekly package maintenance deposit advance savings.,Entertainment,7932800,Expense
2021-04-28,Gross contract household mall loan vendor grocery.,Shopping,13321000,Expense
2021-04-28,Train bonus pending budget.,Food & Drink,13890700,Expense
2021-04-28,Bus software debit.,Rent,8858900,Expense
2021-04-28,Express package platform.,Travel,6811000,Expense
2021-04-28,Hospital project material deal client.,Shopping,14494400,Expense
2021-04-28,Deal app account.,Rent,10247400,Expense
2021-04-28,Bus payment business client gym advance total.,Other,28688300,Income
2021-04-28,Payment booking material.,Salary,10700000,Income
2021-04-28,Economy deposit pharmacy gym.,Health & Fitness,4928200,Expense
2021-04-28,Project phone.,Investment,25269900,Income
2021-04-28,Train special.,Shopping,8031100,Expense
2021-04-29,Payment flight advance investment train maintenance adjustment.,Shopping,8412800,Expense
2021-04-29,Purchase deposit bus.,Salary,8646600,Income
2021-04-29,Priority shop.,Shopping,3695000,Expense
2021-04-29,Renewal personal economy loan mall express.,Health & Fitness,12245300,Expense
2021-04-29,Online regular delivery fuel booking.,Other,22670300,Income
2021-04-29,Standard annual.,Shopping,9359900,Expense
2021-04-29,Loan personal market premium salary.,Entertainment,6118200,Expense
2021-04-29,Direct gym.,Salary,5104000,Income
2021-04-29,Freelance economy client taxi network grocery online.,Entertainment,11918700,Expense
2021-04-30,Purchase pharmacy purchase special invoice online discount.,Entertainment,16523700,Expense
2021-04-30,Payment internet.,Other,17008500,Income
2021-04-30,Software entertainment mortgage.,Food & Drink,18439700,Expense
2021-04-30,Help painting always.,Rent,253800,Expense
2021-04-30,Balance subscription parking pharmacy.,Investment,27242100,Income
2021-04-30,Flight online financial bill client charge bus.,Utilities,10629600,Expense
2021-05-01,Flight loan advance bus store.,Utilities,12281200,Expense
2021-05-01,Digital management.,Salary,19874700,Income
2021-05-01,Deal personal plan restaurant store health.,Entertainment,16121400,Expense
2021-05-01,Daily grocery.,Rent,13567100,Expense
2021-05-01,Processed debit grocery health utility.,Investment,43461600,Income
2021-05-02,Pending client deposit delivery mall market transfer.,Food & Drink,14772200,Expense
2021-05-02,Reward vendor material bus.,Food & Drink,7337700,Expense
2021-05-02,Source onto provide.,Utilities,2670800,Expense
2021-05-03,Payment payment network deal contract food.,Utilities,12099600,Expense
2021-05-03,Net equipment reward.,Rent,4494200,Expense
2021-05-03,Platform shop fee travel internet.,Travel,14308000,Expense
2021-05-04,Decade trade field training.,Entertainment,10055200,Expense
2021-05-04,While bring yourself.,Health & Fitness,1534300,Expense
2021-05-04,Premium credit business.,Shopping,8789600,Expense
2021-05-04,Grocery purchase tax monthly restaurant financial health.,Travel,11375400,Expense
2021-05-04,Store deal client vendor travel savings train.,Investment,43328800,Income
2021-05-04,Water hotel package system system equipment account.,Utilities,12758300,Expense
2021-05-05,Project gross mall direct.,Health & Fitness,4417600,Expense
2021-05-05,Travel hardware credit restaurant.,Utilities,5051300,Expense
2021-05-05,Management clinic.,Salary,12330400,Income
2021-05-05,Entertainment electricity reward regular.,Health & Fitness,9602500,Expense
2021-05-06,Purchase online utility.,Health & Fitness,19276300,Expense
2021-05-06,Budget business maintenance vendor.,Shopping,6978800,Expense
2021-05-06,Receive region however.,Food & Drink,8780800,Expense
2021-05-06,Freelance investment charge restaurant electricity.,Rent,12676400,Expense
2021-05-06,Household purchase material debit.,Entertainment,8283800,Expense
2021-05-06,Market savings daily software flight direct.,Investment,8583500,Income
2021-05-06,Pending reward bill special subscription.,Travel,10772900,Expense
2021-05-06,Travel net flight app taxi.,Entertainment,14941600,Expense
2021-05-07,Have including none.,Rent,8160100,Expense
2021-05-07,Focus executive letter possible final.,Rent,17256000,Expense
2021-05-07,Insurance management project automatic vendor business investment.,Food & Drink,11385100,Expense
2021-05-07,Bonus maintenance internet tools express budget.,Salary,5408600,Income
2021-05-07,Credit regular digital insurance direct automatic parking.,Salary,2404900,Income
2021-05-07,Monthly discount subscription economy.,Entertainment,3518500,Expense
2021-05-07,Third letter sort reveal seven.,Shopping,14219000,Expense
2021-05-07,Travel direct.,Other,16459700,Income
2021-05-07,Personal weekly annual bonus software management.,Entertainment,8981500,Expense
2021-05-07,Tax fee processed daily.,Food & Drink,7351200,Expense
2021-05-07,Pharmacy tools financial gym mortgage loan.,Other,25224100,Income
2021-05-07,Delivery water net tools water management.,Utilities,6501800,Expense
2021-05-08,Plan credit fuel regular special.,Food & Drink,12263700,Expense
2021-05-08,System equipment deposit freelance internet financial.,Travel,1400600,Expense
2021-05-08,Management express insurance phone loan charge invoice.,Entertainment,5460400,Expense
2021-05-08,Health equipment.,Travel,4698900,Expense
2021-05-08,Client transfer pending.,Shopping,4369500,Expense
2021-05-08,Management booking app.,Entertainment,15065500,Expense
2021-05-09,Annual clinic.,Travel,14553900,Expense
2021-05-09,Insurance fee food balance credit fuel.,Food & Drink,7960800,Expense
2021-05-09,Package fee credit contract grocery restaurant.,Salary,11250200,Income
2021-05-10,Pending hotel hospital total freelance.,Shopping,12444400,Expense
2021-05-10,Automatic mall hardware total support daily priority.,Rent,11128100,Expense
2021-05-10,Deal credit.,Food & Drink,12899000,Expense
2021-05-10,Administration network once.,Utilities,16046300,Expense
2021-05-11,Economy platform clinic weekly travel.,Entertainment,11161000,Expense
2021-05-11,Hardware transfer economy investment automatic.,Shopping,8180200,Expense
2021-05-11,Charge form here.,Health & Fitness,1853800,Expense
2021-05-11,Nearly want front shake.,Entertainment,8770000,Expense
2021-05-11,Special hotel hospital adjustment.,Shopping,12056000,Expense
2021-05-11,System market material pharmacy priority.,Investment,11497300,Income
2021-05-11,Credit deposit order budget daily online.,Travel,5012300,Expense
2021-05-12,Entertainment annual.,Investment,5053700,Income
2021-05-12,Digital network entertainment equipment direct weekly.,Food & Drink,3933700,Expense
2021-05-12,Discount loan.,Shopping,3854800,Expense
2021-05-12,Taxi equipment debit.,Travel,7571600,Expense
2021-05-12,Economy deal invoice bus.,Utilities,2825200,Expense
2021-05-12,Service travel investment system software bonus.,Travel,8811700,Expense
2021-05-12,Hotel invoice flight equipment market.,Rent,6874500,Expense
2021-05-12,Leave run goal cause.,Rent,7975800,Expense
2021-05-13,Material hospital express savings restaurant.,Shopping,8991700,Expense
2021-05-13,Service tax water.,Rent,6166300,Expense
2021-05-13,Train discount hotel loan app hotel contract.,Travel,7375100,Expense
2021-05-13,Transfer delivery entertainment store priority payment.,Travel,17187900,Expense
2021-05-14,Contain threat wrong whatever.,Health & Fitness,4509300,Expense
2021-05-14,Stuff avoid.,Rent,10258600,Expense
2021-05-14,Mortgage online financial.,Food & Drink,19003800,Expense
2021-05-14,Clinic automatic store budget insurance.,Utilities,10547600,Expense
2021-05-14,Annual insurance subscription deposit.,Health & Fitness,16539500,Expense
2021-05-14,Direct discount regular budget material tax.,Utilities,13146100,Expense
2021-05-15,Standard bill pharmacy standard bill.,Entertainment,11240400,Expense
2021-05-15,Advance maintenance investment pending taxi standard.,Food & Drink,8857300,Expense
2021-05-15,Interest premium online vendor.,Rent,16288200,Expense
2021-05-15,Freelance plan.,Rent,15171900,Expense
2021-05-15,Bus clinic net special salary standard.,Shopping,371200,Expense
2021-05-15,Include successful.,Investment,33620000,Income
2021-05-16,Reward support bonus taxi.,Shopping,4338100,Expense
2021-05-16,Business annual deal investment.,Food & Drink,14953900,Expense
2021-05-16,Charge plan.,Utilities,5785000,Expense
2021-05-16,Deal pharmacy adjustment.,Investment,35420100,Income
2021-05-16,Food direct regular material contract.,Other,29487600,Income
2021-05-17,Budget food.,Food & Drink,7205000,Expense
2021-05-17,Religious across.,Utilities,4801800,Expense
2021-05-17,Health mall booking online monthly phone client.,Other,29034400,Income
2021-05-17,Package economy annual.,Shopping,13136800,Expense
2021-05-18,Deposit project monthly payment.,Entertainment,16909000,Expense
2021-05-18,Monthly delivery fuel flight support invoice.,Entertainment,11119300,Expense
2021-05-18,Entertainment gym automatic service.,Travel,9789000,Expense
2021-05-18,Debit tax purchase premium support premium.,Investment,29019800,Income
2021-05-18,System annual express.,Utilities,1562500,Expense
2021-05-19,Flight entertainment client.,Rent,12435000,Expense
2021-05-19,Plan vendor adjustment personal purchase.,Utilities,12868000,Expense
2021-05-19,Automatic system total material.,Travel,11842400,Expense
2021-05-19,System budget train project utility shop.,Travel,15307100,Expense
2021-05-19,App renewal contract taxi entertainment phone.,Salary,5185700,Income
2021-05-19,Savings store management travel daily.,Health & Fitness,7854700,Expense
2021-05-19,Hospital freelance mortgage standard net tools net.,Utilities,5851500,Expense
2021-05-19,Economy processed budget adjustment phone vendor.,Shopping,12055500,Expense
2021-05-19,Health pay project pattern.,Investment,19210000,Income
2021-05-19,Bill priority interest.,Entertainment,5195200,Expense
2021-05-20,Invoice loan bus transfer.,Travel,13597900,Expense
2021-05-20,Charge charge fuel plan priority vendor app.,Entertainment,13790300,Expense
2021-05-20,Entertainment plan fee net client monthly maintenance.,Shopping,8905800,Expense
2021-05-20,Automatic bus project account plan economy support.,Shopping,8340500,Expense
2021-05-20,Travel platform household weekly.,Investment,28626800,Income
2021-05-20,Market platform.,Other,41928200,Income
2021-05-20,Bill tools weekly advance maintenance food.,Utilities,3641000,Expense
2021-05-20,Contract special client household gym premium tax.,Utilities,6075700,Expense
2021-05-20,Savings network tools entertainment economy food premium.,Travel,3829000,Expense
2021-05-21,Shop fuel.,Entertainment,5747600,Expense
2021-05-21,Support credit freelance bonus.,Shopping,8130100,Expense
2021-05-21,Debit hotel taxi.,Travel,12458500,Expense
2021-05-21,Advance balance advance mall transfer financial support.,Shopping,14684700,Expense
2021-05-21,Parking bus digital platform regular direct.,Investment,13614200,Income
2021-05-21,Project booking management freelance equipment bill debit.,Entertainment,16280100,Expense
2021-05-21,Package utility net tools.,Health & Fitness,1927500,Expense
2021-05-22,Support shop.,Travel,1276800,Expense
2021-05-22,Interest freelance electricity.,Entertainment,6393900,Expense
2021-05-22,Hotel tax net pharmacy business.,Rent,11417000,Expense
2021-05-22,Train shop interest financial.,Food & Drink,1003200,Expense
2021-05-22,Administration mother in admit.,Rent,3625200,Expense
2021-05-22,Fee purchase freelance.,Shopping,10404900,Expense
2021-05-23,Deposit budget food delivery.,Rent,15404800,Expense
2021-05-23,Freelance interest express business grocery hardware.,Salary,11190100,Income
2021-05-23,Special advance.,Health & Fitness,9429200,Expense
2021-05-23,Maintenance premium budget mortgage annual mall fee.,Other,33969500,Income
2021-05-23,Within admit spend purpose south.,Salary,9332700,Income
2021-05-23,Train taxi order package express.,Other,11722500,Income
2021-05-23,Train health payment special credit.,Shopping,15125700,Expense
2021-05-23,Interest digital water net software payment.,Investment,21942300,Income
2021-05-24,Truth modern.,Salary,13654600,Income
2021-05-24,Financial pharmacy plan deposit subscription.,Salary,1815000,Income
2021-05-24,Train daily budget train bonus interest.,Investment,34476100,Income
2021-05-24,People education great.,Health & Fitness,17298500,Expense
2021-05-24,Health image.,Utilities,8851300,Expense
2021-05-25,Wrong difficult range.,Travel,15947000,Expense
2021-05-25,Client plan digital store.,Entertainment,9972100,Expense
2021-05-25,Entertainment maintenance invoice budget priority.,Health & Fitness,5829700,Expense
2021-05-25,Management credit.,Investment,9747000,Income
2021-05-25,Behavior here.,Health & Fitness,10196000,Expense
2021-05-25,Household equipment parking.,Travel,19552400,Expense
2021-05-25,Electricity delivery.,Food & Drink,5465900,Expense
2021-05-25,Tools phone.,Health & Fitness,13447100,Expense
2021-05-26,Maintenance balance adjustment insurance adjustment grocery annual.,Rent,8712400,Expense
2021-05-26,Salary grocery interest.,Shopping,7042600,Expense
2021-05-26,Daily online payment purchase.,Travel,10779900,Expense
2021-05-26,Hardware direct app adjustment vendor hotel.,Travel,2589900,Expense
2021-05-27,Management fuel loan fee total mortgage special.,Utilities,1955500,Expense
2021-05-27,Automatic booking daily contract insurance credit.,Utilities,7217600,Expense
2021-05-27,Argue act commercial matter.,Salary,848400,Income
2021-05-27,Reward flight.,Salary,8788300,Income
2021-05-27,Tools entertainment monthly.,Utilities,4588900,Expense
2021-05-27,Not teach believe month.,Travel,1626900,Expense
2021-05-28,Tax network taxi restaurant.,Utilities,13664700,Expense
2021-05-28,Standard hardware.,Utilities,1240400,Expense
2021-05-29,Shop priority utility.,Rent,5165300,Expense
2021-05-29,Debit pharmacy credit.,Utilities,7399400,Expense
2021-05-29,Renewal weekly renewal.,Utilities,7355300,Expense
2021-05-29,Store financial parking delivery.,Travel,14672300,Expense
2021-05-29,Standard service.,Rent,13619200,Expense
2021-05-29,Payment online special gym network phone pending.,Shopping,14505900,Expense
2021-05-29,Tax fee store standard business insurance processed.,Food & Drink,3673800,Expense
2021-05-29,Gym processed digital.,Travel,9471600,Expense
2021-05-29,Management gross.,Food & Drink,11192100,Expense
2021-05-29,Hotel bonus tax weekly delivery restaurant.,Utilities,13195600,Expense
2021-05-29,Personal client mall system savings contract restaurant.,Entertainment,14087400,Expense
2021-05-29,Deep test thought.,Rent,12338700,Expense
2021-05-29,Grocery pending investment.,Rent,8281000,Expense
2021-05-30,Direct flight regular hospital standard management mall.,Travel,16626100,Expense
2021-05-30,Service bill.,Health & Fitness,6521200,Expense
2021-05-30,Another avoid understand.,Salary,11648600,Income
2021-05-31,Up federal nor note.,Entertainment,6498400,Expense
2021-05-31,Probably conference sure administration debate.,Food & Drink,9049700,Expense
2021-05-31,Electricity vendor advance.,Entertainment,4772300,Expense
2021-05-31,Hospital economy health financial.,Other,39678000,Income
2021-06-01,Adjustment daily.,Food & Drink,5566900,Expense
2021-06-01,Business advance salary gross deal.,Travel,5376000,Expense
2021-06-01,Platform restaurant.,Salary,19110800,Income
2021-06-01,Package freelance.,Travel,13044400,Expense
2021-06-01,Adjustment flight shop utility platform.,Salary,18323300,Income
2021-06-01,Household deposit platform.,Entertainment,11360200,Expense
2021-06-02,Fuel deal platform package.,Salary,5873900,Income
2021-06-02,Direct express contract gym delivery maintenance.,Health & Fitness,8658200,Expense
2021-06-02,Shop net health utility.,Salary,14953600,Income
2021-06-02,Approach join stuff future.,Health & Fitness,19649500,Expense
2021-06-02,Management mortgage monthly.,Entertainment,13493700,Expense
2021-06-02,Bus service net debit network.,Entertainment,12755900,Expense
2021-06-02,Savings fuel fee clinic.,Food & Drink,9285000,Expense
2021-06-02,Forward sense cause write right.,Utilities,19158700,Expense
2021-06-03,Plan market subscription pending electricity transfer.,Health & Fitness,7768600,Expense
2021-06-03,Ahead event yeah make.,Investment,8200000,Income
2021-06-03,Personal priority store software annual taxi.,Utilities,1478800,Expense
2021-06-03,Investment train pharmacy pending.,Salary,8614300,Income
2021-06-04,Household app.,Rent,7937000,Expense
2021-06-04,Financial bus debit restaurant fee.,Other,30444300,Income
2021-06-04,Weekly gross.,Rent,8840400,Expense
2021-06-04,Health service hotel.,Health & Fitness,8332600,Expense
2021-06-04,Store deal pending hardware balance.,Entertainment,15514800,Expense
2021-06-05,Train service charge mortgage reward.,Other,24988900,Income
2021-06-05,Salary management bill debit equipment pending.,Entertainment,8908900,Expense
2021-06-05,Order flight tax salary daily grocery package.,Rent,6235700,Expense
2021-06-05,Balance phone.,Salary,8375400,Income
2021-06-05,Monthly mortgage utility regular store regular.,Travel,11565100,Expense
2021-06-06,Priority business.,Entertainment,7697400,Expense
2021-06-06,Standard total client platform processed.,Investment,23229700,Income
2021-06-06,Wait it quickly produce beat.,Salary,19820600,Income
2021-06-06,First blood accept final.,Shopping,8234500,Expense
2021-06-06,Require bank child.,Utilities,7341600,Expense
2021-06-06,Purchase insurance software invoice reward.,Utilities,7803300,Expense
2021-06-06,Advance direct gym.,Rent,16184600,Expense
2021-06-06,Grocery hardware mall pharmacy charge clinic train.,Entertainment,8590700,Expense
2021-06-07,Equipment pending balance service monthly regular.,Other,34057000,Income
2021-06-07,Express hotel shop material flight business.,Entertainment,11522800,Expense
2021-06-07,Savings delivery debit tax insurance.,Other,25161500,Income
2021-06-07,Flight direct online flight.,Entertainment,11963700,Expense
2021-06-07,System client debit management premium household direct.,Health & Fitness,6321700,Expense
2021-06-07,Pending deal taxi.,Shopping,9706100,Expense
2021-06-07,Economy weekly net salary.,Travel,7419500,Expense
2021-06-07,Internet order automatic.,Shopping,13065700,Expense
2021-06-07,Weekly special pending.,Utilities,13566100,Expense
2021-06-07,Bill regular bonus taxi.,Travel,14394400,Expense
2021-06-07,Order health advance digital.,Health & Fitness,11900800,Expense
2021-06-07,Monthly package savings premium.,Health & Fitness,5637500,Expense
2021-06-08,Maintenance app bill deal clinic renewal reward.,Food & Drink,16536400,Expense
2021-06-08,Entertainment monthly loan travel.,Travel,7061500,Expense
2021-06-08,Monthly debit express.,Rent,11783600,Expense
2021-06-08,Savings weekly app household support equipment platform.,Investment,34457000,Income
2021-06-09,Food taxi store charge grocery pharmacy renewal.,Utilities,1060400,Expense
2021-06-09,Hardware support processed processed investment special express.,Other,33688700,Income
2021-06-09,Direct store store service app freelance bonus.,Utilities,6037300,Expense
2021-06-09,Bill beautiful issue.,Food & Drink,15805600,Expense
2021-06-10,Pharmacy purchase personal.,Health & Fitness,4890400,Expense
2021-06-10,Pending loan material contract bus personal payment.,Investment,47464600,Income
2021-06-10,Service special clinic delivery pending special.,Utilities,19141600,Expense
2021-06-10,Hospital booking deal phone online daily phone.,Other,34022700,Income
2021-06-11,Network investment.,Utilities,8261900,Expense
2021-06-11,App weekly network invoice internet.,Investment,31958100,Income
2021-06-11,Activity including single right.,Shopping,5754500,Expense
2021-06-11,Mention billion bed never others.,Rent,6660800,Expense
2021-06-12,Discount household charge advance vendor.,Investment,11573900,Income
2021-06-12,Total payment priority booking health.,Health & Fitness,17585600,Expense
2021-06-12,Equipment standard.,Entertainment,3254900,Expense
2021-06-12,Restaurant management fee.,Utilities,4852400,Expense
2021-06-12,Charge loan restaurant restaurant.,Other,29605300,Income
2021-06-12,Tax pending entertainment gross net.,Travel,4314800,Expense
2021-06-12,Contract tax support project order client personal.,Utilities,7483100,Expense
2021-06-12,Food business material electricity.,Salary,4937200,Income
2021-06-12,Fuel subscription booking.,Entertainment,6701300,Expense
2021-06-12,Tools invoice.,Health & Fitness,9149500,Expense
2021-06-13,Clinic mall bus payment system.,Utilities,11761900,Expense
2021-06-13,Balance household account processed economy.,Entertainment,11803500,Expense
2021-06-14,Special maintenance total utility discount.,Salary,6852500,Income
2021-06-14,Occur college herself.,Utilities,6733900,Expense
2021-06-15,Feeling manage as.,Utilities,18343300,Expense
2021-06-15,Bus plan booking mall deposit.,Entertainment,2912300,Expense
2021-06-15,Interest salary flight water fee priority.,Rent,8818200,Expense
2021-06-16,Purchase tax tools bill tools.,Other,36596200,Income
2021-06-16,Loan invoice renewal discount.,Other,42488700,Income
2021-06-16,Inside machine baby.,Shopping,2666100,Expense
2021-06-17,Travel bus account standard entertainment.,Entertainment,13573300,Expense
2021-06-17,Budget clinic savings daily tools service.,Salary,10790700,Income
2021-06-17,Discount subscription support.,Utilities,4865200,Expense
2021-06-17,Annual contract subscription interest.,Travel,15362100,Expense
2021-06-17,Express system.,Travel,8291500,Expense
2021-06-18,Service market net pharmacy invoice taxi electricity.,Entertainment,10898400,Expense
2021-06-18,Deal client flight debit bonus hospital.,Travel,6081800,Expense
2021-06-18,Fee flight equipment salary bonus support.,Travel,19196400,Expense
2021-06-18,Hardware household account debit direct household personal.,Investment,17114700,Income
2021-06-18,Clinic debit bus booking utility.,Utilities,12280900,Expense
2021-06-19,Order express.,Other,35898600,Income
2021-06-19,Client monthly monthly pharmacy.,Entertainment,13152700,Expense
2021-06-19,Renewal budget material.,Travel,11749000,Expense
2021-06-19,Daily vendor utility plan online.,Travel,10348200,Expense
2021-06-19,Electricity store.,Entertainment,6160500,Expense
2021-06-19,Bus insurance direct debit food.,Food & Drink,12650500,Expense
2021-06-20,Result many pattern.,Rent,6260700,Expense
2021-06-20,Charge loan health budget support.,Health & Fitness,4211900,Expense
2021-06-20,Freelance freelance.,Other,34081300,Income
2021-06-20,Taxi net internet market hospital gross.,Entertainment,1506700,Expense
2021-06-20,Payment economy balance.,Entertainment,14776400,Expense
2021-06-20,Credit app financial.,Health & Fitness,17136600,Expense
2021-06-20,Shop daily pharmacy.,Rent,14665600,Expense
2021-06-20,Career according.,Health & Fitness,16282400,Expense
2021-06-21,Platform economy reward.,Utilities,19699500,Expense
2021-06-21,Express clinic interest renewal.,Travel,12366300,Expense
2021-06-21,Fuel hotel parking equipment.,Other,31405000,Income
2021-06-21,Contract charge advance equipment.,Food & Drink,9509800,Expense
2021-06-21,Parking pharmacy loan savings pharmacy contract.,Salary,4235300,Income
2021-06-21,Material booking monthly flight reward plan.,Travel,6663000,Expense
2021-06-21,Savings software deal fee.,Utilities,15038700,Expense
2021-06-22,Utility freelance.,Entertainment,1631300,Expense
2021-06-22,Gym package bill financial.,Salary,12492400,Income
2021-06-22,Package credit purchase net charge delivery support.,Travel,10715800,Expense
2021-06-22,Success here television key.,Rent,12955900,Expense
2021-06-23,Gross material.,Travel,16925300,Expense
2021-06-23,Subscription delivery.,Food & Drink,347400,Expense
2021-06-23,Service health payment.,Utilities,6033900,Expense
2021-06-23,Carry fly water cut fire.,Health & Fitness,462800,Expense
2021-06-24,Parking deposit standard internet.,Food & Drink,10749700,Expense
2021-06-24,Fact reason make office.,Entertainment,6900500,Expense
2021-06-24,Advance discount.,Health & Fitness,4488400,Expense
2021-06-24,Clinic platform.,Travel,8318800,Expense
2021-06-24,Monthly express.,Rent,9273900,Expense
2021-06-24,Project regular service material electricity online.,Other,12667100,Income
2021-06-24,Transfer budget payment taxi network gross.,Food & Drink,14571700,Expense
2021-06-24,Debit subscription restaurant contract.,Travel,19694600,Expense
2021-06-24,Mall hospital pharmacy digital hospital health pending.,Utilities,228400,Expense
2021-06-25,Delivery tools.,Utilities,2837600,Expense
2021-06-25,System internet standard weekly annual entertainment total.,Shopping,10502700,Expense
2021-06-25,Electricity platform monthly loan management purchase.,Utilities,8495000,Expense
2021-06-25,Travel vendor freelance electricity maintenance.,Rent,14450800,Expense
2021-06-25,Vendor contract economy.,Food & Drink,7118900,Expense
2021-06-25,Total taxi household fee.,Utilities,10205800,Expense
2021-06-26,Phone economy household standard subscription.,Food & Drink,14298600,Expense
2021-06-26,Pending financial bonus restaurant tax.,Shopping,9725600,Expense
2021-06-26,Utility electricity standard parking shop.,Rent,4416700,Expense
2021-06-26,Shop gym deposit bonus.,Shopping,2991800,Expense
2021-06-26,Heavy staff hotel box.,Entertainment,4608200,Expense
2021-06-26,Financial regular special account.,Travel,3599900,Expense
2021-06-27,Or nation race.,Investment,29230000,Income
2021-06-27,Shop phone processed service health support balance.,Travel,3482300,Expense
2021-06-27,Maintenance phone net gym pharmacy.,Utilities,8758000,Expense
2021-06-27,Budget account express.,Health & Fitness,10740600,Expense
2021-06-27,Booking bus.,Food & Drink,16558100,Expense
2021-06-27,Gym bonus network.,Salary,14676300,Income
2021-06-28,Something story attorney summer.,Food & Drink,13272400,Expense
2021-06-28,Hardware flight mall regular.,Travel,7184300,Expense
2021-06-28,Gym maintenance standard transfer bus gross.,Entertainment,7608800,Expense
2021-06-28,Cause field education child.,Utilities,11985200,Expense
2021-06-28,Available wrong look husband.,Investment,18560000,Income
2021-06-28,Subscription clinic net taxi subscription direct automatic.,Shopping,11855800,Expense
2021-06-28,Well left.,Rent,10203000,Expense
2021-06-29,Fee delivery standard.,Rent,6522400,Expense
2021-06-29,Material hospital train digital.,Entertainment,10145700,Expense
2021-06-29,Myself so growth time.,Food & Drink,8276100,Expense
2021-06-29,Purchase health shop.,Salary,13459700,Income
2021-06-30,Parking mall system phone health financial adjustment.,Health & Fitness,14571400,Expense
2021-06-30,Premium project utility processed digital package gym.,Utilities,10638300,Expense
2021-06-30,Service grocery entertainment internet.,Travel,17103600,Expense
2021-06-30,Monthly transfer.,Travel,9670900,Expense
2021-06-30,Order direct grocery system.,Investment,27633000,Income
2021-06-30,Financial maintenance hardware investment pharmacy contract.,Rent,12837700,Expense
2021-06-30,Adjustment processed budget water purchase mall.,Rent,6719300,Expense
2021-07-01,Parking travel priority plan.,Rent,8700000,Expense
2021-07-01,Pending account.,Entertainment,4417100,Expense
2021-07-01,Service freelance interest package deal hardware market.,Shopping,10540300,Expense
2021-07-01,Freelance restaurant equipment hardware app clinic travel.,Shopping,431700,Expense
2021-07-01,Service discount.,Entertainment,8497600,Expense
2021-07-01,Platform automatic taxi utility pharmacy client.,Utilities,3052400,Expense
2021-07-01,Vendor platform digital mortgage.,Food & Drink,16571700,Expense
2021-07-01,Reward internet adjustment personal freelance deal.,Other,30291800,Income
2021-07-01,Annual maintenance.,Investment,22725900,Income
2021-07-02,Health pharmacy health transfer software salary.,Food & Drink,18828200,Expense
2021-07-02,Gym purchase water contract economy taxi.,Health & Fitness,7324000,Expense
2021-07-02,Express clinic savings advance.,Shopping,18235800,Expense
2021-07-02,Contract restaurant grocery phone.,Salary,10536500,Income
2021-07-02,Market bus.,Entertainment,10806500,Expense
2021-07-03,Mall total.,Shopping,4898700,Expense
2021-07-03,Travel bus.,Salary,12461100,Income
2021-07-03,Entertainment food deposit budget.,Entertainment,12018100,Expense
2021-07-03,Purchase online payment phone savings hospital investment.,Shopping,15733200,Expense
2021-07-03,Store advance digital savings savings.,Salary,14884500,Income
2021-07-03,Priority package support.,Food & Drink,4613200,Expense
2021-07-04,Action else.,Salary,18089100,Income
2021-07-04,Deal management.,Rent,7391700,Expense
2021-07-04,Net equipment financial pharmacy mall total delivery.,Entertainment,18985700,Expense
2021-07-04,Worker quality hundred sell whole.,Salary,4756700,Income
2021-07-04,Point be shoulder price great.,Entertainment,19394800,Expense
2021-07-04,Flight parking mall budget order insurance pending.,Food & Drink,14441700,Expense
2021-07-04,Phone reward mortgage.,Shopping,4163400,Expense
2021-07-04,Credit charge daily.,Shopping,12059400,Expense
2021-07-04,Bonus renewal water market.,Travel,9330700,Expense
2021-07-04,Network advance.,Investment,31224300,Income
2021-07-04,Support advance salary electricity hardware internet.,Salary,11255800,Income
2021-07-05,Restaurant online.,Investment,23924300,Income
2021-07-05,Hardware bill fee store management.,Utilities,15042800,Expense
2021-07-05,Purchase maintenance.,Salary,9143800,Income
2021-07-05,Priority clinic financial salary net investment.,Shopping,12533500,Expense
2021-07-05,Shop tools digital support.,Salary,1273700,Income
2021-07-05,Hardware equipment standard.,Rent,19120100,Expense
2021-07-05,Payment support direct material tools freelance daily.,Rent,19750900,Expense
2021-07-05,Credit invoice equipment deal freelance.,Rent,9167000,Expense
2021-07-05,Bill project account.,Salary,15092100,Income
2021-07-06,Newspaper reach determine hear leg.,Other,42820000,Income
2021-07-06,Weekly system.,Investment,14474100,Income
2021-07-06,Discount salary business economy deposit budget tools.,Shopping,5924100,Expense
2021-07-06,Premium system online online annual.,Rent,8466300,Expense
2021-07-06,Bus debit tools.,Investment,31410600,Income
2021-07-06,Mall deposit bill hotel.,Salary,2947700,Income
2021-07-06,Vendor package charge plan balance deposit discount.,Health & Fitness,2880800,Expense
2021-07-06,Entertainment transfer regular flight premium account material.,Shopping,11906200,Expense
2021-07-07,Shop entertainment travel parking.,Rent,11716900,Expense
2021-07-07,Net health order support automatic.,Utilities,4557100,Expense
2021-07-07,Mortgage bill salary.,Entertainment,9896300,Expense
2021-07-07,Household bus.,Salary,1127900,Income
2021-07-07,General agency bit.,Shopping,10107800,Expense
2021-07-07,Annual priority network regular regular.,Entertainment,10025300,Expense
2021-07-07,Budget vendor mall economy flight.,Shopping,9372900,Expense
2021-07-07,Net account account contract deal.,Travel,9776700,Expense
2021-07-07,Support mortgage.,Entertainment,909400,Expense
2021-07-07,Annual internet transfer.,Entertainment,237400,Expense
2021-07-07,Economy service subscription bonus health delivery.,Entertainment,5872500,Expense
2021-07-08,Purchase invoice investment store hospital.,Health & Fitness,13935100,Expense
2021-07-08,Purchase hotel health.,Health & Fitness,1069400,Expense
2021-07-08,Total credit store network subscription utility priority.,Entertainment,8161000,Expense
2021-07-08,Platform equipment store freelance hardware interest.,Shopping,7507000,Expense
2021-07-08,Hotel entertainment flight support payment.,Entertainment,9068300,Expense
2021-07-08,Financial standard booking health.,Investment,8458900,Income
2021-07-09,Net freelance water regular plan flight household.,Other,42544200,Income
2021-07-09,Fee processed clinic fee household economy.,Health & Fitness,6896300,Expense
2021-07-09,Find lay deal lot.,Utilities,17472700,Expense
2021-07-09,Deal premium restaurant.,Travel,4550300,Expense
2021-07-09,Express bus regular invoice parking gym.,Investment,21692500,Income
2021-07-09,Electricity grocery investment personal weekly.,Other,30936800,Income
2021-07-09,Break wait.,Utilities,16356100,Expense
2021-07-09,Insurance gross loan maintenance network software.,Entertainment,18857500,Expense
2021-07-09,Total entertainment loan deposit business taxi.,Shopping,9896200,Expense
2021-07-10,Project system.,Health & Fitness,18241000,Expense
2021-07-10,Standard budget.,Investment,24177400,Income
2021-07-10,Deposit budget pharmacy food account.,Salary,11374900,Income
2021-07-10,Deposit hospital.,Travel,10590300,Expense
2021-07-10,Feel special.,Rent,14256900,Expense
2021-07-10,Just recent.,Other,35400000,Income
2021-07-10,Regular bill payment app hotel delivery.,Shopping,4934200,Expense
2021-07-11,System travel.,Travel,3567000,Expense
2021-07-11,Train weekly fuel deposit financial contract.,Health & Fitness,10694100,Expense
2021-07-11,Discussion if continue policy.,Shopping,1925100,Expense
2021-07-11,Support possible.,Rent,5772800,Expense
2021-07-11,Might necessary former.,Travel,9041500,Expense
2021-07-11,Market software.,Entertainment,1343700,Expense
2021-07-12,Service internet special account deposit net deal.,Food & Drink,6816700,Expense
2021-07-12,Ahead pass culture or.,Salary,17704100,Income
2021-07-12,Balance total vendor regular financial.,Utilities,13358600,Expense
2021-07-12,Food mortgage gym budget platform special budget.,Food & Drink,2696000,Expense
2021-07-13,Purchase contract fee support.,Salary,15060100,Income
2021-07-13,Business bus.,Salary,5508600,Income
2021-07-13,Discount restaurant system discount gross insurance debit.,Food & Drink,11954700,Expense
2021-07-13,Internet software package weekly material contract.,Other,29761100,Income
2021-07-13,Relate day.,Shopping,1159800,Expense
2021-07-13,Platform monthly regular clinic annual.,Other,42139900,Income
2021-07-13,Daily economy budget mall hotel.,Food & Drink,14544800,Expense
2021-07-13,Network direct platform project business debit interest.,Salary,5685300,Income
2021-07-14,Store market app clinic.,Other,25167600,Income
2021-07-14,Big the cost for leader.,Entertainment,7784700,Expense
2021-07-14,Network household taxi savings mortgage automatic network.,Salary,19062400,Income
2021-07-14,Express monthly pharmacy.,Rent,10626800,Expense
2021-07-14,Network entertainment train budget digital shop.,Travel,14084400,Expense
2021-07-14,Budget package maintenance bus electricity debit weekly.,Shopping,7785900,Expense
2021-07-14,Bus financial processed plan gross.,Travel,5552100,Expense
2021-07-14,Bonus deposit market mall economy material.,Salary,6547900,Income
2021-07-15,Utility personal budget.,Utilities,10389300,Expense
2021-07-15,App standard daily.,Other,15847500,Income
2021-07-15,Hotel savings processed tax.,Health & Fitness,8009500,Expense
2021-07-15,Budget standard internet.,Food & Drink,5694900,Expense
2021-07-15,Software standard.,Rent,5106600,Expense
2021-07-15,Purchase pending equipment standard reward freelance.,Rent,6374300,Expense
2021-07-15,Month police others particularly.,Investment,7300000,Income
2021-07-15,Account hospital.,Investment,38857900,Income
2021-07-15,Grocery contract investment.,Health & Fitness,5837700,Expense
2021-07-15,Transfer flight regular premium digital subscription material.,Other,24892800,Income
2021-07-16,Net support advance food.,Shopping,1739400,Expense
2021-07-16,Annual express insurance gym material.,Food & Drink,16318800,Expense
2021-07-16,Grocery software.,Entertainment,14781200,Expense
2021-07-16,Hotel utility charge loan maintenance.,Travel,11249600,Expense
2021-07-16,Net fee train market travel premium direct.,Rent,7013600,Expense
2021-07-16,Pharmacy fee loan invoice.,Shopping,5518900,Expense
2021-07-17,Annual electricity.,Salary,5061100,Income
2021-07-17,Internet hardware.,Travel,8187200,Expense
2021-07-17,Debit hospital renewal flight business insurance.,Entertainment,14186100,Expense
2021-07-17,Project total gym.,Rent,5496900,Expense
2021-07-17,Subscription credit mortgage purchase budget contract.,Utilities,8587600,Expense
2021-07-18,Management restaurant transfer utility balance.,Rent,5102500,Expense
2021-07-19,Investment network fuel shop service pending.,Rent,7453600,Expense
2021-07-19,Household renewal tools.,Rent,19317700,Expense
2021-07-19,Try opportunity public.,Utilities,2838200,Expense
2021-07-19,Advance priority vendor.,Investment,14740600,Income
2021-07-19,Payment utility package standard direct pharmacy.,Health & Fitness,12021300,Expense
2021-07-19,Booking material parking fuel.,Health & Fitness,7857700,Expense
2021-07-19,Girl suddenly.,Rent,16799600,Expense
2021-07-20,Hospital premium purchase vendor tools package purchase.,Food & Drink,7826900,Expense
2021-07-20,Project mall restaurant shop food restaurant travel.,Investment,26180800,Income
2021-07-21,Advance parking health travel.,Health & Fitness,7829900,Expense
2021-07-21,Delivery network client system.,Utilities,2314000,Expense
2021-07-21,Direct mall grocery bus parking personal software.,Entertainment,4436700,Expense
2021-07-22,Freelance platform transfer software priority charge household.,Entertainment,12734600,Expense
2021-07-22,Restaurant vendor utility hospital.,Health & Fitness,8822600,Expense
2021-07-22,Hotel discount electricity special freelance restaurant monthly.,Utilities,7060000,Expense
2021-07-22,Online package mortgage hospital.,Investment,29822100,Income
2021-07-22,Total flight.,Investment,23147800,Income
2021-07-23,Bus health pending electricity health monthly daily.,Entertainment,8748800,Expense
2021-07-23,Adjustment gym platform premium.,Utilities,10579200,Expense
2021-07-23,Subscription interest.,Investment,30638500,Income
2021-07-23,Shop vendor loan.,Entertainment,4977500,Expense
2021-07-23,Total hotel utility.,Investment,29197700,Income
2021-07-23,Insurance subscription direct loan taxi network.,Rent,13783300,Expense
2021-07-23,Booking support processed project.,Utilities,14824500,Expense
2021-07-23,Regular taxi tax.,Rent,7920100,Expense
2021-07-23,Home others offer institution main.,Other,41740000,Income
2021-07-23,Draw bring health.,Salary,13951800,Income
2021-07-24,Never majority cell.,Rent,478200,Expense
2021-07-24,Economy personal flight network.,Salary,13671900,Income
2021-07-24,Network gym regular subscription entertainment package.,Travel,17033500,Expense
2021-07-24,Reward budget.,Salary,7851100,Income
2021-07-24,Insurance special.,Investment,16828800,Income
2021-07-25,Household app booking pharmacy annual package charge.,Travel,14252500,Expense
2021-07-25,Interest investment maintenance economy net order.,Shopping,16070800,Expense
2021-07-25,Credit net special credit hotel economy payment.,Utilities,12894800,Expense
2021-07-25,Invoice order savings financial delivery.,Entertainment,4721700,Expense
2021-07-25,Digital salary service.,Rent,2473200,Expense
2021-07-26,Household bus daily business special entertainment app.,Other,26079700,Income
2021-07-26,Special payment management.,Utilities,3690200,Expense
2021-07-26,Economy system restaurant.,Food & Drink,10491800,Expense
2021-07-26,Investment app bonus priority salary investment.,Health & Fitness,9565300,Expense
2021-07-26,Project entertainment utility bus contract.,Utilities,13894300,Expense
2021-07-26,Total insurance mortgage electricity regular.,Food & Drink,1484300,Expense
2021-07-26,Discount premium personal regular.,Shopping,5967600,Expense
2021-07-27,Grocery service special pending order.,Entertainment,17546400,Expense
2021-07-27,Charge water.,Investment,22462500,Income
2021-07-27,Client fee charge reward loan bus.,Shopping,3197500,Expense
2021-07-27,Debit household management.,Food & Drink,10494400,Expense
2021-07-28,Train mortgage electricity economy savings business financial.,Shopping,16373100,Expense
2021-07-28,Debit household.,Travel,6536000,Expense
2021-07-28,Pharmacy deal online tax annual.,Health & Fitness,9626300,Expense
2021-07-28,Mall debit service train annual tools automatic.,Utilities,13043300,Expense
2021-07-28,Maintenance internet water processed daily contract special.,Health & Fitness,17145700,Expense
2021-07-28,People tend weight machine.,Utilities,11021200,Expense
2021-07-28,Client weekly payment.,Rent,16516000,Expense
2021-07-28,Direct hardware.,Entertainment,8440800,Expense
2021-07-29,Booking hospital economy fee parking.,Utilities,636900,Expense
2021-07-29,White measure manager range.,Shopping,2312600,Expense
2021-07-29,Household charge pharmacy credit.,Utilities,17128000,Expense
2021-07-29,Account gross automatic annual renewal premium.,Entertainment,14817600,Expense
2021-07-29,Fuel online bus hardware fee payment savings.,Food & Drink,17528800,Expense
2021-07-29,Debit invoice market.,Shopping,649300,Expense
2021-07-30,Net weekly pharmacy charge loan.,Other,22889300,Income
2021-07-30,Food credit.,Other,42661600,Income
2021-07-31,Travel electricity special pharmacy support balance.,Other,27862300,Income
2021-07-31,Personal salary.,Other,30507300,Income
2021-07-31,Salary fee vendor.,Rent,11371500,Expense
2021-07-31,Software personal utility pharmacy.,Travel,11651700,Expense
2021-07-31,Mortgage direct fee.,Entertainment,7022800,Expense
2021-08-01,Travel reward subscription travel booking software transfer.,Travel,5158900,Expense
2021-08-01,Tools hotel travel weekly financial household.,Rent,3982400,Expense
2021-08-01,Advance weekly.,Shopping,7485900,Expense
2021-08-01,Adjustment digital standard.,Entertainment,18152700,Expense
2021-08-01,Charge tax household discount adjustment mall express.,Salary,9448400,Income
2021-08-02,Adjustment hospital weekly health.,Other,15768100,Income
2021-08-02,Reward phone service network.,Health & Fitness,16751800,Expense
2021-08-02,Major bar air set.,Travel,2524800,Expense
2021-08-02,Fuel app balance restaurant financial.,Health & Fitness,15288800,Expense
2021-08-02,Entertainment material standard.,Entertainment,10054700,Expense
2021-08-02,Platform business pending service charge credit.,Health & Fitness,16717500,Expense
2021-08-02,Personal express system freelance.,Utilities,19814500,Expense
2021-08-02,Purchase mall support subscription.,Rent,6108500,Expense
2021-08-02,Renewal health online internet charge online.,Other,33953600,Income
2021-08-03,Market balance net taxi freelance.,Travel,4262400,Expense
2021-08-03,Contract interest interest processed.,Entertainment,4627200,Expense
2021-08-04,Deposit purchase app.,Travel,6115400,Expense
2021-08-04,Grocery project flight mall material travel.,Travel,10312100,Expense
2021-08-04,Internet net health taxi mortgage network.,Entertainment,10352100,Expense
2021-08-04,Insurance interest shop travel reward phone.,Rent,6332500,Expense
2021-08-04,Contract transfer mall purchase grocery.,Investment,20195800,Income
2021-08-04,Platform renewal shop.,Salary,3521800,Income
2021-08-05,Management maintenance project contract total material.,Travel,10377400,Expense
2021-08-05,Bonus interest financial maintenance clinic interest restaurant.,Entertainment,14212100,Expense
2021-08-05,Store loan business.,Rent,13332900,Expense
2021-08-05,Gross client.,Health & Fitness,13877800,Expense
2021-08-05,Deal bill account payment insurance project interest.,Rent,3272100,Expense
2021-08-05,Payment adjustment financial service gross digital.,Rent,18950300,Expense
2021-08-05,Equipment annual discount.,Utilities,10510300,Expense
2021-08-06,Ever mrs.,Salary,1349900,Income
2021-08-06,Entertainment discount regular travel adjustment.,Health & Fitness,1447700,Expense
2021-08-06,Priority standard advance total economy daily weekly.,Shopping,5522400,Expense
2021-08-07,Taxi mall automatic priority deposit net.,Utilities,8704300,Expense
2021-08-07,Package invoice insurance client adjustment booking.,Food & Drink,7318300,Expense
2021-08-07,Pending market train regular internet.,Health & Fitness,5616000,Expense
2021-08-07,Not significant manager member.,Salary,11975100,Income
2021-08-07,Support transfer savings.,Investment,21347400,Income
2021-08-07,Hospital client digital bill pending platform internet.,Food & Drink,17156200,Expense
2021-08-07,Environmental myself.,Investment,16760000,Income
2021-08-08,State among rest national wrong.,Food & Drink,12334700,Expense
2021-08-08,Budget market purchase gross plan.,Utilities,8476500,Expense
2021-08-08,Automatic interest salary.,Rent,8184100,Expense
2021-08-09,Client entertainment tax service gross gym bus.,Other,32798100,Income
2021-08-09,Financial platform weekly fee hotel subscription discount.,Rent,7783700,Expense
2021-08-09,Financial bonus transfer deposit premium.,Food & Drink,7982300,Expense
2021-08-09,Fuel budget clinic equipment loan investment purchase.,Utilities,1437500,Expense
2021-08-09,Fear yourself last.,Shopping,3827500,Expense
2021-08-10,Insurance transfer credit order.,Investment,37815600,Income
2021-08-10,Invoice support advance advance debit purchase business.,Utilities,6532600,Expense
2021-08-10,Train client app.,Rent,17255500,Expense
2021-08-10,Client mortgage financial digital savings.,Utilities,12959000,Expense
2021-08-10,Service salary account.,Travel,15467300,Expense
2021-08-10,Standard express.,Salary,2676200,Income
2021-08-11,Account credit tools debit.,Travel,8965600,Expense
2021-08-11,Invoice order delivery platform vendor credit monthly.,Investment,24818900,Income
2021-08-11,Restaurant water.,Investment,35437400,Income
2021-08-11,Reward savings.,Shopping,11615900,Expense
2021-08-11,Hotel regular adjustment app insurance personal.,Investment,23079500,Income
2021-08-11,Keep yes.,Health & Fitness,1446800,Expense
2021-08-12,Purchase restaurant daily mall digital.,Entertainment,466000,Expense
2021-08-12,Budget parking maintenance hardware account store personal.,Entertainment,5864200,Expense
2021-08-12,Equipment clinic interest.,Shopping,17256200,Expense
2021-08-13,Subscription invoice fee material.,Food & Drink,17703100,Expense
2021-08-13,Pattern size spend.,Shopping,19622700,Expense
2021-08-13,Specific onto go.,Food & Drink,7870000,Expense
2021-08-13,Utility savings digital booking monthly standard.,Shopping,7729900,Expense
2021-08-13,Gym taxi store food food food deposit.,Shopping,16022900,Expense
2021-08-13,Debit debit equipment hardware service deposit credit.,Salary,4192100,Income
2021-08-14,Fee bus.,Rent,12493400,Expense
2021-08-14,Direct deposit freelance.,Shopping,13314700,Expense
2021-08-14,Personal total train.,Entertainment,18439800,Expense
2021-08-14,Hospital interest loan savings order.,Shopping,7650100,Expense
2021-08-14,Travel weekly budget purchase.,Food & Drink,13020300,Expense
2021-08-14,Platform salary financial direct entertainment gym.,Food & Drink,9603000,Expense
2021-08-14,Store store.,Salary,15904800,Income
2021-08-14,Mall advance online deal personal train entertainment.,Food & Drink,6874300,Expense
2021-08-15,Bill utility.,Rent,2816900,Expense
2021-08-15,Transfer advance fee.,Travel,10276900,Expense
2021-08-15,Debit renewal phone vendor.,Utilities,9851300,Expense
2021-08-15,Go exactly much food region.,Food & Drink,7206200,Expense
2021-08-15,Purchase contract hotel fee.,Travel,15496600,Expense
2021-08-15,Utility regular phone.,Other,38894600,Income
2021-08-15,Subscription package material.,Entertainment,18309600,Expense
2021-08-16,Environment teach world quickly believe.,Investment,13490000,Income
2021-08-16,Regular advance credit net tools system.,Shopping,556000,Expense
2021-08-16,Pending financial reward phone economy.,Food & Drink,14583600,Expense
2021-08-16,Special deposit personal market.,Shopping,13623400,Expense
2021-08-16,Savings fee.,Other,46692800,Income
2021-08-16,Online insurance parking online.,Other,31436800,Income
2021-08-16,Clinic restaurant utility invoice.,Investment,29709100,Income
2021-08-16,Parking discount project bonus.,Travel,7887000,Expense
2021-08-17,Hardware personal monthly reward utility bill.,Health & Fitness,6552500,Expense
2021-08-17,Bus discount purchase discount shop hardware regular.,Shopping,5511500,Expense
2021-08-17,Credit order.,Food & Drink,7164500,Expense
2021-08-17,Automatic network pending reward contract system economy.,Rent,12067800,Expense
2021-08-17,Shop plan premium booking transfer grocery.,Salary,7189600,Income
2021-08-17,Monthly account pending deal.,Salary,17053000,Income
2021-08-17,Business health equipment parking.,Investment,37859000,Income
2021-08-17,Processed hardware.,Entertainment,7063400,Expense
2021-08-18,Freelance hardware.,Utilities,8330400,Expense
2021-08-18,Water bonus fee tools system tools.,Rent,16206000,Expense
2021-08-18,Booking daily restaurant debit app.,Travel,6230900,Expense
2021-08-18,Grocery system gross app savings phone support.,Salary,16992800,Income
2021-08-18,Software bonus household package vendor.,Investment,46025700,Income
2021-08-18,Fuel insurance gym.,Entertainment,4823900,Expense
2021-08-18,Mortgage monthly credit.,Food & Drink,5436000,Expense
2021-08-18,Order train mortgage reward delivery investment credit.,Shopping,6598100,Expense
2021-08-18,Yeah term.,Health & Fitness,2754900,Expense
2021-08-19,Annual premium deposit platform.,Salary,9578400,Income
2021-08-19,Total insurance management credit.,Food & Drink,4893700,Expense
2021-08-19,Flight flight phone bonus.,Food & Drink,13167800,Expense
2021-08-19,Management clinic insurance automatic.,Other,31185600,Income
2021-08-20,Economic represent stock.,Health & Fitness,16288800,Expense
2021-08-20,Vendor subscription hospital.,Entertainment,7564200,Expense
2021-08-20,Economy tools advance pharmacy net tax.,Health & Fitness,1878000,Expense
2021-08-20,Fuel entertainment premium.,Investment,22388200,Income
2021-08-20,Maintenance fuel standard gross.,Shopping,10467500,Expense
2021-08-20,Management deposit reward clinic hospital.,Health & Fitness,1482600,Expense
2021-08-20,Gross store invoice project.,Shopping,4830700,Expense
2021-08-20,Project hospital advance debit special clinic.,Health & Fitness,13153600,Expense
2021-08-20,Fee utility standard.,Salary,7231400,Income
2021-08-21,Online management loan.,Rent,10203000,Expense
2021-08-21,System net internet service fuel contract.,Shopping,12083600,Expense
2021-08-21,Entertainment tools travel deposit.,Shopping,15038400,Expense
2021-08-21,Service package client weekly health.,Travel,14855800,Expense
2021-08-21,Advance internet app charge gross.,Travel,11997100,Expense
2021-08-21,Central plan physical heart.,Other,44200000,Income
2021-08-21,Charge advance premium subscription economy investment payment.,Travel,8154200,Expense
2021-08-21,Premium hardware economy economy balance renewal project.,Utilities,11733700,Expense
2021-08-21,Interest taxi material.,Food & Drink,6989300,Expense
2021-08-21,Deposit plan market processed fee utility.,Rent,4200100,Expense
2021-08-21,Special standard entertainment client debit.,Travel,9364600,Expense
2021-08-21,Idea seek.,Utilities,1355700,Expense
2021-08-21,Utility invoice interest material.,Shopping,4781600,Expense
2021-08-22,Purchase processed special household mortgage hardware.,Salary,5839200,Income
2021-08-22,Freelance direct.,Health & Fitness,8830300,Expense
2021-08-22,Wear force able similar.,Salary,836000,Income
2021-08-23,Total salary adjustment grocery taxi.,Salary,12818900,Income
2021-08-23,Client flight charge subscription charge.,Utilities,3675600,Expense
2021-08-23,Play recently sure somebody.,Entertainment,17727200,Expense
2021-08-23,Transfer market train.,Investment,31183500,Income
2021-08-23,Fuel deposit invoice fee digital.,Entertainment,5344000,Expense
2021-08-23,Mortgage interest client advance online hospital.,Entertainment,18496200,Expense
2021-08-24,Water travel interest priority.,Health & Fitness,518400,Expense
2021-08-24,Internet phone salary personal salary payment express.,Shopping,8239100,Expense
2021-08-24,Economy purchase advance.,Utilities,268400,Expense
2021-08-24,Household online gross monthly.,Other,21246000,Income
2021-08-24,Delivery food online premium monthly.,Rent,2254100,Expense
2021-08-24,Why station manager.,Travel,10356100,Expense
2021-08-24,Hardware financial interest daily adjustment priority support.,Travel,6078400,Expense
2021-08-25,Freelance discount hospital renewal standard.,Other,36474600,Income
2021-08-25,Service hospital.,Utilities,6994100,Expense
2021-08-25,Subscription interest charge.,Shopping,7585100,Expense
2021-08-25,Bonus charge business.,Investment,26205400,Income
2021-08-25,Loan clinic.,Rent,6635000,Expense
2021-08-25,Personal credit market financial insurance.,Health & Fitness,14087200,Expense
2021-08-25,Front official not.,Salary,5140900,Income
2021-08-26,Monthly weekly financial bus processed management.,Rent,5840000,Expense
2021-08-26,Software monthly grocery utility debit invoice.,Shopping,13150900,Expense
2021-08-26,Phone train economy booking app.,Food & Drink,15667800,Expense
2021-08-26,Digital annual business entertainment.,Rent,8794000,Expense
2021-08-26,Salary support gym express gross freelance.,Travel,3739600,Expense
2021-08-27,Delivery taxi system loan payment.,Entertainment,14562700,Expense
2021-08-27,Thus several animal phone.,Entertainment,5793600,Expense
2021-08-27,Discount network charge maintenance monthly purchase software.,Health & Fitness,11715100,Expense
2021-08-27,Support restaurant salary.,Entertainment,8583400,Expense
2021-08-27,Material monthly adjustment salary.,Rent,6096000,Expense
2021-08-27,Discount market debit client flight utility shop.,Rent,9208300,Expense
2021-08-28,Household total material tax system.,Salary,3862300,Income
2021-08-28,Project subscription automatic automatic.,Entertainment,4387800,Expense
2021-08-28,Fee project restaurant.,Travel,7704400,Expense
2021-08-28,Special economy management.,Travel,15373400,Expense
2021-08-28,Food entertainment.,Investment,39414800,Income
2021-08-28,System investment support project clinic store.,Other,36715600,Income
2021-08-28,Express deal.,Other,26704300,Income
2021-08-28,Internet economy.,Rent,11825300,Expense
2021-08-28,Standard network.,Investment,32357300,Income
2021-08-29,Fuel delivery monthly transfer.,Shopping,10270500,Expense
2021-08-29,Credit entertainment.,Shopping,6326300,Expense
2021-08-29,Buy tax.,Food & Drink,17329400,Expense
2021-08-29,Hotel financial.,Investment,13590200,Income
2021-08-29,Gross transfer bill hotel credit reward.,Other,9336700,Income
2021-08-30,Freelance management order.,Rent,13929200,Expense
2021-08-30,Package network fuel financial client.,Salary,2132900,Income
2021-08-31,Savings system project support taxi.,Food & Drink,5781900,Expense
2021-08-31,Interest weekly account booking online.,Health & Fitness,10836700,Expense
2021-08-31,Charge savings.,Investment,17257600,Income
2021-08-31,Management market mortgage financial service.,Travel,19861700,Expense
2021-08-31,Economy personal investment management order processed app.,Shopping,13078600,Expense
2021-08-31,Support economy economy contract.,Utilities,5275400,Expense
2021-09-01,Online transfer tax booking renewal fuel.,Travel,9630900,Expense
2021-09-01,Charge system account system adjustment.,Utilities,11055100,Expense
2021-09-01,Material household system software client bus.,Entertainment,8187200,Expense
2021-09-01,Purchase budget express.,Utilities,480600,Expense
2021-09-01,Standard equipment vendor priority payment shop charge.,Entertainment,9800700,Expense
2021-09-01,Bonus gym store fuel booking store gym.,Health & Fitness,9819800,Expense
2021-09-01,Maintenance support water electricity.,Other,24678200,Income
2021-09-02,Taxi economy monthly client train weekly.,Entertainment,2679400,Expense
2021-09-02,Restaurant direct internet.,Travel,5384000,Expense
2021-09-02,Household hotel.,Utilities,12399400,Expense
2021-09-03,Market package reward parking platform mortgage.,Rent,5279600,Expense
2021-09-03,Balance adjustment.,Utilities,6323100,Expense
2021-09-03,Grocery restaurant.,Salary,10285200,Income
2021-09-03,Tools pharmacy personal support.,Travel,12432800,Expense
2021-09-03,Total hotel.,Investment,48649100,Income
2021-09-04,Economy market.,Salary,5779000,Income
2021-09-04,Health monthly savings investment.,Rent,9236200,Expense
2021-09-04,Debit delivery.,Food & Drink,15785800,Expense
2021-09-04,Monthly reward.,Other,36374500,Income
2021-09-04,Shop pending salary.,Entertainment,16285300,Expense
2021-09-04,Phone hardware restaurant.,Salary,8898700,Income
2021-09-05,Bonus adjustment taxi interest.,Other,42056300,Income
2021-09-05,Payment phone account.,Rent,13951800,Expense
2021-09-05,Pharmacy automatic entertainment service gym savings vendor.,Food & Drink,5673700,Expense
2021-09-05,Direct service flight client tax.,Investment,45160500,Income
2021-09-05,A when dark read.,Rent,16006900,Expense
2021-09-05,Regular digital bus.,Shopping,13584100,Expense
2021-09-06,Service travel reward premium material hospital.,Travel,19548200,Expense
2021-09-06,Direct parking internet internet pharmacy.,Entertainment,16228000,Expense
2021-09-06,Gross discount discount utility salary electricity.,Entertainment,7655400,Expense
2021-09-06,Online material priority insurance tax plan pharmacy.,Investment,11438500,Income
2021-09-06,Advance parking food loan market credit.,Rent,3339000,Expense
2021-09-06,Bill hardware.,Travel,4435100,Expense
2021-09-06,Personal phone.,Food & Drink,3357300,Expense
2021-09-06,Adjustment weekly package balance.,Other,15799600,Income
2021-09-06,City usually ever.,Shopping,14891800,Expense
2021-09-06,Clinic bonus entertainment.,Rent,4179700,Expense
2021-09-06,Automatic priority.,Health & Fitness,475900,Expense
2021-09-06,Tools loan network.,Utilities,5005400,Expense
2021-09-07,Balance balance client budget subscription hotel savings.,Investment,35131300,Income
2021-09-07,Fee special salary fuel booking.,Entertainment,10286800,Expense
2021-09-07,Market support electricity annual.,Food & Drink,8296800,Expense
2021-09-07,Mortgage account transfer.,Salary,16118100,Income
2021-09-07,Investment train app package.,Other,20922000,Income
2021-09-07,Household transfer fee delivery debit.,Food & Drink,13668400,Expense
2021-09-07,Flight investment deposit bus financial food.,Travel,11376900,Expense
2021-09-07,Total discount online net material adjustment.,Travel,11005900,Expense
2021-09-08,Internet fee bus flight.,Travel,18970900,Expense
2021-09-08,Reward insurance management utility entertainment water automatic.,Investment,22687400,Income
2021-09-08,Automatic platform insurance grocery credit account hotel.,Other,16113600,Income
2021-09-08,Financial mortgage bonus phone charge automatic bonus.,Health & Fitness,11562200,Expense
2021-09-08,Economy freelance bill hardware mortgage.,Investment,29844300,Income
2021-09-08,Express reward.,Shopping,4123200,Expense
2021-09-08,Gross contract financial credit support vendor pending.,Salary,9509300,Income
2021-09-09,Renewal balance automatic.,Food & Drink,8488900,Expense
2021-09-09,Deposit direct bus gym management electricity.,Entertainment,3396700,Expense
2021-09-09,Delivery express pending delivery processed economy.,Salary,4714600,Income
2021-09-09,Bar professor power.,Shopping,6846800,Expense
2021-09-09,Ability live.,Travel,16042800,Expense
2021-09-09,Personal rise sense investment.,Other,35090000,Income
2021-09-09,Invoice train maintenance.,Travel,6056800,Expense
2021-09-09,Mortgage express regular package mall direct equipment.,Utilities,4915500,Expense
2021-09-10,System app charge fuel order.,Entertainment,12075400,Expense
2021-09-10,Hotel salary.,Travel,1640800,Expense
2021-09-10,Difficult quite act receive stage.,Rent,8669100,Expense
2021-09-10,Adjustment invoice discount economy.,Rent,15958500,Expense
2021-09-10,Credit renewal order interest subscription.,Utilities,5828200,Expense
2021-09-11,Similar send card year.,Salary,12092200,Income
2021-09-11,Local director become.,Utilities,10954900,Expense
2021-09-11,Most across.,Salary,7095800,Income
2021-09-11,Service bonus special.,Utilities,5245600,Expense
2021-09-11,Hospital bus premium clinic.,Health & Fitness,13488400,Expense
2021-09-11,Plan freelance.,Health & Fitness,10611600,Expense
2021-09-11,Finish thing.,Rent,6625600,Expense
2021-09-12,Platform household.,Rent,10789800,Expense
2021-09-12,Mortgage maintenance pending priority electricity parking charge.,Food & Drink,18223700,Expense
2021-09-12,Household gross direct entertainment utility.,Entertainment,6923800,Expense
2021-09-12,Charge household material package.,Rent,6612400,Expense
2021-09-12,Invoice annual fuel.,Shopping,6273500,Expense
2021-09-12,Invoice train balance clinic express project internet.,Investment,18283100,Income
2021-09-12,Special maintenance.,Health & Fitness,13602600,Expense
2021-09-12,Insurance investment advance business hospital electricity.,Utilities,17164200,Expense
2021-09-12,Taxi order mortgage material phone net automatic.,Food & Drink,14618600,Expense
2021-09-13,Adjustment daily.,Investment,5610100,Income
2021-09-13,Interest advance electricity.,Food & Drink,11009700,Expense
2021-09-14,Electricity tax hospital automatic utility budget.,Salary,6645500,Income
2021-09-14,Special equipment entertainment system.,Entertainment,7936200,Expense
2021-09-14,Tax hardware mall financial.,Food & Drink,5984500,Expense
2021-09-14,Deal premium bonus fee.,Health & Fitness,15412400,Expense
2021-09-15,Reward internet grocery salary management regular parking.,Rent,5291200,Expense
2021-09-15,Mortgage balance.,Salary,3246700,Income
2021-09-15,Goal defense security turn.,Other,40630000,Income
2021-09-15,Special support.,Travel,8559300,Expense
2021-09-16,Credit bill direct clinic.,Travel,14472000,Expense
2021-09-16,App bonus.,Food & Drink,8905100,Expense
2021-09-16,Hospital tools utility food processed budget travel.,Rent,8573900,Expense
2021-09-16,White fire cause everybody.,Health & Fitness,10310400,Expense
2021-09-16,Monthly household transfer investment salary insurance.,Other,22672900,Income
2021-09-16,Hotel water contract bill project financial.,Health & Fitness,5974000,Expense
2021-09-16,Travel business personal delivery processed.,Investment,29080900,Income
2021-09-16,Beautiful beyond sell.,Food & Drink,1593300,Expense
2021-09-16,Salary grocery.,Rent,15467400,Expense
2021-09-16,Digital package processed app.,Shopping,5765700,Expense
2021-09-16,Digital health water renewal.,Health & Fitness,19045700,Expense
2021-09-17,Network outside parent.,Utilities,19060500,Expense
2021-09-17,Investment discount hotel balance order deposit equipment.,Entertainment,2712800,Expense
2021-09-17,Day parent country.,Other,7850000,Income
2021-09-17,Service standard priority platform.,Other,18985900,Income
2021-09-18,Budget maintenance bonus material account.,Travel,11149600,Expense
2021-09-18,Train management.,Rent,13861000,Expense
2021-09-18,Daily personal package savings material tools clinic.,Shopping,11960300,Expense
2021-09-18,Special purchase invoice maintenance.,Investment,35952300,Income
2021-09-18,Tax direct direct maintenance mortgage.,Food & Drink,17449500,Expense
2021-09-18,Client direct booking.,Utilities,9977300,Expense
2021-09-18,Weekly advance annual deposit contract regular.,Utilities,11146500,Expense
2021-09-18,Business food project.,Other,17808200,Income
2021-09-18,Bill hardware utility special debit restaurant mall.,Investment,13581400,Income
2021-09-18,Financial project deal hospital freelance.,Health & Fitness,19845000,Expense
2021-09-18,Budget client fuel mall.,Salary,3545500,Income
2021-09-18,Gross bus electricity.,Salary,7377500,Income
2021-09-19,Value car team nothing.,Health & Fitness,7503100,Expense
2021-09-19,Raise several west side admit.,Utilities,10636300,Expense
2021-09-19,Shop contract internet household.,Utilities,8261400,Expense
2021-09-19,Position six soldier.,Investment,35000000,Income
2021-09-19,Balance subscription investment budget.,Health & Fitness,14709900,Expense
2021-09-19,History drop point audience.,Food & Drink,12141400,Expense
2021-09-19,Express account digital.,Rent,7010200,Expense
2021-09-19,Shop budget household food bill food plan.,Rent,8675700,Expense
2021-09-20,Charge debit water special.,Utilities,14384400,Expense
2021-09-20,Maintenance economy market.,Utilities,14167000,Expense
2021-09-20,Monthly advance.,Health & Fitness,10917600,Expense
2021-09-20,Energy always.,Travel,5067300,Expense
2021-09-20,Clinic deal financial priority loan.,Travel,17202800,Expense
2021-09-20,Restaurant system grocery reward debit.,Shopping,12515800,Expense
2021-09-20,Invoice mall electricity bus account tools support.,Salary,10664900,Income
2021-09-21,Media pick may indeed.,Investment,45880000,Income
2021-09-21,Balance direct electricity network package digital.,Utilities,6154700,Expense
2021-09-21,Store fee.,Salary,10418900,Income
2021-09-21,Vendor management investment flight platform food balance.,Investment,8453500,Income
2021-09-21,Mortgage salary package internet.,Travel,13893300,Expense
2021-09-21,Shop phone savings clinic pharmacy.,Utilities,15026500,Expense
2021-09-21,Financial purchase business.,Investment,32175900,Income
2021-09-21,Personal delivery grocery freelance weekly.,Shopping,15787700,Expense
2021-09-22,Store contract financial health system express budget.,Food & Drink,11480600,Expense
2021-09-22,Gross bill financial tax renewal deal invoice.,Health & Fitness,3126100,Expense
2021-09-22,Total balance annual online net internet.,Rent,7364600,Expense
2021-09-23,Restaurant automatic adjustment weekly taxi.,Rent,8240800,Expense
2021-09-23,Hotel project invoice digital shop.,Investment,19513200,Income
2021-09-24,Deposit bonus premium food delivery personal.,Travel,17945600,Expense
2021-09-24,Internet order standard.,Shopping,18880200,Expense
2021-09-24,Platform reward digital tax bill weekly priority.,Rent,15969100,Expense
2021-09-24,Advance tax priority insurance priority booking.,Utilities,8166800,Expense
2021-09-25,Annual tax premium.,Investment,36839600,Income
2021-09-25,Freelance platform subscription.,Entertainment,8969600,Expense
2021-09-25,Plan financial insurance loan project market.,Travel,12556100,Expense
2021-09-25,Direct taxi shop booking adjustment online shop.,Health & Fitness,12079600,Expense
2021-09-25,Tools tools renewal hardware maintenance invoice savings.,Food & Drink,19719200,Expense
2021-09-25,Direct discount processed household hotel premium train.,Investment,40268200,Income
2021-09-26,Booking service weekly annual.,Food & Drink,10096600,Expense
2021-09-26,Health food savings.,Salary,17721800,Income
2021-09-26,Grocery charge vendor phone parking gym advance.,Travel,8700200,Expense
2021-09-26,Fuel discount clinic budget mall food management.,Travel,10925800,Expense
2021-09-26,Order service payment renewal express plan.,Health & Fitness,5918600,Expense
2021-09-27,Platform express flight credit train network.,Utilities,6633400,Expense
2021-09-27,Budget digital internet special payment adjustment.,Entertainment,7692800,Expense
2021-09-27,Market restaurant order pharmacy online taxi clinic.,Entertainment,10098700,Expense
2021-09-27,Interest phone online shop payment.,Utilities,10407700,Expense
2021-09-28,Booking deposit.,Rent,5227500,Expense
2021-09-28,Policy mrs.,Rent,5309400,Expense
2021-09-28,Processed booking net health.,Other,30658900,Income
2021-09-28,Fuel regular management.,Health & Fitness,1459300,Expense
2021-09-28,Invoice special.,Rent,15193600,Expense
2021-09-28,Gym gross hospital balance.,Shopping,7885200,Expense
2021-09-28,Plan electricity.,Utilities,4123600,Expense
2021-09-28,Processed annual.,Rent,3354700,Expense
2021-09-28,Gross service water support booking service market.,Utilities,4630600,Expense
2021-09-29,System water special savings annual.,Travel,3378900,Expense
2021-09-29,Flight mall phone bonus account tools.,Salary,9375500,Income
2021-09-29,Interest water market client.,Shopping,12186800,Expense
2021-09-29,Entertainment deposit restaurant.,Other,23104800,Income
2021-09-29,Credit taxi purchase.,Health & Fitness,5734100,Expense
2021-09-30,Subscription restaurant service tools economy.,Rent,12644600,Expense
2021-09-30,Automatic total shop water hardware.,Rent,11981900,Expense
2021-09-30,Bill entertainment system platform direct total delivery.,Shopping,7030400,Expense
2021-09-30,Network savings gym hardware bill support.,Rent,15131400,Expense
2021-09-30,Fee parking equipment savings account.,Utilities,6949000,Expense
2021-09-30,Delivery network vendor monthly.,Entertainment,16705200,Expense
2021-09-30,Investment hotel freelance annual parking gym order.,Rent,13840900,Expense
2021-09-30,Parking digital water electricity.,Travel,6175800,Expense
2021-09-30,Standard adjustment hotel.,Entertainment,13163600,Expense
2021-10-01,Deposit support utility booking monthly loan.,Utilities,5582300,Expense
2021-10-01,Base bad tv.,Salary,4370000,Income
2021-10-01,Budget daily weekly shop gross subscription.,Shopping,5240600,Expense
2021-10-01,Account economy health direct discount health deal.,Food & Drink,8085000,Expense
2021-10-01,Mall electricity.,Travel,10481200,Expense
2021-10-02,Regular savings support electricity order deposit bus.,Utilities,17823300,Expense
2021-10-02,Interest gross grocery gym express insurance delivery.,Food & Drink,11488800,Expense
2021-10-02,Software balance shop booking.,Other,26812100,Income
2021-10-03,Client discount.,Utilities,7730200,Expense
2021-10-03,Market adjustment charge credit total gym.,Food & Drink,17053500,Expense
2021-10-03,Phone material material fuel material direct system.,Investment,22941200,Income
2021-10-03,Clinic gym booking grocery parking monthly.,Other,39090800,Income
2021-10-03,Debit investment personal.,Utilities,745400,Expense
2021-10-03,Shop business adjustment.,Health & Fitness,9014500,Expense
2021-10-03,Parking insurance automatic business fuel insurance net.,Other,47800800,Income
2021-10-03,Charge parking digital direct project invoice economy.,Other,12202000,Income
2021-10-04,Hospital network balance client travel.,Rent,14333100,Expense
2021-10-04,Priority client renewal adjustment.,Health & Fitness,12550700,Expense
2021-10-04,Market insurance clinic project regular.,Entertainment,7680000,Expense
2021-10-04,Monthly network bonus bus.,Food & Drink,14104200,Expense
2021-10-04,Payment savings special maintenance gross deposit phone.,Shopping,13228900,Expense
2021-10-05,Mortgage market support system payment.,Rent,12662800,Expense
2021-10-05,Investment charge hardware flight.,Rent,8137800,Expense
2021-10-05,Phone premium system bonus management.,Shopping,15636300,Expense
2021-10-05,Network tools hotel.,Entertainment,18884500,Expense
2021-10-05,Tools interest total.,Rent,14928700,Expense
2021-10-06,Monthly debit.,Salary,1376000,Income
2021-10-06,Taxi health order software processed economy pending.,Investment,29161700,Income
2021-10-07,Priority deposit priority fuel client platform annual.,Entertainment,9252900,Expense
2021-10-07,Interest maintenance vendor internet weekly investment client.,Utilities,14583800,Expense
2021-10-07,Hardware loan booking entertainment.,Shopping,6304600,Expense
2021-10-07,Parking priority.,Entertainment,11932900,Expense
2021-10-07,Force only shake power poor.,Salary,4083500,Income
2021-10-08,Clinic parking reward direct discount.,Salary,7119200,Income
2021-10-08,Role suffer around beat.,Investment,42030000,Income
2021-10-08,Grocery annual.,Shopping,10143200,Expense
2021-10-08,Utility loan weekly phone parking.,Salary,10932800,Income
2021-10-09,Monthly balance economy hardware platform.,Health & Fitness,13821900,Expense
2021-10-09,Personal payment automatic.,Rent,11368500,Expense
2021-10-09,Clinic parking.,Health & Fitness,11498800,Expense
2021-10-09,Special gross.,Rent,13256500,Expense
2021-10-09,Flight fee pending budget business.,Travel,10780900,Expense
2021-10-10,Clinic payment.,Shopping,3421500,Expense
2021-10-10,Deal transfer management purchase.,Utilities,2761000,Expense
2021-10-10,Reward renewal daily management account.,Shopping,7373700,Expense
2021-10-10,Store fee entertainment bus payment advance premium.,Shopping,2295300,Expense
2021-10-10,Weekly gross business restaurant special.,Entertainment,17693000,Expense
2021-10-11,Package project project.,Utilities,7046600,Expense
2021-10-11,Monthly delivery.,Shopping,9426500,Expense
2021-10-11,Software train standard discount total mortgage.,Entertainment,13962800,Expense
2021-10-11,Clinic economy.,Salary,7866000,Income
2021-10-11,Project contract bus freelance purchase hardware annual.,Health & Fitness,1917700,Expense
2021-10-11,Travel processed phone balance store renewal deposit.,Entertainment,6071400,Expense
2021-10-11,Software entertainment.,Travel,10509000,Expense
2021-10-12,Personal charge renewal weekly regular personal budget.,Shopping,3852400,Expense
2021-10-12,Hospital train software utility monthly.,Rent,17459500,Expense
2021-10-12,Shop purchase monthly payment platform parking.,Rent,4740500,Expense
2021-10-12,Credit water adjustment.,Utilities,17274100,Expense
2021-10-12,App total.,Health & Fitness,15752200,Expense
2021-10-12,Business flight train interest plan shop contract.,Other,41029000,Income
2021-10-12,Taxi store balance client contract.,Investment,26978800,Income
2021-10-13,Equipment hotel.,Investment,37647600,Income
2021-10-13,Budget remain reduce.,Health & Fitness,13390000,Expense
2021-10-13,Law participant.,Other,12190000,Income
2021-10-13,Well mission situation result.,Travel,17837500,Expense
2021-10-14,Support adjustment charge tax shop.,Other,23871000,Income
2021-10-14,Balance app pending daily.,Utilities,7409000,Expense
2021-10-14,Credit maintenance pending advance.,Health & Fitness,17843400,Expense
2021-10-14,Purchase standard material savings purchase.,Salary,18402600,Income
2021-10-14,Mall travel.,Rent,10736100,Expense
2021-10-15,Material app.,Food & Drink,15327500,Expense
2021-10-15,Deal automatic vendor fee tax.,Travel,9583100,Expense
2021-10-15,Regular advance.,Rent,8310500,Expense
2021-10-15,Booking maintenance maintenance direct water personal water.,Travel,11693100,Expense
2021-10-15,Equipment mall total priority.,Health & Fitness,10870500,Expense
2021-10-15,Annual freelance delivery freelance business insurance weekly.,Food & Drink,8490500,Expense
2021-10-15,Weekly phone store.,Utilities,17572200,Expense
2021-10-15,Grocery phone support.,Utilities,14270100,Expense
2021-10-15,Account budget contract monthly bonus platform.,Salary,18276400,Income
2021-10-15,Restaurant personal pharmacy account water.,Entertainment,11229600,Expense
2021-10-16,Reward utility.,Rent,10499900,Expense
2021-10-16,Camera sit environmental though.,Utilities,15894600,Expense
2021-10-16,Automatic restaurant shop daily advance.,Other,15434400,Income
2021-10-16,Budget adjustment invoice automatic flight.,Rent,10899800,Expense
2021-10-16,Health debit investment internet.,Health & Fitness,5128400,Expense
2021-10-16,Client travel savings.,Shopping,12658300,Expense
2021-10-16,Regular service.,Entertainment,10268500,Expense
2021-10-16,Network travel fuel maintenance freelance annual.,Investment,5204700,Income
2021-10-16,Account health charge platform investment discount.,Travel,8563300,Expense
2021-10-17,Annual flight gross freelance pharmacy.,Investment,16378900,Income
2021-10-17,Total daily gym express subscription.,Health & Fitness,8147600,Expense
2021-10-17,Entertainment equipment credit hotel.,Rent,12568000,Expense
2021-10-17,Health direct daily software debit invoice.,Entertainment,8116200,Expense
2021-10-17,Internet order business account.,Investment,36206800,Income
2021-10-17,Food adjustment travel gross.,Shopping,9619700,Expense
2021-10-17,Booking hardware food direct.,Utilities,8808300,Expense
2021-10-17,Gym plan hardware mall.,Shopping,6082100,Expense
2021-10-17,Automatic hotel plan.,Travel,11582200,Expense
2021-10-18,Electricity system mortgage train internet.,Shopping,1500500,Expense
2021-10-18,Vendor purchase balance gross.,Health & Fitness,3811100,Expense
2021-10-18,Fee total health weekly network direct debit.,Food & Drink,9600300,Expense
2021-10-18,Delivery gross adjustment.,Shopping,14355200,Expense
2021-10-18,Deposit order net direct loan shop.,Salary,14698900,Income
2021-10-18,Reward subscription support system.,Shopping,10538900,Expense
2021-10-18,Hospital reward budget.,Salary,7050200,Income
2021-10-18,Insurance personal discount.,Rent,13556900,Expense
2021-10-19,Material pharmacy mall water.,Shopping,14158700,Expense
2021-10-19,Mortgage business financial.,Health & Fitness,12707900,Expense
2021-10-19,Standard restaurant online net special.,Travel,12171500,Expense
2021-10-19,Plan loan.,Other,13618600,Income
2021-10-19,Plan discount clinic salary pending.,Salary,7574000,Income
2021-10-19,Material tax software gross renewal.,Utilities,14106500,Expense
2021-10-19,Plan interest discount.,Rent,15106800,Expense
2021-10-19,Internet market entertainment delivery weekly.,Health & Fitness,11878500,Expense
2021-10-20,Invoice mall vendor.,Travel,6098600,Expense
2021-10-20,Investment pharmacy maintenance electricity vendor.,Travel,4965100,Expense
2021-10-20,Discount tax.,Health & Fitness,8074900,Expense
2021-10-20,Advance client subscription.,Utilities,5597500,Expense
2021-10-20,Discount market regular client maintenance.,Rent,17047600,Expense
2021-10-20,Southern evening ask republican.,Rent,19704100,Expense
2021-10-20,Electricity utility tools system.,Utilities,7865300,Expense
2021-10-20,Pending business order app.,Food & Drink,7372400,Expense
2021-10-21,Taxi daily train grocery hardware delivery train.,Travel,10283200,Expense
2021-10-21,Baby lawyer growth matter note.,Entertainment,15828400,Expense
2021-10-21,Health platform freelance.,Health & Fitness,5389700,Expense
2021-10-21,Advance internet bus order.,Rent,8576100,Expense
2021-10-21,Gross advance clinic.,Health & Fitness,4143200,Expense
2021-10-22,Debit investment client direct loan.,Rent,15481600,Expense
2021-10-22,Effort bill off.,Other,43280000,Income
2021-10-22,Management loan standard flight online parking.,Food & Drink,2184300,Expense
2021-10-22,Fee account material support vendor adjustment loan.,Investment,14771200,Income
2021-10-22,Budget fee tools gross discount regular.,Entertainment,11433200,Expense
2021-10-22,Automatic total reward.,Other,29095200,Income
2021-10-22,Contract project pending package processed renewal management.,Utilities,10750300,Expense
2021-10-22,Purchase internet.,Entertainment,10318200,Expense
2021-10-22,Household equipment network hotel.,Rent,14292100,Expense
2021-10-23,Taxi weekly software transfer restaurant.,Health & Fitness,15066700,Expense
2021-10-23,Salary savings system order internet food project.,Utilities,6591100,Expense
2021-10-23,Total total tools.,Health & Fitness,7633000,Expense
2021-10-23,Booking processed interest.,Utilities,1336400,Expense
2021-10-24,Animal hair turn.,Other,37610000,Income
2021-10-24,Monthly account.,Other,23715100,Income
2021-10-24,Pending credit project food invoice travel account.,Health & Fitness,9346300,Expense
2021-10-24,Transfer balance net phone.,Salary,9535500,Income
2021-10-24,Food market vendor plan.,Investment,12231100,Income
2021-10-24,Scientist able teach.,Utilities,12277800,Expense
2021-10-24,Electricity processed standard discount business flight payment.,Rent,14614800,Expense
2021-10-24,Payment processed tools bus hospital freelance.,Other,35018600,Income
2021-10-24,Hardware shop.,Utilities,5778900,Expense
2021-10-24,Daily pharmacy digital train.,Other,37553300,Income
2021-10-25,Contract grocery balance.,Utilities,5760500,Expense
2021-10-25,Gym renewal.,Health & Fitness,5066300,Expense
2021-10-25,Weekly gym monthly.,Salary,10759800,Income
2021-10-25,Payment package budget food balance.,Rent,8585500,Expense
2021-10-25,Pending weekly internet train debit premium bus.,Travel,5656600,Expense
2021-10-25,Standard utility.,Travel,18415700,Expense
2021-10-26,Purchase material equipment advance charge priority.,Shopping,11899400,Expense
2021-10-26,Gym express.,Food & Drink,13581600,Expense
2021-10-26,Store hardware.,Entertainment,10722100,Expense
2021-10-27,Vendor direct credit.,Rent,13164400,Expense
2021-10-27,Need trial.,Salary,10561300,Income
2021-10-27,Tax daily business adjustment utility business pending.,Other,13338400,Income
2021-10-27,Focus indicate result.,Rent,2594000,Expense
2021-10-28,Direct insurance purchase.,Entertainment,1418900,Expense
2021-10-28,Taxi market gym store deposit train deal.,Entertainment,11857400,Expense
2021-10-28,Electricity credit standard mall deposit electricity.,Utilities,7936000,Expense
2021-10-28,Mall savings.,Investment,22126600,Income
2021-10-28,Annual insurance pending health financial.,Salary,18208300,Income
2021-10-28,Mall charge support discount.,Entertainment,4781200,Expense
2021-10-28,Reward deposit online health.,Utilities,1514200,Expense
2021-10-28,Restaurant advance travel standard subscription.,Health & Fitness,11444500,Expense
2021-10-28,Deal tools maintenance hotel household internet order.,Food & Drink,17518600,Expense
2021-10-29,Contract system.,Health & Fitness,7751900,Expense
2021-10-29,Weekly insurance fuel.,Health & Fitness,16556100,Expense
2021-10-29,Pending clinic package shop clinic food financial.,Health & Fitness,15172800,Expense
2021-10-29,Delivery payment regular.,Shopping,7784900,Expense
2021-10-29,Subscription household contract budget bill account.,Other,43121600,Income
2021-10-29,Maintenance economy app store software.,Food & Drink,7525400,Expense
2021-10-29,Pending annual mortgage delivery weekly financial.,Food & Drink,18504900,Expense
2021-10-30,Internet processed.,Salary,7500400,Income
2021-10-30,Bonus financial subscription.,Travel,17691700,Expense
2021-10-30,Savings mortgage service train.,Rent,12053800,Expense
2021-10-30,Hotel interest personal booking deal.,Other,22981900,Income
2021-10-30,Health water.,Investment,38822000,Income
2021-10-30,Standard utility balance plan net economy freelance.,Travel,9842800,Expense
2021-10-30,Restaurant budget loan.,Travel,13143000,Expense
2021-10-30,Number budget.,Rent,9054500,Expense
2021-10-31,Investment fuel water express.,Food & Drink,10829600,Expense
2021-10-31,Clinic transfer renewal store client booking health.,Other,26423000,Income
2021-10-31,Insurance investment purchase standard food credit water.,Food & Drink,19196200,Expense
2021-10-31,Internet project mall equipment contract net.,Investment,35940900,Income
2021-10-31,Freelance charge balance balance.,Rent,6512700,Expense
2021-10-31,Plan water grocery management express vendor.,Shopping,6197400,Expense
2021-10-31,Clinic gross adjustment flight tools.,Rent,9017200,Expense
2021-10-31,Gym app parking taxi.,Health & Fitness,8682800,Expense
2021-11-01,Pharmacy app booking salary discount client daily.,Health & Fitness,13603900,Expense
2021-11-02,Budget account.,Rent,13739100,Expense
2021-11-02,Premium mall.,Travel,12464700,Expense
2021-11-02,Water entertainment standard software.,Salary,4867600,Income
2021-11-02,Net debit water savings fuel gym.,Travel,9940100,Expense
2021-11-02,Charge payment order processed renewal interest.,Rent,9579700,Expense
2021-11-02,Bonus water daily phone service.,Other,14354500,Income
2021-11-02,Invoice debit business economy shop economy digital.,Utilities,6727900,Expense
2021-11-03,Gym transfer priority entertainment digital network material.,Investment,8300000,Income
2021-11-03,Direct management pharmacy budget transfer tools grocery.,Other,27283800,Income
2021-11-03,Development middle animal.,Health & Fitness,2653900,Expense
2021-11-03,Reward travel special subscription credit bus personal.,Investment,10389900,Income
2021-11-03,Service premium deal electricity.,Shopping,13886400,Expense
2021-11-03,Travel priority delivery system personal management.,Rent,8658500,Expense
2021-11-04,Express restaurant vendor renewal mall train.,Shopping,3608500,Expense
2021-11-04,Pending gross.,Rent,16118500,Expense
2021-11-04,Gross monthly.,Food & Drink,4349500,Expense
2021-11-04,Pending platform express.,Entertainment,13485300,Expense
2021-11-04,Fuel business household.,Rent,3565900,Expense
2021-11-04,Discount package flight phone fee digital total.,Investment,32648700,Income
2021-11-04,Theory tend.,Utilities,15378900,Expense
2021-11-04,Store total.,Rent,9482300,Expense
2021-11-05,Freelance financial tax digital.,Investment,20980800,Income
2021-11-05,Tools personal tools deal premium delivery.,Entertainment,10573800,Expense
2021-11-05,Beat lead hard factor.,Investment,15170000,Income
2021-11-05,Mall network direct bus.,Rent,6910200,Expense
2021-11-05,Drug happy will young simply.,Travel,3376700,Expense
2021-11-06,Character usually agency.,Entertainment,6985900,Expense
2021-11-06,Insurance deal savings pending.,Entertainment,12519400,Expense
2021-11-06,Client project special restaurant.,Entertainment,11017700,Expense
2021-11-06,Annual health salary net train.,Utilities,5256100,Expense
2021-11-07,Priority fuel bus advance.,Food & Drink,15385900,Expense
2021-11-07,Hardware equipment mall credit express online store.,Investment,33305100,Income
2021-11-07,Taxi deposit daily household payment management.,Food & Drink,12395900,Expense
2021-11-07,Player really act friend.,Travel,16934100,Expense
2021-11-07,Grocery investment credit total invoice.,Rent,11974600,Expense
2021-11-08,Budget payment investment.,Investment,7622000,Income
2021-11-08,Market pending food project.,Utilities,8527700,Expense
2021-11-08,Adjustment app delivery shop.,Shopping,10506000,Expense
2021-11-08,Train fuel business mall weekly management.,Food & Drink,7549500,Expense
2021-11-08,Debit train.,Utilities,7112400,Expense
2021-11-08,Bus fuel.,Travel,14000500,Expense
2021-11-08,Deposit software daily.,Investment,23509600,Income
2021-11-08,Budget network maintenance mall.,Investment,21607800,Income
2021-11-09,Renewal savings entertainment bonus net.,Travel,4301900,Expense
2021-11-09,Weekly renewal interest mall net standard vendor.,Food & Drink,13047300,Expense
2021-11-09,Booking flight balance household utility mall vendor.,Rent,18514800,Expense
2021-11-09,Investment bonus automatic reward.,Salary,11138500,Income
2021-11-09,Store package savings debit household.,Food & Drink,11519500,Expense
2021-11-09,Shop financial direct regular management economy balance.,Utilities,4491100,Expense
2021-11-09,Balance phone payment.,Rent,17956300,Expense
2021-11-09,Internet deposit maintenance internet fuel.,Health & Fitness,13369600,Expense
2021-11-09,Processed discount shop electricity.,Salary,8608400,Income
2021-11-10,Order hotel.,Entertainment,10054000,Expense
2021-11-10,Billion morning draw.,Travel,2590900,Expense
2021-11-10,Express credit gross software phone.,Investment,44431900,Income
2021-11-10,Tax water service.,Health & Fitness,9541400,Expense
2021-11-11,Mortgage automatic investment debit digital.,Rent,11989200,Expense
2021-11-11,Material salary hardware freelance pending electricity subscription.,Rent,7101000,Expense
2021-11-11,Phone parking pending discount.,Utilities,12122800,Expense
2021-11-11,Adjustment entertainment.,Salary,6949600,Income
2021-11-11,Purchase grocery automatic adjustment parking.,Other,32230800,Income
2021-11-12,Daily transfer grocery.,Salary,11716400,Income
2021-11-12,Taxi water processed platform.,Investment,15957300,Income
2021-11-12,Premium booking hospital personal investment.,Shopping,6494400,Expense
2021-11-12,Clinic parking account regular booking financial parking.,Salary,13512000,Income
2021-11-12,Insurance investment phone hardware management taxi.,Health & Fitness,2055900,Expense
2021-11-12,Booking travel net taxi taxi.,Shopping,945900,Expense
2021-11-12,Purchase support system transfer.,Shopping,1723100,Expense
2021-11-12,Service travel taxi water system health vendor.,Health & Fitness,2743100,Expense
2021-11-13,Account charge tax app pharmacy investment reward.,Other,40256900,Income
2021-11-13,Hardware weekly plan.,Shopping,15821400,Expense
2021-11-13,Financial delivery direct material purchase.,Investment,26632500,Income
2021-11-14,Transfer charge restaurant freelance management plan.,Salary,17834000,Income
2021-11-14,Support pending taxi online.,Travel,10484700,Expense
2021-11-14,Delivery entertainment.,Health & Fitness,10957000,Expense
2021-11-14,Maintenance vendor management support.,Rent,12457500,Expense
2021-11-14,Loan support weekly interest debit.,Food & Drink,4915100,Expense
2021-11-14,Service investment total mortgage priority financial.,Shopping,5330000,Expense
2021-11-15,Gross weekly special pharmacy bill.,Travel,10027400,Expense
2021-11-15,Water renewal deposit deposit.,Food & Drink,6595100,Expense
2021-11-15,Entertainment express.,Shopping,7671300,Expense
2021-11-15,Win central.,Rent,10101200,Expense
2021-11-16,Personal gross economy.,Health & Fitness,2995400,Expense
2021-11-16,Fee net parking.,Utilities,14134400,Expense
2021-11-16,Utility mall account food transfer hospital.,Investment,18482800,Income
2021-11-16,Restaurant contract deal special.,Shopping,7721300,Expense
2021-11-16,Gross investment electricity investment insurance management payment.,Shopping,14678500,Expense
2021-11-16,Booking direct personal.,Travel,17310000,Expense
2021-11-16,Analysis discuss.,Investment,19020000,Income
2021-11-16,Weekly hardware fee business.,Food & Drink,950200,Expense
2021-11-17,Hotel hardware economy standard grocery.,Rent,14548100,Expense
2021-11-17,Gym package flight bus account bonus.,Food & Drink,14792800,Expense
2021-11-17,Red head window be.,Health & Fitness,16866300,Expense
2021-11-17,Health material.,Salary,16161200,Income
2021-11-17,Online internet.,Food & Drink,9092400,Expense
2021-11-17,Travel project deal premium internet.,Utilities,10125200,Expense
2021-11-18,Card star avoid nothing.,Food & Drink,1716300,Expense
2021-11-18,Business investment priority hotel.,Salary,13034400,Income
2021-11-18,Economy contract.,Shopping,10618600,Expense
2021-11-18,Subscription project pending.,Utilities,18545400,Expense
2021-11-18,Network order total system.,Travel,17316200,Expense
2021-11-18,Client reward discount digital adjustment gross renewal.,Rent,8313000,Expense
2021-11-18,Door end fire.,Travel,13057500,Expense
2021-11-19,Business monthly credit service client.,Shopping,6201900,Expense
2021-11-19,Advance internet subscription budget internet fuel.,Investment,14449800,Income
2021-11-19,Subscription interest travel gym salary bus freelance.,Shopping,17261800,Expense
2021-11-19,Fish evening avoid dark.,Shopping,12400400,Expense
2021-11-19,Pharmacy express discount train interest contract.,Other,49735400,Income
2021-11-19,Invoice delivery bonus debit business.,Entertainment,18715000,Expense
2021-11-19,Market debit support restaurant adjustment salary.,Investment,31878700,Income
2021-11-19,Loan flight premium automatic debit pharmacy.,Investment,25490900,Income
2021-11-19,Management pharmacy pending.,Investment,12838900,Income
2021-11-20,Discount household.,Shopping,11564400,Expense
2021-11-20,Flight standard market hospital network.,Health & Fitness,11720100,Expense
2021-11-20,Payment health tools store plan total.,Utilities,7356200,Expense
2021-11-20,Delivery booking fuel monthly.,Food & Drink,15623100,Expense
2021-11-20,Freelance booking restaurant.,Investment,18763200,Income
2021-11-20,Subscription deal tax.,Travel,9064300,Expense
2021-11-21,Image movie who debate.,Shopping,6018900,Expense
2021-11-21,Enter build citizen rather.,Investment,17940000,Income
2021-11-21,Special personal water.,Other,24047800,Income
2021-11-21,Premium vendor water equipment travel special charge.,Food & Drink,17202800,Expense
2021-11-21,Household material savings interest booking.,Shopping,15790900,Expense
2021-11-21,Payment fuel food flight account interest grocery.,Food & Drink,14489500,Expense
2021-11-21,Savings renewal.,Entertainment,6048100,Expense
2021-11-21,Choice clearly.,Other,29740000,Income
2021-11-22,Entertainment salary maintenance flight tools.,Shopping,11987600,Expense
2021-11-22,Booking standard contract water tax.,Entertainment,12300000,Expense
2021-11-22,Electricity software market express phone.,Food & Drink,9239200,Expense
2021-11-22,Standard regular.,Shopping,3262500,Expense
2021-11-22,Balance travel investment network.,Health & Fitness,4469300,Expense
2021-11-22,Pharmacy charge clinic.,Other,46709900,Income
2021-11-22,Gross water plan grocery monthly project hotel.,Food & Drink,16028500,Expense
2021-11-23,Mall flight reward advance charge business.,Investment,47825300,Income
2021-11-23,Structure foreign before.,Salary,9342400,Income
2021-11-23,Grocery premium fuel mall plan gross app.,Other,38274900,Income
2021-11-23,Daily premium personal renewal.,Shopping,17715600,Expense
2021-11-24,Deposit credit express household health balance electricity.,Entertainment,2405500,Expense
2021-11-24,Direct mall digital online utility renewal.,Investment,21118500,Income
2021-11-24,Food pharmacy service online gym premium.,Shopping,8293200,Expense
2021-11-24,Fuel bill.,Entertainment,12001100,Expense
2021-11-24,Direct package system reward renewal delivery.,Salary,4328300,Income
2021-11-24,Online plan.,Entertainment,15023300,Expense
2021-11-24,Fee restaurant debit loan delivery water interest.,Salary,8052500,Income
2021-11-25,Software system balance economy investment pending.,Health & Fitness,14859200,Expense
2021-11-25,Electricity balance fee internet adjustment.,Rent,16503200,Expense
2021-11-25,Standard bill net package insurance maintenance.,Utilities,2768100,Expense
2021-11-25,Grocery flight grocery.,Entertainment,7621800,Expense
2021-11-25,Tax clinic.,Other,25853400,Income
2021-11-25,Gross travel health priority subscription daily priority.,Other,19361000,Income
2021-11-26,Mall hospital grocery special tools phone regular.,Health & Fitness,5973300,Expense
2021-11-26,Service utility contract gym.,Utilities,13513500,Expense
2021-11-26,How any federal star.,Utilities,6320400,Expense
2021-11-26,Electricity network payment maintenance special household store.,Salary,14379500,Income
2021-11-27,Debit savings reward order.,Salary,19242300,Income
2021-11-27,Weight take.,Health & Fitness,19509900,Expense
2021-11-27,Food economy support bus express utility standard.,Food & Drink,8083500,Expense
2021-11-27,Grocery management.,Salary,8011100,Income
2021-11-27,Invoice weekly client.,Utilities,2285500,Expense
2021-11-27,Support purchase app pending.,Entertainment,18715300,Expense
2021-11-28,Interest delivery.,Food & Drink,13055500,Expense
2021-11-28,Health vendor economy.,Health & Fitness,5035200,Expense
2021-11-28,Deal gym utility charge.,Investment,20628900,Income
2021-11-28,Order deposit vendor.,Salary,7768900,Income
2021-11-28,Economic left sound cause activity.,Other,47180000,Income
2021-11-28,Budget maintenance pending payment.,Entertainment,10389800,Expense
2021-11-28,Hardware online.,Salary,16430000,Income
2021-11-28,Advance management.,Utilities,12078100,Expense
2021-11-28,Advance taxi phone.,Salary,7660900,Income
2021-11-29,Client system hotel mall.,Investment,19411300,Income
2021-11-29,Loan clinic priority market order.,Travel,14744800,Expense
2021-11-29,Package food food hotel app hospital investment.,Salary,10943100,Income
2021-11-29,Bonus debit project gym balance.,Other,36774300,Income
2021-11-29,Food bus train equipment tools charge booking.,Entertainment,8102600,Expense
2021-11-30,Weekly tax debit account economy.,Other,35370700,Income
2021-11-30,Client insurance market store plan standard management.,Utilities,4578100,Expense
2021-11-30,Water project entertainment clinic phone.,Health & Fitness,9133800,Expense
2021-11-30,Flight total utility network plan salary food.,Shopping,11712300,Expense
2021-11-30,Digital bill gross.,Entertainment,18758700,Expense
2021-12-01,Cup hundred rather.,Health & Fitness,4910600,Expense
2021-12-01,Maintenance shop parking order transfer delivery.,Salary,19159900,Income
2021-12-01,Hardware purchase health.,Food & Drink,15748600,Expense
2021-12-01,Hospital balance pharmacy entertainment entertainment.,Salary,15891100,Income
2021-12-02,Advance utility plan tools.,Entertainment,5202900,Expense
2021-12-02,Total tax financial online app.,Shopping,6915700,Expense
2021-12-02,Total transfer financial standard premium.,Salary,5874600,Income
2021-12-02,Equipment pharmacy fuel savings project salary.,Shopping,7379300,Expense
2021-12-02,Adjustment package premium.,Food & Drink,10597100,Expense
2021-12-02,Taxi business.,Rent,18792800,Expense
2021-12-02,Clinic entertainment express water deal.,Shopping,19082000,Expense
2021-12-02,Only true avoid young cup.,Other,25300000,Income
2021-12-03,Deal hotel bill.,Health & Fitness,5851600,Expense
2021-12-03,Account mortgage hospital.,Health & Fitness,19758800,Expense
2021-12-03,Begin suggest speak.,Investment,28770000,Income
2021-12-03,Walk anything.,Shopping,5040600,Expense
2021-12-03,System bus net interest.,Rent,2033200,Expense
2021-12-03,Client payment platform fee software maintenance.,Health & Fitness,10666000,Expense
2021-12-03,Internet pharmacy maintenance restaurant project delivery.,Food & Drink,7770700,Expense
2021-12-03,Software freelance fuel.,Salary,11795500,Income
2021-12-03,Tools mortgage bus regular package material digital.,Travel,4412600,Expense
2021-12-04,Invoice mall platform adjustment.,Utilities,11217700,Expense
2021-12-04,Travel booking.,Entertainment,14002000,Expense
2021-12-04,Mortgage savings reward.,Entertainment,12871500,Expense
2021-12-04,Premium automatic bus mall.,Other,31652500,Income
2021-12-05,Water savings net.,Travel,13773100,Expense
2021-12-05,Online advance digital salary debit.,Entertainment,13293000,Expense
2021-12-05,Project shop tools platform.,Other,11463700,Income
2021-12-05,Investment maintenance processed discount personal.,Rent,12884700,Expense
2021-12-05,Hospital client management.,Food & Drink,8585100,Expense
2021-12-06,Software monthly tax transfer adjustment processed.,Health & Fitness,5876300,Expense
2021-12-06,Entertainment travel hospital advance discount.,Utilities,434500,Expense
2021-12-06,Net fuel economy monthly.,Rent,13258300,Expense
2021-12-06,Financial parking.,Travel,5801900,Expense
2021-12-06,Tax fuel express material support flight order.,Salary,10555300,Income
2021-12-06,Hospital adjustment special client.,Rent,6670500,Expense
2021-12-06,Business purchase discount grocery support renewal.,Shopping,12169800,Expense
2021-12-06,Tax invoice entertainment.,Salary,10167300,Income
2021-12-06,Budget parking reward.,Salary,6471700,Income
2021-12-07,Client household transfer.,Investment,29563100,Income
2021-12-07,System invoice tools.,Other,39994300,Income
2021-12-07,Management tools credit daily flight vendor equipment.,Utilities,16453400,Expense
2021-12-07,Food internet.,Entertainment,14084300,Expense
2021-12-07,Booking salary deposit payment entertainment.,Travel,13679500,Expense
2021-12-07,Payment weekly pending daily train equipment pharmacy.,Investment,32137100,Income
2021-12-08,Material store.,Utilities,5943800,Expense
2021-12-08,Adjustment annual maintenance weekly service.,Other,7045900,Income
2021-12-08,Pending regular system.,Investment,37109600,Income
2021-12-08,Priority network equipment adjustment.,Salary,11864400,Income
2021-12-08,Mortgage deal restaurant deposit.,Rent,2495600,Expense
2021-12-08,Start house ahead raise.,Utilities,16288200,Expense
2021-12-08,Contract project restaurant.,Shopping,9999600,Expense
2021-12-09,Annual standard gross reward.,Entertainment,16983700,Expense
2021-12-09,Democrat cost evidence third.,Health & Fitness,3877700,Expense
2021-12-09,People early far include nearly.,Other,45850000,Income
2021-12-09,Automatic business platform special monthly direct monthly.,Travel,18349600,Expense
2021-12-09,Pharmacy water.,Health & Fitness,8848500,Expense
2021-12-09,Material insurance mall travel.,Rent,12751200,Expense
2021-12-09,Discount market.,Entertainment,9925700,Expense
2021-12-09,Deposit package advance bill account project.,Health & Fitness,3345100,Expense
2021-12-10,Food hardware.,Shopping,12269900,Expense
2021-12-10,Premium client management utility utility special.,Investment,33990300,Income
2021-12-10,Phone equipment processed client weekly clinic.,Other,30173300,Income
2021-12-10,Special weekly pending deposit taxi system personal.,Health & Fitness,12525900,Expense
2021-12-10,Financial internet support daily fuel economy.,Rent,9616900,Expense
2021-12-11,Client account flight mall food hardware.,Salary,11051200,Income
2021-12-11,Monthly gym fuel grocery processed.,Entertainment,5321800,Expense
2021-12-11,Invoice debit account travel platform invoice financial.,Health & Fitness,9773200,Expense
2021-12-11,Automatic clinic.,Food & Drink,2387700,Expense
2021-12-11,Hospital grocery business total store credit system.,Travel,4498300,Expense
2021-12-11,Bonus pharmacy business client financial express.,Food & Drink,8825800,Expense
2021-12-11,Evidence case.,Salary,561200,Income
2021-12-11,Maintenance purchase processed weekly grocery.,Other,26804200,Income
2021-12-11,Monthly network express renewal fee.,Entertainment,4120800,Expense
2021-12-11,Interest standard delivery personal.,Investment,33164800,Income
2021-12-12,Health tax.,Entertainment,12912200,Expense
2021-12-12,Parking freelance deal total.,Travel,8769100,Expense
2021-12-12,Tools booking bonus travel.,Shopping,8263500,Expense
2021-12-12,Gym contract.,Health & Fitness,5104600,Expense
2021-12-12,Salary personal taxi pharmacy special.,Utilities,6306200,Expense
2021-12-12,Regular tax maintenance.,Other,25662100,Income
2021-12-12,Utility debit network fee software.,Rent,4859000,Expense
2021-12-12,Eat yes myself affect him.,Salary,19337100,Income
2021-12-13,Interest financial reward.,Salary,18600700,Income
2021-12-13,Food app taxi internet mall.,Utilities,7913500,Expense
2021-12-13,Bonus system investment bonus support.,Rent,2140100,Expense
2021-12-13,Savings net project.,Health & Fitness,12167800,Expense
2021-12-13,Market salary.,Rent,497000,Expense
2021-12-13,Name machine tree maybe.,Health & Fitness,1068300,Expense
2021-12-13,Conference five despite.,Salary,5786400,Income
2021-12-13,Bonus maintenance salary regular savings.,Rent,8922200,Expense
2021-12-14,Hotel loan clinic support tax taxi.,Utilities,16745400,Expense
2021-12-14,App hardware credit freelance electricity network deposit.,Utilities,5840600,Expense
2021-12-14,Support renewal premium personal.,Food & Drink,10307600,Expense
2021-12-14,Support credit taxi gross.,Rent,6090400,Expense
2021-12-14,Mortgage debit credit electricity.,Food & Drink,7972900,Expense
2021-12-15,Automatic hospital water special.,Rent,16041100,Expense
2021-12-15,Speak line.,Investment,40300000,Income
2021-12-15,Deal direct restaurant train balance.,Investment,47689600,Income
2021-12-15,Fuel loan health booking annual.,Salary,13563200,Income
2021-12-15,Fuel order food support contract.,Salary,13505800,Income
2021-12-15,Yourself wind beyond prevent entire.,Other,34960000,Income
2021-12-15,Daily parking annual clinic.,Salary,13028400,Income
2021-12-15,Salary digital priority advance investment bus package.,Rent,15187500,Expense
2021-12-15,Utility parking deal weekly app.,Other,19426900,Income
2021-12-15,Gross investment total advance.,Utilities,9603300,Expense
2021-12-15,Budget pharmacy.,Travel,8947900,Expense
2021-12-16,Fuel charge standard payment credit online renewal.,Investment,23084600,Income
2021-12-16,Store budget.,Shopping,8716400,Expense
2021-12-16,Equipment balance pharmacy.,Rent,14774500,Expense
2021-12-16,Offer work home.,Health & Fitness,1000300,Expense
2021-12-17,Parking utility phone travel budget hospital reward.,Rent,9887900,Expense
2021-12-17,Account annual.,Travel,8985400,Expense
2021-12-17,Restaurant economy equipment material bonus delivery.,Other,7541800,Income
2021-12-17,Travel monthly.,Utilities,15054700,Expense
2021-12-17,Investment vendor entertainment food water.,Health & Fitness,1185200,Expense
2021-12-17,Pharmacy credit savings special tools.,Shopping,9567800,Expense
2021-12-18,Savings fee processed online delivery.,Other,22776300,Income
2021-12-18,Charge reward restaurant pharmacy pending household purchase.,Health & Fitness,9611200,Expense
2021-12-18,Phone system.,Investment,30452300,Income
2021-12-18,Processed monthly plan priority plan restaurant.,Utilities,5104300,Expense
2021-12-18,Contract bill hotel service net.,Entertainment,5804200,Expense
2021-12-19,Door fish scene.,Investment,34690000,Income
2021-12-19,Priority insurance premium transfer bill bill express.,Entertainment,7665800,Expense
2021-12-19,Clinic business online maintenance annual discount online.,Other,25399800,Income
2021-12-20,Internet annual pending debit clinic.,Investment,19727400,Income
2021-12-20,Software regular subscription.,Salary,9159600,Income
2021-12-20,Agreement red way nor none.,Rent,7788300,Expense
2021-12-20,My compare also argue.,Travel,16523700,Expense
2021-12-20,Special tools renewal network financial account express.,Investment,44690200,Income
2021-12-21,Reward support travel financial balance.,Health & Fitness,10770800,Expense
2021-12-21,Software reward hardware economy pending express account.,Salary,10720000,Income
2021-12-21,Flight grocery phone tax savings.,Health & Fitness,11308000,Expense
2021-12-21,Bus tax purchase net freelance internet.,Travel,16474600,Expense
2021-12-22,Subscription annual interest economy restaurant.,Other,28367100,Income
2021-12-22,Client water regular booking health.,Rent,8706600,Expense
2021-12-22,Maintenance account gym.,Health & Fitness,3798500,Expense
2021-12-22,Flight discount flight payment tools gross.,Utilities,12550200,Expense
2021-12-22,Loan digital delivery health advance weekly.,Shopping,18028100,Expense
2021-12-23,Platform fee bus platform bill platform direct.,Investment,37061500,Income
2021-12-23,Money a.,Rent,2660400,Expense
2021-12-23,Debit processed fuel business travel.,Investment,10258700,Income
2021-12-23,Total transfer utility.,Utilities,2438900,Expense
2021-12-23,Fee charge digital loan gross travel.,Salary,2226000,Income
2021-12-24,Network mortgage charge salary interest tools health.,Food & Drink,6404500,Expense
2021-12-24,Salary train invoice flight internet bus clinic.,Salary,3700500,Income
2021-12-24,Salary debit service adjustment.,Salary,17106000,Income
2021-12-24,Future concern sort.,Other,32770000,Income
2021-12-24,Business transfer package personal.,Other,34968800,Income
2021-12-25,Food hospital.,Entertainment,12222900,Expense
2021-12-25,Bill shop system network online.,Utilities,19458000,Expense
2021-12-25,Salary transfer total tax economy insurance gross.,Utilities,4395700,Expense
2021-12-25,Phone pending train discount budget.,Travel,15700200,Expense
2021-12-25,Hardware utility express clinic internet.,Other,20822400,Income
2021-12-25,Material internet gross net payment.,Shopping,4948100,Expense
2021-12-25,Shop reward financial invoice online.,Rent,9748800,Expense
2021-12-25,Payment bonus.,Salary,19126000,Income
2021-12-25,Store app automatic automatic business.,Food & Drink,12419600,Expense
2021-12-25,Store invoice bill.,Travel,9421000,Expense
2021-12-25,Digital network system bill parking purchase.,Salary,2115100,Income
2021-12-26,Transfer system business health digital.,Shopping,13747200,Expense
2021-12-26,Against only.,Health & Fitness,15123800,Expense
2021-12-26,Direct business.,Rent,12951800,Expense
2021-12-26,Express debit.,Entertainment,11490000,Expense
2021-12-26,Management purchase.,Salary,8742100,Income
2021-12-27,Special gym bus taxi.,Shopping,14229400,Expense
2021-12-27,Economy debit.,Health & Fitness,12355000,Expense
2021-12-27,Market hotel.,Investment,43817900,Income
2021-12-28,Support financial grocery automatic.,Travel,15632500,Expense
2021-12-28,Suffer team.,Other,45960000,Income
2021-12-28,Salary reward project delivery.,Other,26479800,Income
2021-12-28,Direct priority.,Shopping,11235500,Expense
2021-12-29,Vendor interest reward balance software subscription order.,Shopping,5251700,Expense
2021-12-29,Insurance flight credit parking.,Investment,26868900,Income
2021-12-29,Business market phone.,Rent,5764600,Expense
2021-12-29,Fee tools.,Food & Drink,10942600,Expense
2021-12-29,Deal bus network management deposit shop.,Shopping,9687000,Expense
2021-12-29,Health phone.,Investment,6459800,Income
2021-12-29,Charge travel monthly.,Entertainment,5176900,Expense
2021-12-30,Food equipment.,Utilities,11657900,Expense
2021-12-30,Processed loan.,Other,36087400,Income
2021-12-30,Entertainment plan package freelance transfer client interest.,Investment,29854300,Income
2021-12-30,Business weekly vendor hospital food.,Health & Fitness,14430100,Expense
2021-12-30,Restaurant software net.,Utilities,6064500,Expense
2021-12-30,Automatic client delivery.,Other,30363600,Income
2021-12-30,Water credit automatic interest gross market.,Rent,17620000,Expense
2021-12-30,Hospital insurance system budget invoice.,Investment,18326200,Income
2021-12-30,Financial budget client monthly bus.,Food & Drink,8342400,Expense
2021-12-30,Train plan hospital travel entertainment gross deal.,Food & Drink,10643100,Expense
2021-12-31,Deposit water.,Food & Drink,8755000,Expense
2021-12-31,Entertainment personal hotel savings special hotel bill.,Shopping,2695000,Expense
2021-12-31,Train material.,Rent,18993500,Expense
2021-12-31,Bus support.,Salary,3663100,Income
2021-12-31,Payment bonus mall vendor restaurant.,Travel,14747800,Expense
2021-12-31,Account budget equipment.,Salary,1031900,Income
2021-12-31,Express project.,Health & Fitness,10262800,Expense
2021-12-31,Client project adjustment interest gross phone.,Shopping,3662600,Expense
2021-12-31,Economy deal net.,Health & Fitness,4150400,Expense
2021-12-31,Loan internet personal savings.,Rent,6559000,Expense
2021-12-31,Relate product only from.,Investment,16220000,Income
2021-12-31,Order special system.,Investment,15516300,Income
2022-01-01,Material tax financial loan account advance software.,Entertainment,8104600,Expense
2022-01-01,Wish run join.,Salary,10434700,Income
2022-01-01,Store renewal.,Other,43790300,Income
2022-01-02,Investment phone grocery hardware clinic fee.,Other,16971900,Income
2022-01-02,Client salary credit fuel.,Salary,13471500,Income
2022-01-02,Freelance credit.,Rent,9715200,Expense
2022-01-02,Hardware business food tools special.,Rent,12167400,Expense
2022-01-02,Platform mortgage shop.,Investment,5548400,Income
2022-01-02,Savings automatic equipment hospital reward.,Travel,16976200,Expense
2022-01-02,Express market health tax budget hardware booking.,Entertainment,3704400,Expense
2022-01-02,Utility vendor.,Health & Fitness,5496900,Expense
2022-01-03,Clinic software.,Investment,40498500,Income
2022-01-03,Company why really up.,Investment,31860000,Income
2022-01-03,Fee premium pharmacy direct client.,Investment,46156000,Income
2022-01-03,Digital special network internet annual.,Utilities,11530000,Expense
2022-01-03,Hospital household restaurant net discount management express.,Food & Drink,13852100,Expense
2022-01-03,Concern ability reduce.,Travel,11915100,Expense
2022-01-03,Program sport her.,Health & Fitness,3333800,Expense
2022-01-03,Insurance payment automatic market personal internet.,Shopping,16774700,Expense
2022-01-03,Bus financial store bus market advance software.,Rent,7695100,Expense
2022-01-04,Surface side nothing consider.,Salary,14203900,Income
2022-01-04,Fuel material investment invoice transfer phone investment.,Travel,8797500,Expense
2022-01-04,System project equipment savings.,Food & Drink,13802900,Expense
2022-01-04,Debit flight financial grocery deposit personal.,Travel,11972200,Expense
2022-01-04,Balance app health flight package business.,Entertainment,5023400,Expense
2022-01-04,Debit hospital.,Rent,12552700,Expense
2022-01-04,Entertainment mall project food weekly.,Salary,14237200,Income
2022-01-05,App software express system automatic deal entertainment.,Investment,27879900,Income
2022-01-05,Determine not view cell seat.,Food & Drink,7430300,Expense
2022-01-05,Contract network water.,Entertainment,13429300,Expense
2022-01-05,Insurance service charge transfer.,Other,21338900,Income
2022-01-05,Bonus pharmacy balance package digital purchase.,Travel,15613500,Expense
2022-01-05,Utility deal bus grocery reward.,Shopping,7222600,Expense
2022-01-05,Investment utility.,Food & Drink,3967400,Expense
2022-01-06,Network bonus electricity.,Utilities,12155700,Expense
2022-01-06,Word collection those become.,Shopping,11715700,Expense
2022-01-06,Annual taxi bus.,Food & Drink,3149300,Expense
2022-01-06,Hotel travel deposit tools freelance.,Food & Drink,4367100,Expense
2022-01-06,Business credit reward deal business fee daily.,Shopping,9732100,Expense
2022-01-06,App advance store.,Rent,422900,Expense
2022-01-07,Mortgage train.,Investment,35236300,Income
2022-01-07,Debit fee store shop standard balance balance.,Food & Drink,5096300,Expense
2022-01-07,Fee train bonus adjustment.,Utilities,1014000,Expense
2022-01-07,Restaurant credit phone freelance deal budget restaurant.,Other,33246200,Income
2022-01-07,Gross store.,Other,14608300,Income
2022-01-07,Phone interest financial vendor.,Food & Drink,17430500,Expense
2022-01-07,Total special pending platform.,Salary,13396500,Income
2022-01-08,Online pharmacy fuel gym package network advance.,Shopping,8472000,Expense
2022-01-08,Hospital automatic freelance contract balance.,Rent,2783800,Expense
2022-01-08,Freelance management balance parking tools hardware.,Entertainment,9726200,Expense
2022-01-08,Activity decide really go.,Food & Drink,11978500,Expense
2022-01-08,Train budget fee regular.,Other,21510800,Income
2022-01-08,Annual phone balance.,Rent,15949500,Expense
2022-01-08,Shop deal client discount.,Salary,11447800,Income
2022-01-09,Insurance net renewal water.,Entertainment,8517800,Expense
2022-01-09,Debit deposit transfer insurance hotel grocery entertainment.,Shopping,18837400,Expense
2022-01-09,Bonus premium total bill app project direct.,Other,33869100,Income
2022-01-09,Hospital tools deposit support.,Utilities,3679900,Expense
2022-01-09,Answer just.,Entertainment,14455900,Expense
2022-01-09,Shop parking direct invoice salary loan.,Entertainment,19557600,Expense
2022-01-09,Payment service contract booking.,Entertainment,18891600,Expense
2022-01-09,Advance standard.,Entertainment,10066000,Expense
2022-01-09,Adjustment investment contract pharmacy.,Other,15263500,Income
2022-01-09,Priority market business deal.,Health & Fitness,13863400,Expense
2022-01-09,Payment tax freelance market investment.,Health & Fitness,9624100,Expense
2022-01-10,Gross freelance shop pharmacy deal monthly shop.,Food & Drink,18811700,Expense
2022-01-10,Account store app hardware.,Shopping,12701100,Expense
2022-01-10,Platform app premium standard daily standard.,Shopping,6163200,Expense
2022-01-10,Payment deposit hotel management charge.,Entertainment,13770200,Expense
2022-01-10,Premium freelance support fuel salary.,Health & Fitness,14490100,Expense
2022-01-10,Advance business.,Travel,9398500,Expense
2022-01-10,Taxi fuel market fee.,Travel,13795900,Expense
2022-01-10,Phone premium.,Travel,5000900,Expense
2022-01-10,Net plan.,Other,28874400,Income
2022-01-10,Water parking delivery mall service.,Investment,37574200,Income
2022-01-10,Express financial premium pending flight taxi.,Shopping,9446300,Expense
2022-01-11,Investment delivery economy investment hospital gross network.,Salary,6594000,Income
2022-01-11,Service flight.,Rent,6829100,Expense
2022-01-11,Parking material booking.,Entertainment,17733800,Expense
2022-01-11,Priority app online fuel insurance.,Utilities,7022100,Expense
2022-01-12,Gross pharmacy.,Utilities,4569800,Expense
2022-01-12,Net financial debit invoice personal.,Other,37332800,Income
2022-01-12,Transfer renewal tools internet insurance contract credit.,Health & Fitness,10742800,Expense
2022-01-12,Pending order daily hardware electricity.,Shopping,16547300,Expense
2022-01-12,Fuel plan discount business.,Salary,10246300,Income
2022-01-12,Parking annual pharmacy.,Travel,13977000,Expense
2022-01-12,Net fee utility.,Salary,16377800,Income
2022-01-12,Utility management travel.,Food & Drink,6978900,Expense
2022-01-12,Shop market package premium.,Investment,30893900,Income
2022-01-13,Software bill credit gross.,Health & Fitness,16455600,Expense
2022-01-13,Tools flight bonus deposit invoice.,Food & Drink,15169800,Expense
2022-01-13,Grocery personal service economy monthly payment weekly.,Investment,34008000,Income
2022-01-13,Gym credit.,Salary,13931900,Income
2022-01-13,Big look tell prepare.,Shopping,3040700,Expense
2022-01-13,This manage her.,Utilities,10532200,Expense
2022-01-13,Adjustment hospital fee fee credit.,Rent,10252700,Expense
2022-01-13,Priority credit business automatic.,Salary,11219900,Income
2022-01-13,Mortgage clinic.,Shopping,12329000,Expense
2022-01-13,Bonus advance flight.,Rent,13876400,Expense
2022-01-14,Pending electricity maintenance economy utility network network.,Other,11186800,Income
2022-01-14,Tools direct pending.,Travel,5497600,Expense
2022-01-14,Charge order salary food.,Salary,7800400,Income
2022-01-14,Later son almost.,Food & Drink,11494100,Expense
2022-01-15,Market parking.,Rent,3304300,Expense
2022-01-15,Phone utility insurance electricity household net platform.,Rent,6260500,Expense
2022-01-15,Net savings.,Utilities,17106700,Expense
2022-01-15,Electricity premium.,Salary,9412700,Income
2022-01-15,Express reward household project priority.,Shopping,10255200,Expense
2022-01-15,Purchase fuel subscription.,Utilities,8572900,Expense
2022-01-15,Store deposit subscription store investment parking balance.,Health & Fitness,14227800,Expense
2022-01-16,Natural together.,Utilities,8317900,Expense
2022-01-16,Account flight support regular service.,Salary,6941200,Income
2022-01-16,Mortgage delivery shop premium restaurant.,Travel,14413000,Expense
2022-01-16,Client electricity.,Food & Drink,14139400,Expense
2022-01-16,Taxi monthly app.,Rent,5768600,Expense
2022-01-16,End bit game thousand.,Entertainment,476900,Expense
2022-01-17,Electricity mortgage digital debit.,Shopping,15717700,Expense
2022-01-17,Deposit daily package purchase advance subscription.,Other,43320900,Income
2022-01-17,Priority deal.,Health & Fitness,1987500,Expense
2022-01-17,Household subscription.,Travel,7581000,Expense
2022-01-18,Phone mortgage tools monthly digital electricity.,Health & Fitness,13105800,Expense
2022-01-18,Gym package clinic fuel hotel mortgage insurance.,Other,28554100,Income
2022-01-18,Gym market.,Health & Fitness,7473900,Expense
2022-01-18,Invoice contract premium system bonus.,Utilities,4300600,Expense
2022-01-18,Advance contract payment tools standard electricity.,Food & Drink,13086800,Expense
2022-01-18,Order party lot all.,Salary,17469100,Income
2022-01-18,Threat church big day couple.,Food & Drink,14144900,Expense
2022-01-18,Direct monthly maintenance delivery mortgage credit.,Food & Drink,12471000,Expense
2022-01-18,Reward annual online.,Salary,15914700,Income
2022-01-18,Insurance adjustment electricity network insurance vendor.,Rent,15611700,Expense
2022-01-19,Online booking system water.,Food & Drink,12755000,Expense
2022-01-19,Booking total premium plan grocery client.,Salary,3536000,Income
2022-01-19,Mall booking bus water mortgage.,Health & Fitness,11312900,Expense
2022-01-19,Purchase vendor advance taxi.,Rent,3817200,Expense
2022-01-19,Package train business net booking project.,Rent,11232400,Expense
2022-01-19,Digital economy train digital priority order.,Shopping,11478500,Expense
2022-01-19,Utility advance purchase mall material credit charge.,Utilities,13590200,Expense
2022-01-20,Household tax.,Salary,8895100,Income
2022-01-20,Household fuel contract net system equipment.,Shopping,8475900,Expense
2022-01-20,Fee pending internet credit.,Health & Fitness,11693400,Expense
2022-01-20,Invoice food pending.,Food & Drink,8407200,Expense
2022-01-20,Personal client direct shop.,Travel,15647300,Expense
2022-01-20,Pending salary bus taxi.,Food & Drink,308500,Expense
2022-01-20,Clinic contract market network.,Entertainment,7703600,Expense
2022-01-20,Fuel total subscription monthly.,Salary,15993800,Income
2022-01-20,Phone weekly.,Other,21719700,Income
2022-01-21,Approach about because.,Shopping,6343700,Expense
2022-01-21,Balance charge platform express maintenance.,Travel,13918100,Expense
2022-01-21,Digital daily tax restaurant tools monthly.,Food & Drink,11435400,Expense
2022-01-21,Software travel fee tools.,Salary,7733700,Income
2022-01-21,Enter example down anyone occur.,Health & Fitness,19962600,Expense
2022-01-21,App service regular restaurant software tools standard.,Other,28845000,Income
2022-01-22,Deposit reward debit hardware utility.,Food & Drink,16950500,Expense
2022-01-22,Grocery account gross deposit freelance material.,Salary,5204100,Income
2022-01-22,Discount tools deal plan platform.,Other,12689500,Income
2022-01-22,Advance project maintenance equipment entertainment mortgage reward.,Utilities,11245100,Expense
2022-01-22,Best deal point.,Other,49750000,Income
2022-01-22,Adjustment direct material adjustment.,Rent,18323700,Expense
2022-01-22,Loan delivery bill fee financial discount.,Rent,9645900,Expense
2022-01-23,Travel service tools restaurant.,Food & Drink,6902400,Expense
2022-01-23,Purchase total market travel.,Shopping,4141400,Expense
2022-01-23,Bonus maintenance household financial.,Shopping,5186600,Expense
2022-01-23,Such final however major.,Travel,12240500,Expense
2022-01-23,Household invoice digital loan plan tools.,Food & Drink,3379400,Expense
2022-01-24,Politics hold.,Investment,27850000,Income
2022-01-24,Payment contract charge credit.,Health & Fitness,9542100,Expense
2022-01-25,Discount bonus service direct equipment.,Other,13985900,Income
2022-01-25,Digital savings mortgage personal.,Travel,18483900,Expense
2022-01-25,Account food market entertainment fuel financial.,Shopping,5016300,Expense
2022-01-25,Electricity bus.,Health & Fitness,15805000,Expense
2022-01-25,Gross app daily weekly salary app gross.,Health & Fitness,11530500,Expense
2022-01-25,Business bus.,Travel,10415900,Expense
2022-01-25,Daily daily water.,Shopping,10923400,Expense
2022-01-25,Personal tax credit bill internet train.,Entertainment,17447000,Expense
2022-01-25,Deposit maintenance freelance software.,Food & Drink,11812500,Expense
2022-01-25,Health market economy adjustment utility.,Health & Fitness,4399800,Expense
2022-01-26,Restaurant account food credit pharmacy management salary.,Health & Fitness,9666200,Expense
2022-01-26,Transfer balance monthly project equipment freelance transfer.,Other,10274500,Income
2022-01-26,Daily package.,Utilities,3276700,Expense
2022-01-26,Purchase priority freelance insurance investment daily salary.,Salary,7621600,Income
2022-01-26,Vendor weekly plan interest.,Entertainment,12818500,Expense
2022-01-26,Reward charge charge personal water.,Shopping,2678300,Expense
2022-01-26,Software advance software credit express deposit.,Other,26239800,Income
2022-01-27,Budget booking premium taxi.,Investment,31813400,Income
2022-01-27,Train fuel credit restaurant.,Entertainment,12741800,Expense
2022-01-27,Loan daily.,Health & Fitness,7122500,Expense
2022-01-27,Flight electricity freelance balance fuel purchase.,Utilities,13109000,Expense
2022-01-27,Personal reward bonus renewal.,Utilities,10331600,Expense
2022-01-27,Priority clinic support system internet.,Salary,7503800,Income
2022-01-27,Fuel parking invoice.,Shopping,11393800,Expense
2022-01-27,Management deal net tax.,Shopping,7419700,Expense
2022-01-28,Hard knowledge enjoy let.,Entertainment,18835600,Expense
2022-01-28,Phone reward.,Shopping,7981800,Expense
2022-01-28,Fuel mall investment bill household bonus subscription.,Entertainment,11105200,Expense
2022-01-28,Renewal flight utility bill.,Food & Drink,9575000,Expense
2022-01-28,Delivery personal.,Investment,18489600,Income
2022-01-28,Account debit budget.,Rent,16323400,Expense
2022-01-28,Daily maintenance gross tax adjustment.,Rent,18662000,Expense
2022-01-29,Package balance bill project processed.,Health & Fitness,10364500,Expense
2022-01-29,Freelance mortgage debit special digital contract.,Utilities,16983500,Expense
2022-01-29,Financial train renewal internet train charge account.,Shopping,3990300,Expense
2022-01-29,Deal tools.,Travel,2911400,Expense
2022-01-29,Gym gym health loan.,Other,42884800,Income
2022-01-29,Discount maintenance salary client equipment financial app.,Health & Fitness,14182600,Expense
2022-01-29,Total contract client.,Health & Fitness,11880700,Expense
2022-01-30,Flight platform budget credit bonus economy reward.,Health & Fitness,12962200,Expense
2022-01-30,Hospital account taxi booking package payment.,Health & Fitness,9367200,Expense
2022-01-30,Adjustment adjustment app subscription travel hardware deal.,Travel,3929500,Expense
2022-01-31,Taxi pending household express priority regular freelance.,Investment,15171800,Income
2022-01-31,Network electricity flight management salary household app.,Salary,14038100,Income
2022-01-31,Express project loan gym app.,Other,19139800,Income
2022-01-31,Freelance premium project store restaurant delivery renewal.,Travel,2105300,Expense
2022-01-31,Phone contract service financial reward.,Other,12132800,Income
2022-02-01,Savings credit advance freelance gym hardware.,Rent,10936600,Expense
2022-02-01,Standard express reward.,Salary,10066000,Income
2022-02-01,Internet parking financial fuel purchase weekly.,Salary,7206800,Income
2022-02-01,Order subscription transfer fee debit bill regular.,Food & Drink,12866800,Expense
2022-02-01,Electricity hotel payment.,Utilities,5773500,Expense
2022-02-01,Client automatic.,Other,23769100,Income
2022-02-01,Nor character recent.,Travel,14127500,Expense
2022-02-02,Clinic store system processed purchase loan.,Utilities,10743800,Expense
2022-02-02,Gross business package package.,Entertainment,9014200,Expense
2022-02-02,Property space.,Salary,6409100,Income
2022-02-02,Salary invoice account plan hotel.,Health & Fitness,13377300,Expense
2022-02-02,Freelance client contract.,Entertainment,8880300,Expense
2022-02-02,Flight plan invoice premium phone.,Shopping,9570200,Expense
2022-02-03,Interest economy.,Utilities,11842100,Expense
2022-02-03,Freelance pharmacy credit market.,Rent,10205300,Expense
2022-02-03,Contract loan.,Travel,10781500,Expense
2022-02-03,Reward network.,Health & Fitness,6160600,Expense
2022-02-04,Standard market deposit fee charge purchase.,Utilities,2361000,Expense
2022-02-04,Hotel contract gym.,Rent,2103900,Expense
2022-02-04,Package delivery bonus purchase parking hardware.,Travel,1085000,Expense
2022-02-04,Clinic household.,Investment,27515600,Income
2022-02-04,Personal daily service daily insurance.,Rent,12114700,Expense
2022-02-04,Support hardware internet automatic gym plan.,Health & Fitness,5652400,Expense
2022-02-05,Pharmacy household loan automatic.,Shopping,12992600,Expense
2022-02-05,Account subscription credit.,Investment,26501500,Income
2022-02-05,Debit management tools restaurant.,Other,37104500,Income
2022-02-05,Platform management account grocery balance.,Travel,8746900,Expense
2022-02-05,Processed purchase credit priority.,Utilities,11811300,Expense
2022-02-05,Digital tools economy subscription online.,Salary,13998800,Income
2022-02-05,Think live bad total research.,Shopping,17925600,Expense
2022-02-05,Dinner article hit mission whole.,Travel,5827000,Expense
2022-02-06,Too song quality per build.,Health & Fitness,19096700,Expense
2022-02-06,Personal monthly parking.,Other,22974100,Income
2022-02-06,Account standard market.,Salary,15627000,Income
2022-02-06,Charge booking hotel material hotel.,Travel,14579300,Expense
2022-02-06,Deal travel savings.,Utilities,17339600,Expense
2022-02-06,Contract system regular purchase financial.,Travel,13154500,Expense
2022-02-06,Loan online loan.,Food & Drink,13311500,Expense
2022-02-06,Loan water.,Investment,17181800,Income
2022-02-07,Utility economy tools freelance bus internet charge.,Health & Fitness,13696800,Expense
2022-02-07,Store insurance gross economy utility mall.,Travel,13829900,Expense
2022-02-08,Investment water special entertainment subscription.,Utilities,5128200,Expense
2022-02-08,Charge direct material household.,Shopping,13740900,Expense
2022-02-08,Water package personal shop annual budget.,Other,26706000,Income
2022-02-08,Hardware deal business platform project restaurant.,Rent,13151000,Expense
2022-02-08,We cold deep.,Travel,937100,Expense
2022-02-08,Amount bad raise.,Rent,6992600,Expense
2022-02-08,Gross vendor taxi internet personal fee.,Food & Drink,3697000,Expense
2022-02-08,Gym food service.,Entertainment,12825900,Expense
2022-02-09,Balance balance.,Food & Drink,17028700,Expense
2022-02-09,Economy special daily charge client client purchase.,Utilities,16347300,Expense
2022-02-09,Train loan tax budget management special personal.,Utilities,14127600,Expense
2022-02-09,Challenge organization floor road southern.,Travel,14972000,Expense
2022-02-09,Salary software deal train automatic.,Investment,36421600,Income
2022-02-09,Advance reward project platform deal food.,Shopping,3990800,Expense
2022-02-09,Electricity automatic renewal delivery investment total.,Other,26795900,Income
2022-02-09,Plan bus.,Investment,21711100,Income
2022-02-09,Premium mall.,Salary,2421800,Income
2022-02-09,Food travel clinic financial.,Other,36890500,Income
2022-02-09,Network credit.,Rent,14968700,Expense
2022-02-09,Travel financial health monthly.,Other,14375400,Income
2022-02-09,Transfer premium bonus credit discount.,Health & Fitness,14057900,Expense
2022-02-10,Interest deal.,Utilities,17770100,Expense
2022-02-10,News need task mind.,Travel,18667200,Expense
2022-02-10,Onto site both change note.,Utilities,2273600,Expense
2022-02-10,Test they there.,Entertainment,12795100,Expense
2022-02-10,Understand none.,Entertainment,4924900,Expense
2022-02-10,Restaurant bonus travel.,Shopping,10100700,Expense
2022-02-10,Bonus savings express plan interest subscription.,Rent,13698700,Expense
2022-02-11,Advance daily subscription.,Salary,5251500,Income
2022-02-11,Management health credit savings financial contract annual.,Health & Fitness,13920100,Expense
2022-02-11,Pressure occur list common.,Other,32050000,Income
2022-02-11,Reward total store digital express platform.,Food & Drink,6570600,Expense
2022-02-11,Software express hardware gross maintenance.,Other,22170700,Income
2022-02-11,Deal personal total hardware premium.,Health & Fitness,5949300,Expense
2022-02-11,Train freelance.,Shopping,10187500,Expense
2022-02-11,Electricity credit.,Food & Drink,7822800,Expense
2022-02-11,Bill standard pending.,Salary,5865800,Income
2022-02-12,Balance annual.,Other,45574100,Income
2022-02-12,Daily weekly contract contract digital internet hardware.,Shopping,9274900,Expense
2022-02-12,Subscription management direct plan financial loan mall.,Rent,7736400,Expense
2022-02-12,Clinic project personal delivery system reward.,Other,32162300,Income
2022-02-12,Gross special standard plan gym grocery.,Investment,21916700,Income
2022-02-12,Renewal purchase reward utility.,Salary,4244800,Income
2022-02-12,Phone savings total.,Travel,13089700,Expense
2022-02-13,Network support electricity.,Shopping,16625400,Expense
2022-02-13,Hospital service adjustment gym equipment.,Utilities,12363300,Expense
2022-02-13,Credit budget direct.,Utilities,6277500,Expense
2022-02-13,Monthly subscription.,Travel,8986900,Expense
2022-02-13,Deal bill budget renewal.,Travel,4111800,Expense
2022-02-14,Freelance food.,Other,24354600,Income
2022-02-14,Purchase support processed support hospital.,Rent,15568500,Expense
2022-02-14,Plan business utility financial monthly business.,Utilities,8868000,Expense
2022-02-14,Reward grocery flight vendor charge.,Travel,9587500,Expense
2022-02-14,Invoice invoice.,Food & Drink,9755300,Expense
2022-02-14,Peace race i.,Rent,13655700,Expense
2022-02-15,Daily gross network order system client booking.,Food & Drink,5901900,Expense
2022-02-15,Charge maintenance flight support.,Entertainment,18301400,Expense
2022-02-15,Account personal system.,Utilities,2397900,Expense
2022-02-15,Travel bonus daily transfer bus.,Entertainment,13861900,Expense
2022-02-15,Fee gym fuel.,Food & Drink,10208000,Expense
2022-02-16,Service interest salary travel project.,Salary,17102600,Income
2022-02-16,Discount tax grocery electricity weekly train net.,Salary,8951200,Income
2022-02-16,Monthly bill electricity hardware app fee entertainment.,Food & Drink,4166000,Expense
2022-02-16,Flight pharmacy discount phone daily annual.,Utilities,11647900,Expense
2022-02-16,Digital standard booking gross renewal.,Investment,24971500,Income
2022-02-16,Market personal app platform tools.,Shopping,6032500,Expense
2022-02-16,Maintenance package client renewal.,Entertainment,16453300,Expense
2022-02-16,Digital equipment electricity contract order.,Entertainment,17368400,Expense
2022-02-16,Client project support software personal premium.,Shopping,19148600,Expense
2022-02-16,Insurance fuel personal app clinic.,Other,28166100,Income
2022-02-17,Feel season similar.,Food & Drink,18167900,Expense
2022-02-17,Deal restaurant.,Food & Drink,14743700,Expense
2022-02-17,Real any little environmental.,Investment,38330000,Income
2022-02-17,Full soldier.,Salary,9601200,Income
2022-02-17,Successful teach range.,Other,31310000,Income
2022-02-17,System tools credit charge balance daily debit.,Food & Drink,5748900,Expense
2022-02-17,Fee express salary weekly mortgage economy.,Shopping,1424400,Expense
2022-02-17,Tools balance vendor weekly clinic train.,Utilities,15680800,Expense
2022-02-17,Client platform water management annual account standard.,Utilities,2481400,Expense
2022-02-17,Priority investment.,Rent,9398100,Expense
2022-02-17,Charge parking total.,Shopping,12774200,Expense
2022-02-18,Booking hospital taxi subscription market internet.,Food & Drink,16039700,Expense
2022-02-18,Balance store tools vendor mortgage budget economy.,Entertainment,13834200,Expense
2022-02-18,Mortgage pharmacy.,Entertainment,12550200,Expense
2022-02-18,Rock painting become.,Investment,48830000,Income
2022-02-18,Hotel insurance app interest digital.,Rent,3955100,Expense
2022-02-19,Entertainment platform.,Salary,9698600,Income
2022-02-19,Adjustment parking budget order.,Utilities,357700,Expense
2022-02-19,Advance delivery deposit.,Investment,38955100,Income
2022-02-19,Vendor tools express maintenance.,Entertainment,9069000,Expense
2022-02-19,Gross economy app debit total.,Other,17523500,Income
2022-02-19,Processed mall credit monthly personal reward.,Investment,20969000,Income
2022-02-19,Hotel budget advance tax annual regular platform.,Shopping,13168100,Expense
2022-02-19,Balance household order reward special balance.,Other,34716400,Income
2022-02-20,Booking fuel client budget.,Other,20516300,Income
2022-02-20,Deposit electricity tools deal vendor.,Utilities,6723300,Expense
2022-02-20,Reward deposit system.,Investment,37877100,Income
2022-02-20,Hardware interest total monthly material renewal insurance.,Rent,11649000,Expense
2022-02-20,Purchase online fuel.,Utilities,11095500,Expense
2022-02-20,App total tax investment advance express parking.,Utilities,12376300,Expense
2022-02-20,Restaurant account maintenance purchase food gym.,Rent,2586200,Expense
2022-02-20,Travel gym budget contract utility savings train.,Salary,13522900,Income
2022-02-21,Savings store shop standard advance debit.,Rent,19527500,Expense
2022-02-21,Tree imagine machine.,Food & Drink,18273300,Expense
2022-02-21,Support special pharmacy reward platform.,Food & Drink,7614400,Expense
2022-02-21,Fuel investment net delivery restaurant management insurance.,Rent,6830300,Expense
2022-02-21,Support hardware digital online.,Rent,8603500,Expense
2022-02-21,Freelance processed hotel hospital delivery premium.,Entertainment,2255600,Expense
2022-02-22,Delivery plan transfer store subscription.,Travel,13910400,Expense
2022-02-22,Food health software.,Entertainment,19787000,Expense
2022-02-22,Career surface these ahead.,Shopping,15780400,Expense
2022-02-22,Hardware premium adjustment network premium.,Entertainment,14192500,Expense
2022-02-22,Plan flight taxi regular household weekly.,Health & Fitness,9357900,Expense
2022-02-22,Pharmacy freelance.,Entertainment,9325500,Expense
2022-02-22,System pharmacy.,Other,7050500,Income
2022-02-22,Start middle city find.,Investment,7970000,Income
2022-02-23,Household credit.,Health & Fitness,16533800,Expense
2022-02-23,Clinic financial shop.,Other,32535800,Income
2022-02-23,Entertainment booking.,Utilities,3651500,Expense
2022-02-23,Support digital.,Entertainment,6343300,Expense
2022-02-24,Deposit clinic.,Rent,7381300,Expense
2022-02-24,Market pending transfer special.,Other,34364500,Income
2022-02-24,Annual store savings.,Salary,14030600,Income
2022-02-25,Total interest credit pending.,Food & Drink,9210400,Expense
2022-02-25,Phone freelance.,Food & Drink,9733600,Expense
2022-02-25,Direct package bonus maintenance annual health.,Other,7604300,Income
2022-02-25,Student economic lead.,Other,8060000,Income
2022-02-25,Equipment fee delivery internet.,Investment,14999400,Income
2022-02-26,Market balance advance bus.,Other,25434400,Income
2022-02-26,Hardware net deposit daily budget.,Salary,11348200,Income
2022-02-26,Mall system freelance.,Entertainment,14295600,Expense
2022-02-27,Priority subscription.,Utilities,11987000,Expense
2022-02-27,Vendor travel processed balance platform contract.,Shopping,13209500,Expense
2022-02-27,Transfer online annual credit subscription business invoice.,Investment,24180600,Income
2022-02-27,Account payment.,Other,33476300,Income
2022-02-27,Digital account mall gross.,Rent,6581700,Expense
2022-02-27,Balance adjustment.,Shopping,2601100,Expense
2022-02-27,Special maintenance gross.,Utilities,16993600,Expense
2022-02-27,Ever statement measure.,Investment,32440000,Income
2022-02-28,Food express balance system bill debit.,Rent,13793300,Expense
2022-02-28,Advance deal internet.,Other,27554700,Income
2022-02-28,Interest grocery payment.,Rent,8608800,Expense
2022-02-28,Food clinic.,Entertainment,17380900,Expense
2022-02-28,Weekly management project.,Utilities,11731700,Expense
2022-02-28,Tax credit.,Shopping,15325900,Expense
2022-02-28,Internet utility app special.,Travel,2770400,Expense
2022-02-28,Maintenance business account tax.,Utilities,15347900,Expense
2022-02-28,Market mortgage delivery pending.,Food & Drink,9542200,Expense
2022-03-01,Invoice deal client.,Health & Fitness,10795200,Expense
2022-03-01,Priority hotel budget balance account digital.,Utilities,16820000,Expense
2022-03-01,Drop major.,Salary,17796300,Income
2022-03-01,Bus credit.,Shopping,7346900,Expense
2022-03-02,System reward electricity standard.,Entertainment,12433400,Expense
2022-03-02,Shop bus clinic premium.,Travel,11980400,Expense
2022-03-02,Network delivery express gym phone.,Travel,11275400,Expense
2022-03-02,Whether listen necessary.,Other,27350000,Income
2022-03-02,Charge software.,Shopping,13203300,Expense
2022-03-02,Delivery management phone mortgage bill.,Entertainment,14949100,Expense
2022-03-02,Vendor phone total fee digital pending deposit.,Utilities,6104000,Expense
2022-03-02,Insurance hardware service economy support digital.,Other,39431900,Income
2022-03-02,Tax net bonus salary food automatic.,Travel,8568600,Expense
2022-03-02,Interest express premium client mall automatic travel.,Entertainment,7246100,Expense
2022-03-03,Payment plan priority premium travel store water.,Investment,9445400,Income
2022-03-03,Investment entertainment.,Other,27580900,Income
2022-03-03,Charge advance priority electricity mortgage savings.,Investment,16761400,Income
2022-03-03,Order bill store order.,Other,8798500,Income
2022-03-03,Debit direct bus financial.,Entertainment,13061200,Expense
2022-03-03,Food special hardware.,Food & Drink,5995300,Expense
2022-03-04,Insurance invoice adjustment express market.,Utilities,9112100,Expense
2022-03-04,Network advance debit budget.,Other,41843700,Income
2022-03-04,Priority premium hardware direct software household.,Other,20989600,Income
2022-03-04,Insurance internet weekly.,Health & Fitness,5596000,Expense
2022-03-04,Vendor purchase.,Entertainment,18904500,Expense
2022-03-04,Study else store.,Investment,32080000,Income
2022-03-05,Subscription hotel.,Rent,19057400,Expense
2022-03-05,Salary regular payment.,Health & Fitness,11432700,Expense
2022-03-05,Deposit maintenance bonus electricity food.,Utilities,9944800,Expense
2022-03-05,Digital train vendor electricity.,Utilities,8239200,Expense
2022-03-05,Express subscription mall vendor transfer network.,Travel,9965300,Expense
2022-03-05,Parking order maintenance tax savings automatic.,Salary,11763400,Income
2022-03-05,Deposit project business interest parking grocery utility.,Utilities,8013300,Expense
2022-03-05,Agree anyone take.,Other,26070000,Income
2022-03-06,Financial priority loan package charge package project.,Entertainment,18736000,Expense
2022-03-06,Restaurant savings household material train support.,Salary,18622600,Income
2022-03-06,Flight tax insurance savings renewal.,Other,41223500,Income
2022-03-06,Subscription advance balance total subscription utility.,Entertainment,604500,Expense
2022-03-06,Delivery support household gross daily.,Food & Drink,11262200,Expense
2022-03-06,Food booking online.,Health & Fitness,14128000,Expense
2022-03-06,Package debit delivery electricity debit.,Entertainment,14525300,Expense
2022-03-06,Food processed adjustment.,Food & Drink,5721200,Expense
2022-03-07,Positive question especially.,Food & Drink,14758700,Expense
2022-03-07,Bill service maintenance delivery network.,Shopping,10643100,Expense
2022-03-07,After sister should across treatment.,Entertainment,3592300,Expense
2022-03-07,Equipment annual app payment train bonus.,Investment,31161400,Income
2022-03-07,Charge insurance utility total.,Salary,4475500,Income
2022-03-08,Clinic credit.,Entertainment,11036200,Expense
2022-03-08,Train reward network client business.,Rent,13840200,Expense
2022-03-08,Salary insurance tax total.,Rent,8918100,Expense
2022-03-08,Priority market service.,Rent,4070300,Expense
2022-03-08,Weekly phone.,Travel,7170400,Expense
2022-03-09,Automatic bill daily gym pharmacy.,Investment,16678400,Income
2022-03-09,Pharmacy travel transfer.,Other,19470800,Income
2022-03-09,Hardware support daily.,Entertainment,10218500,Expense
2022-03-09,Store net gross store.,Health & Fitness,13298900,Expense
2022-03-09,Discount processed.,Entertainment,14285800,Expense
2022-03-10,Tools material.,Shopping,3194400,Expense
2022-03-10,Equipment bonus parking subscription system.,Entertainment,10786200,Expense
2022-03-10,Bonus net hardware package.,Entertainment,15650700,Expense
2022-03-10,Invoice premium daily payment.,Investment,23240400,Income
2022-03-10,Business network tax health debit restaurant health.,Food & Drink,2278200,Expense
2022-03-10,Market digital service project vendor.,Food & Drink,6183400,Expense
2022-03-10,Hotel vendor utility vendor platform payment total.,Health & Fitness,3904200,Expense
2022-03-10,Water hospital.,Shopping,14497000,Expense
2022-03-10,Parking booking.,Utilities,17278800,Expense
2022-03-11,Booking deal freelance booking total electricity loan.,Utilities,5541800,Expense
2022-03-11,Mall travel network fee maintenance equipment.,Food & Drink,9087700,Expense
2022-03-11,Shop network adjustment annual train.,Investment,17190500,Income
2022-03-11,Net freelance express.,Entertainment,6140500,Expense
2022-03-11,Deposit system.,Utilities,12788700,Expense
2022-03-11,Shop network taxi clinic food.,Salary,13300900,Income
2022-03-11,Delivery vendor store mortgage food.,Travel,3973800,Expense
2022-03-11,Clinic transfer deal network advance fee.,Utilities,6786800,Expense
2022-03-11,Processed savings booking.,Rent,6780100,Expense
2022-03-11,Software bill restaurant hotel salary.,Entertainment,10044600,Expense
2022-03-11,Charge discount financial.,Food & Drink,13790100,Expense
2022-03-11,Flight tax balance transfer mortgage grocery.,Investment,22116900,Income
2022-03-11,Equipment tools loan hospital clinic bill.,Shopping,6570500,Expense
2022-03-11,Annual material equipment material.,Utilities,11584400,Expense
2022-03-12,Pharmacy savings water special.,Food & Drink,10931900,Expense
2022-03-12,Subscription market plan total premium contract.,Other,7282800,Income
2022-03-12,Maintenance platform internet service software.,Health & Fitness,4967100,Expense
2022-03-12,Song difference part wall require.,Shopping,16557100,Expense
2022-03-12,Freelance daily salary automatic.,Health & Fitness,591400,Expense
2022-03-12,Service hardware direct electricity hotel equipment.,Salary,7060500,Income
2022-03-12,Credit hardware.,Food & Drink,11865100,Expense
2022-03-13,Direct delivery.,Shopping,2124400,Expense
2022-03-13,Platform system loan savings daily express insurance.,Shopping,7275700,Expense
2022-03-13,Express hospital network software.,Investment,26395000,Income
2022-03-13,Platform discount delivery tools water software.,Rent,12348200,Expense
2022-03-14,Time surface learn design.,Rent,8076600,Expense
2022-03-14,Tools total management annual system premium financial.,Shopping,857500,Expense
2022-03-14,Monthly invoice standard account deposit phone.,Shopping,9164500,Expense
2022-03-14,Deal store electricity express credit.,Salary,19155000,Income
2022-03-15,Service internet flight.,Shopping,3730600,Expense
2022-03-15,Grocery special grocery personal priority.,Rent,14909100,Expense
2022-03-15,Salary deal investment contract.,Rent,12170300,Expense
2022-03-16,Insurance network.,Rent,9104300,Expense
2022-03-16,Gym balance.,Travel,909100,Expense
2022-03-16,Software store.,Health & Fitness,4376800,Expense
2022-03-16,Invoice grocery grocery shop advance net phone.,Health & Fitness,16313400,Expense
2022-03-16,Fuel personal plan account.,Health & Fitness,8517600,Expense
2022-03-16,Total store order health hotel account service.,Salary,4867100,Income
2022-03-16,Loan account fuel platform store material express.,Entertainment,8463600,Expense
2022-03-16,Fee personal.,Entertainment,11740500,Expense
2022-03-17,Direct tools transfer.,Food & Drink,13320400,Expense
2022-03-17,Business clinic.,Food & Drink,2960300,Expense
2022-03-17,Positive participant fear blue as.,Entertainment,235900,Expense
2022-03-17,Station however bill memory production.,Investment,44110000,Income
2022-03-17,Contract purchase platform adjustment fuel charge.,Food & Drink,7693500,Expense
2022-03-18,Contract renewal.,Shopping,775500,Expense
2022-03-18,Premium pharmacy.,Travel,14195700,Expense
2022-03-18,Invoice pending financial investment.,Travel,9748100,Expense
2022-03-18,Personal maintenance order internet deposit.,Shopping,10864400,Expense
2022-03-18,Vendor fee.,Salary,9837300,Income
2022-03-18,Race return pretty young.,Travel,13108300,Expense
2022-03-18,Technology end represent throughout.,Salary,15099800,Income
2022-03-18,Change she tonight.,Travel,11691000,Expense
2022-03-18,Automatic savings regular special.,Utilities,10273800,Expense
2022-03-19,Hotel vendor deposit credit hardware daily.,Travel,9424600,Expense
2022-03-19,Household maintenance order discount.,Shopping,2620300,Expense
2022-03-19,Debit software hotel mall annual.,Rent,4910300,Expense
2022-03-19,Material financial software client.,Investment,34059300,Income
2022-03-19,Fuel water equipment payment.,Investment,31893800,Income
2022-03-20,Hotel bill deal hardware gym invoice fuel.,Shopping,5795000,Expense
2022-03-20,Bill maintenance account shop insurance.,Rent,7014800,Expense
2022-03-20,Account charge order mall balance contract total.,Entertainment,10244100,Expense
2022-03-20,Priority plan regular investment payment.,Shopping,8233400,Expense
2022-03-20,Risk develop movement size.,Utilities,8167800,Expense
2022-03-20,Identify say on yes.,Food & Drink,13388900,Expense
2022-03-21,Direct bonus net hospital support train.,Rent,8075400,Expense
2022-03-21,Advance hardware household service service advance client.,Food & Drink,9419800,Expense
2022-03-21,Delivery software.,Rent,12785400,Expense
2022-03-21,Insurance net order pending.,Travel,11825000,Expense
2022-03-21,Service gross charge.,Health & Fitness,12227400,Expense
2022-03-21,Material premium priority bill.,Food & Drink,11053600,Expense
2022-03-22,Feel color price next.,Travel,13836800,Expense
2022-03-22,Balance automatic investment business.,Salary,16771600,Income
2022-03-22,Payment management mall travel.,Rent,6802500,Expense
2022-03-22,Renewal travel economy.,Health & Fitness,12753800,Expense
2022-03-22,System water digital processed.,Other,27633400,Income
2022-03-22,Monthly order grocery charge train.,Rent,9505800,Expense
2022-03-23,Order annual tax water.,Other,35168100,Income
2022-03-23,Online bonus interest tax water.,Rent,13951400,Expense
2022-03-23,Personal pending water subscription.,Utilities,12219800,Expense
2022-03-23,Mortgage platform.,Shopping,7900900,Expense
2022-03-23,Maintenance clinic system taxi household train annual.,Travel,11171700,Expense
2022-03-23,Likely scientist.,Travel,7414100,Expense
2022-03-23,Water tonight pressure.,Utilities,9615800,Expense
2022-03-24,Plan bus budget management online.,Health & Fitness,2930400,Expense
2022-03-24,Mall software.,Salary,12790400,Income
2022-03-24,Development the inside thought.,Health & Fitness,8375300,Expense
2022-03-24,Economy advance standard.,Utilities,3662300,Expense
2022-03-24,Automatic bonus tax gym processed express financial.,Entertainment,637300,Expense
2022-03-25,One less brother.,Salary,15171300,Income
2022-03-25,Delivery bus balance priority service.,Health & Fitness,19831900,Expense
2022-03-25,Deal monthly financial.,Health & Fitness,4599800,Expense
2022-03-25,Network priority package renewal.,Utilities,9889000,Expense
2022-03-25,Daily store total bill gym.,Travel,2810800,Expense
2022-03-25,Service software.,Travel,16315800,Expense
2022-03-25,Hospital subscription bus fuel monthly payment household.,Travel,12650900,Expense
2022-03-25,Priority travel weekly.,Investment,20130400,Income
2022-03-26,Health insurance.,Salary,3436100,Income
2022-03-26,Bus premium.,Food & Drink,19203500,Expense
2022-03-26,Oil per line create build.,Entertainment,15261000,Expense
2022-03-26,Software total.,Other,9855000,Income
2022-03-26,Charge discount tools market mall monthly.,Travel,8561600,Expense
2022-03-26,Online budget gross annual budget digital monthly.,Rent,8578200,Expense
2022-03-26,Tax entertainment restaurant internet charge.,Food & Drink,17708200,Expense
2022-03-26,Electricity subscription platform processed investment transfer.,Utilities,14320200,Expense
2022-03-27,Fear approach take case customer.,Rent,10557600,Expense
2022-03-27,Client personal delivery hospital priority loan automatic.,Health & Fitness,16986600,Expense
2022-03-27,Plan automatic equipment reward.,Shopping,13033500,Expense
2022-03-28,Economy freelance order salary platform deposit.,Other,31861000,Income
2022-03-28,Throughout would century television congress.,Health & Fitness,1654200,Expense
2022-03-28,Size sister can its.,Other,47620000,Income
2022-03-28,Forward would finish around.,Food & Drink,16592600,Expense
2022-03-28,Decide similar office.,Entertainment,11496800,Expense
2022-03-28,Gross water package bonus automatic.,Investment,30453100,Income
2022-03-28,Bonus freelance electricity automatic.,Rent,18899500,Expense
2022-03-29,Advance system credit gym.,Salary,4103800,Income
2022-03-29,Store app taxi processed service support charge.,Rent,1019900,Expense
2022-03-29,Health software clinic investment.,Entertainment,15368700,Expense
2022-03-29,Throughout series.,Salary,16193000,Income
2022-03-29,Investment local above move.,Entertainment,14366700,Expense
2022-03-30,Gym charge electricity total discount contract.,Travel,3352500,Expense
2022-03-30,Automatic pharmacy.,Utilities,18036600,Expense
2022-03-30,Automatic clinic entertainment business app.,Travel,11984200,Expense
2022-03-30,Market budget hospital mall client.,Other,40602300,Income
2022-03-30,Hospital vendor service.,Other,10719000,Income
2022-03-30,Taxi priority financial.,Other,16732300,Income
2022-03-30,Mortgage parking debit travel freelance.,Shopping,9350600,Expense
2022-03-31,Plan contract net.,Investment,32045900,Income
2022-03-31,Processed interest vendor bill.,Entertainment,14355700,Expense
2022-03-31,Subscription deposit regular booking direct utility.,Utilities,12772500,Expense
2022-03-31,Payment express purchase salary business adjustment network.,Food & Drink,16362400,Expense
2022-03-31,Net project.,Rent,10641400,Expense
2022-03-31,Fear fact.,Shopping,5163700,Expense
2022-03-31,App processed total charge direct monthly.,Other,20130800,Income
2022-03-31,Fine bill me fill.,Other,30240000,Income
2022-03-31,Adult above safe.,Shopping,9190300,Expense
2022-03-31,Adjustment gym.,Food & Drink,8607500,Expense
2022-04-01,Transfer package standard deal.,Shopping,18852600,Expense
2022-04-01,Priority monthly internet order.,Health & Fitness,710200,Expense
2022-04-01,Train special order pharmacy discount booking.,Travel,8085500,Expense
2022-04-01,Tax fee gym.,Health & Fitness,16500000,Expense
2022-04-01,Seek close trade speech.,Other,10220000,Income
2022-04-01,Mean but represent society heart.,Other,7590000,Income
2022-04-01,Difference world deep.,Food & Drink,18698200,Expense
2022-04-01,Model its rather card you.,Investment,10980000,Income
2022-04-01,Business deal booking vendor fee pharmacy.,Investment,16209300,Income
2022-04-01,Delivery reward app equipment.,Shopping,8149200,Expense
2022-04-01,Train hardware business balance clinic loan automatic.,Food & Drink,13903800,Expense
2022-04-02,Indicate herself.,Shopping,7551800,Expense
2022-04-02,Restaurant automatic salary charge.,Shopping,13910100,Expense
2022-04-02,Perhaps order answer blue structure.,Utilities,15402500,Expense
2022-04-02,Hardware software tax software discount plan.,Entertainment,11376400,Expense
2022-04-02,App market delivery.,Travel,12039200,Expense
2022-04-02,Balance priority investment advance reward support loan.,Other,6277200,Income
2022-04-02,Parking mortgage electricity balance order digital online.,Investment,40855900,Income
2022-04-02,Hardware adjustment.,Health & Fitness,19341400,Expense
2022-04-03,Inside big minute.,Shopping,1697000,Expense
2022-04-03,Plan deposit support.,Health & Fitness,7574000,Expense
2022-04-03,Management gym financial salary gross.,Entertainment,14989300,Expense
2022-04-03,Health balance bus gym plan health discount.,Investment,18686700,Income
2022-04-03,Listen check receive.,Salary,17405400,Income
2022-04-03,Interest daily interest charge grocery tools.,Salary,13482900,Income
2022-04-03,Client charge subscription utility annual net balance.,Utilities,16651900,Expense
2022-04-03,Purchase daily invoice.,Utilities,3314200,Expense
2022-04-03,Daily monthly financial advance client.,Salary,13482400,Income
2022-04-04,Electricity app digital pharmacy total tools.,Investment,27425000,Income
2022-04-04,Store bit responsibility brother.,Utilities,13105300,Expense
2022-04-05,Entertainment digital total.,Rent,3389500,Expense
2022-04-05,Marriage participant.,Utilities,19857700,Expense
2022-04-05,Processed network mall plan entertainment support.,Rent,11175900,Expense
2022-04-05,Mortgage bonus phone market priority advance.,Other,23054200,Income
2022-04-05,Software account business.,Travel,4819200,Expense
2022-04-05,Loan equipment pharmacy software priority annual.,Rent,8613100,Expense
2022-04-05,Investment vendor processed pharmacy parking project.,Food & Drink,9061800,Expense
2022-04-06,Pending renewal system clinic automatic salary.,Food & Drink,4536200,Expense
2022-04-06,Debit internet.,Shopping,6184700,Expense
2022-04-06,Grocery financial.,Food & Drink,7643900,Expense
2022-04-06,Fee water hospital.,Investment,19401300,Income
2022-04-07,Vendor personal.,Rent,10638700,Expense
2022-04-07,Total restaurant.,Entertainment,5514500,Expense
2022-04-07,Budget mortgage.,Entertainment,4799700,Expense
2022-04-07,Restaurant vendor.,Salary,6783700,Income
2022-04-07,Loan purchase internet balance maintenance tools parking.,Entertainment,17930600,Expense
2022-04-08,Win group important civil nature.,Utilities,14584400,Expense
2022-04-08,Train bus phone express subscription bill renewal.,Health & Fitness,13802400,Expense
2022-04-08,Deal hardware budget.,Travel,11272300,Expense
2022-04-08,Clinic interest standard.,Entertainment,8840700,Expense
2022-04-09,Former able public trade.,Food & Drink,15148000,Expense
2022-04-09,Chance bed memory rich.,Salary,13502600,Income
2022-04-09,Interest standard financial investment software savings plan.,Utilities,7255900,Expense
2022-04-10,Anyone spend them system.,Health & Fitness,3186900,Expense
2022-04-10,Digital app.,Entertainment,14952200,Expense
2022-04-10,Order shop.,Rent,10302200,Expense
2022-04-10,Insurance deposit system annual credit.,Investment,33379900,Income
2022-04-10,Popular lead with.,Shopping,16484900,Expense
2022-04-11,Train charge balance express economy.,Investment,17381700,Income
2022-04-11,Financial parking parking savings fuel.,Health & Fitness,10807000,Expense
2022-04-11,Entertainment premium insurance system transfer debit plan.,Health & Fitness,7060200,Expense
2022-04-11,Investment budget electricity network daily flight water.,Rent,5575700,Expense
2022-04-11,Network deal online water.,Other,18149600,Income
2022-04-11,Payment vendor entertainment direct subscription total renewal.,Food & Drink,5845500,Expense
2022-04-11,Utility vendor network.,Health & Fitness,2043700,Expense
2022-04-11,Debit electricity subscription deal renewal.,Rent,6264000,Expense
2022-04-11,Monthly purchase package business system mortgage fuel.,Shopping,3860200,Expense
2022-04-11,Water insurance.,Utilities,9133600,Expense
2022-04-11,Market network.,Utilities,18388400,Expense
2022-04-11,Equipment reward order.,Investment,6096200,Income
2022-04-12,Water utility daily invoice service.,Utilities,14146000,Expense
2022-04-12,Regular grocery monthly interest express internet.,Health & Fitness,2827800,Expense
2022-04-12,Taxi economy bonus.,Investment,23404100,Income
2022-04-12,Advance market store.,Shopping,16487800,Expense
2022-04-13,Monthly net tax daily.,Other,44096400,Income
2022-04-13,Loan premium advance adjustment online loan material.,Utilities,11284200,Expense
2022-04-13,Business hotel bus daily client.,Health & Fitness,15562400,Expense
2022-04-14,Phone internet personal.,Utilities,9464100,Expense
2022-04-14,Invoice express management.,Shopping,9903200,Expense
2022-04-14,Bus pharmacy deposit deal grocery.,Food & Drink,8588800,Expense
2022-04-14,Internet hardware system parking management tools tax.,Rent,16524300,Expense
2022-04-14,Digital platform.,Food & Drink,4680100,Expense
2022-04-14,Support mall.,Salary,8358200,Income
2022-04-14,Shop economy electricity budget package plan.,Health & Fitness,1014900,Expense
2022-04-14,Insurance store water.,Investment,27482400,Income
2022-04-15,Support network account bill hardware credit economy.,Travel,9158000,Expense
2022-04-15,Delivery special special phone.,Investment,23239800,Income
2022-04-15,Network budget.,Shopping,10263500,Expense
2022-04-15,Premium adjustment.,Salary,11451900,Income
2022-04-15,Purchase restaurant.,Food & Drink,12640800,Expense
2022-04-15,Grocery renewal hospital household gross.,Food & Drink,11099000,Expense
2022-04-15,Express budget project.,Salary,6447100,Income
2022-04-16,International break surface three.,Investment,7630000,Income
2022-04-16,Vendor daily online advance pending contract grocery.,Investment,33930700,Income
2022-04-16,Transfer shop personal.,Other,21025000,Income
2022-04-16,Electricity regular client.,Travel,9043000,Expense
2022-04-16,Weekly hardware economy project.,Investment,49205400,Income
2022-04-17,Invoice electricity monthly.,Travel,11690500,Expense
2022-04-17,Hotel equipment debit train daily entertainment freelance.,Rent,10582600,Expense
2022-04-17,Subscription interest special tools contract.,Rent,10433200,Expense
2022-04-17,Deposit flight savings debit bus.,Food & Drink,16537100,Expense
2022-04-17,Internet hardware taxi monthly contract business premium.,Salary,7426400,Income
2022-04-17,Project booking plan.,Health & Fitness,3200100,Expense
2022-04-17,Market system gross personal delivery adjustment.,Entertainment,17239300,Expense
2022-04-17,Standard grocery.,Entertainment,7303800,Expense
2022-04-17,Gym equipment debit tools.,Rent,17836200,Expense
2022-04-18,Professional color group.,Shopping,12337000,Expense
2022-04-18,Purchase priority direct service daily app.,Utilities,12271700,Expense
2022-04-18,Environmental run head garden box.,Food & Drink,4889300,Expense
2022-04-18,Insurance insurance clinic.,Entertainment,16248800,Expense
2022-04-19,Shop parking.,Food & Drink,15991100,Expense
2022-04-19,Material credit booking direct system.,Other,32493400,Income
2022-04-19,Invoice salary daily support.,Health & Fitness,8357700,Expense
2022-04-19,Parking phone.,Shopping,6429800,Expense
2022-04-19,Advance reward automatic.,Entertainment,15993700,Expense
2022-04-19,Interest order management transfer deal annual subscription.,Utilities,9459900,Expense
2022-04-20,App net credit.,Health & Fitness,2745900,Expense
2022-04-20,Premium entertainment store interest platform purchase total.,Food & Drink,11564900,Expense
2022-04-20,Monthly credit utility internet platform adjustment deal.,Other,32899700,Income
2022-04-20,Investment daily mall entertainment.,Investment,17257900,Income
2022-04-21,Even history surface son.,Investment,41570000,Income
2022-04-21,Balance delivery standard investment deal.,Rent,8010000,Expense
2022-04-21,Train pharmacy priority subscription.,Utilities,11760200,Expense
2022-04-21,Regular economy mall.,Other,43868800,Income
2022-04-21,Package project account system annual clinic delivery.,Travel,991300,Expense
2022-04-21,Utility charge app platform fee.,Health & Fitness,7836200,Expense
2022-04-21,Plan online market flight utility.,Food & Drink,16675800,Expense
2022-04-21,Express vendor service.,Shopping,8414400,Expense
2022-04-21,Grocery investment advance priority gross tax.,Health & Fitness,13449900,Expense
2022-04-21,Interest electricity.,Investment,45384800,Income
2022-04-21,Flight service loan.,Entertainment,11325000,Expense
2022-04-21,Store regular software.,Food & Drink,7999600,Expense
2022-04-21,Tools monthly contract management bonus economy.,Travel,13381700,Expense
2022-04-22,Processed regular investment renewal flight app.,Other,33767500,Income
2022-04-22,System bus account charge budget.,Utilities,14155100,Expense
2022-04-22,Gross mall plan system payment.,Salary,8803400,Income
2022-04-22,Reward priority support processed debit budget subscription.,Utilities,7739300,Expense
2022-04-22,Gym transfer premium gym.,Health & Fitness,10733800,Expense
2022-04-22,Indeed opportunity.,Other,24190000,Income
2022-04-22,Car risk.,Food & Drink,4970200,Expense
2022-04-23,Electricity deposit clinic flight platform business.,Utilities,8064800,Expense
2022-04-23,Phone digital.,Investment,37322200,Income
2022-04-23,Direct bus gross.,Rent,3165200,Expense
2022-04-23,Hospital direct gym financial transfer.,Travel,13379400,Expense
2022-04-24,Debit daily food health.,Investment,25785900,Income
2022-04-24,Turn both in animal.,Entertainment,16334100,Expense
2022-04-24,Consider here grow agreement.,Food & Drink,2888700,Expense
2022-04-24,Subscription package clinic transfer fuel.,Other,32723300,Income
2022-04-24,Travel grocery interest vendor store total subscription.,Rent,2137300,Expense
2022-04-24,Travel standard hardware.,Entertainment,5760500,Expense
2022-04-24,Equipment entertainment.,Rent,12544900,Expense
2022-04-24,Fuel investment clinic support maintenance fuel.,Salary,15262000,Income
2022-04-24,System interest parking debit.,Shopping,10546800,Expense
2022-04-24,Standard vendor deposit savings package mall.,Rent,6370000,Expense
2022-04-24,Mall vendor.,Rent,13315600,Expense
2022-04-25,Weekly savings system electricity fee plan parking.,Health & Fitness,3884500,Expense
2022-04-25,Account software support equipment food.,Entertainment,9052400,Expense
2022-04-25,Salary platform savings flight deal advance.,Rent,3906500,Expense
2022-04-25,Personal account.,Rent,14437200,Expense
2022-04-25,Fuel water.,Shopping,4324500,Expense
2022-04-25,Management contract online.,Salary,12524400,Income
2022-04-26,Weekly gross savings personal payment restaurant transfer.,Shopping,8188400,Expense
2022-04-26,Deposit pending food interest bus direct budget.,Entertainment,17025900,Expense
2022-04-26,Utility fee hospital platform.,Entertainment,9099500,Expense
2022-04-26,Express support bus advance.,Travel,13327200,Expense
2022-04-26,Financial pharmacy restaurant.,Investment,34060000,Income
2022-04-26,Salary salary business package.,Salary,13762400,Income
2022-04-26,Adjustment contract bonus loan reward booking.,Utilities,11229500,Expense
2022-04-27,Direct financial discount automatic total.,Entertainment,6354600,Expense
2022-04-27,Bonus savings.,Utilities,5809200,Expense
2022-04-27,Bonus platform charge system household debit.,Salary,1864200,Income
2022-04-27,Annual purchase equipment.,Other,34929700,Income
2022-04-27,Entertainment savings loan food financial.,Travel,8456400,Expense
2022-04-27,Bill grocery train.,Health & Fitness,3552700,Expense
2022-04-27,Service utility store account.,Shopping,12612700,Expense
2022-04-27,Economy reward business app regular flight.,Shopping,18236600,Expense
2022-04-27,Electricity management.,Health & Fitness,466300,Expense
2022-04-27,Fee tools.,Food & Drink,10036300,Expense
2022-04-27,Purchase app gross management processed priority.,Utilities,8577400,Expense
2022-04-28,Financial hardware balance total transfer app food.,Utilities,7030500,Expense
2022-04-28,Charge automatic adjustment fee.,Rent,9889500,Expense
2022-04-28,Maintenance savings transfer contract bonus.,Investment,27910100,Income
2022-04-28,Invoice subscription hotel.,Utilities,13486400,Expense
2022-04-29,Actually than modern season.,Health & Fitness,11591700,Expense
2022-04-29,Daily clinic loan.,Other,23931600,Income
2022-04-29,Personal material standard equipment reward online charge.,Shopping,10212000,Expense
2022-04-29,Investment processed charge bill clinic special.,Entertainment,8365400,Expense
2022-04-29,Package flight internet package bus transfer transfer.,Utilities,12525400,Expense
2022-04-29,Material deposit app hotel.,Food & Drink,15888300,Expense
2022-04-29,Priority express.,Salary,15291900,Income
2022-04-29,Tools investment.,Food & Drink,8972700,Expense
2022-04-29,Transfer grocery personal digital platform.,Food & Drink,8097100,Expense
2022-04-30,Flight water tax water project grocery taxi.,Other,8841600,Income
2022-04-30,Direct system account household.,Entertainment,14556400,Expense
2022-04-30,Within prove full.,Health & Fitness,4814400,Expense
2022-04-30,Economy direct support hardware package equipment.,Food & Drink,6369900,Expense
2022-04-30,Processed monthly hospital.,Utilities,1733500,Expense
2022-05-01,App restaurant entertainment tax water.,Entertainment,10081000,Expense
2022-05-01,Net plan adjustment reward deal.,Investment,11265400,Income
2022-05-01,Store system financial household parking charge food.,Salary,5873700,Income
2022-05-01,Regular credit.,Shopping,2647000,Expense
2022-05-01,Train tools.,Utilities,13743200,Expense
2022-05-01,Tools vendor freelance processed water.,Shopping,8360900,Expense
2022-05-02,Savings project payment travel.,Shopping,2659900,Expense
2022-05-02,Contract deal household health tools equipment.,Investment,15732300,Income
2022-05-02,Network monthly.,Entertainment,8054600,Expense
2022-05-02,Package restaurant premium market.,Shopping,12755500,Expense
2022-05-02,Water project bus store priority store.,Travel,8342400,Expense
2022-05-02,Believe product eat generation put.,Entertainment,8329800,Expense
2022-05-02,Stuff next write.,Utilities,12557300,Expense
2022-05-02,Renewal interest contract.,Travel,12219400,Expense
2022-05-02,Regular internet.,Food & Drink,15334900,Expense
2022-05-03,Automatic deal electricity investment account credit reward.,Food & Drink,4537700,Expense
2022-05-03,Poor church.,Salary,1033000,Income
2022-05-03,Monthly discount reward bonus financial budget delivery.,Investment,24277100,Income
2022-05-04,Standard account.,Salary,8893100,Income
2022-05-04,Investment renewal contract bill investment pending order.,Travel,690000,Expense
2022-05-05,Hospital utility reward internet delivery.,Shopping,12025300,Expense
2022-05-05,Thank avoid man drive.,Shopping,15737500,Expense
2022-05-05,Medical nearly.,Shopping,8224400,Expense
2022-05-05,Savings net express management insurance deposit.,Salary,12073500,Income
2022-05-05,Freelance support hardware gross digital.,Travel,6732300,Expense
2022-05-05,Personal hardware order online travel restaurant.,Health & Fitness,3052800,Expense
2022-05-05,Restaurant management network water service booking.,Shopping,10871700,Expense
2022-05-06,Weekly purchase premium store phone.,Health & Fitness,12545000,Expense
2022-05-06,Total daily personal.,Investment,7234900,Income
2022-05-06,Investment business delivery.,Investment,26447900,Income
2022-05-06,Stage bad know of.,Utilities,15112900,Expense
2022-05-06,Gym tools.,Salary,12629800,Income
2022-05-06,Weekly business financial train contract tax.,Travel,8122700,Expense
2022-05-06,Automatic deal restaurant automatic.,Rent,16094000,Expense
2022-05-07,Maintenance restaurant.,Salary,11731900,Income
2022-05-07,Package material software management order internet.,Entertainment,15266200,Expense
2022-05-07,Interest financial online personal fuel parking plan.,Food & Drink,13555500,Expense
2022-05-07,Annual regular grocery.,Investment,19706900,Income
2022-05-07,None pressure lay future stay.,Shopping,11190000,Expense
2022-05-07,Include news a before.,Salary,18303300,Income
2022-05-07,Language budget market president.,Entertainment,6084700,Expense
2022-05-07,Clinic subscription hardware project weekly.,Utilities,4904500,Expense
2022-05-08,Forward should outside respond.,Investment,25880000,Income
2022-05-08,Box service develop game.,Rent,18452300,Expense
2022-05-08,Utility household service business salary system.,Shopping,7022000,Expense
2022-05-08,Monthly insurance debit.,Investment,46223600,Income
2022-05-09,Effect cultural.,Food & Drink,5442400,Expense
2022-05-09,Booking electricity.,Utilities,4634400,Expense
2022-05-09,Deposit tax.,Travel,6405000,Expense
2022-05-09,Miss reduce animal clearly cell.,Rent,10759100,Expense
2022-05-09,Online freelance hospital equipment contract hotel.,Travel,5081200,Expense
2022-05-09,Purchase order salary annual.,Rent,6551200,Expense
2022-05-09,Priority invoice net financial bill app transfer.,Other,16887500,Income
2022-05-09,Pharmacy maintenance.,Rent,4352800,Expense
2022-05-09,Financial mall taxi invoice account.,Travel,17198000,Expense
2022-05-09,Debit automatic order adjustment management deposit.,Other,39042900,Income
2022-05-10,Management automatic.,Other,33015400,Income
2022-05-10,Advance direct monthly.,Rent,4530600,Expense
2022-05-10,Food software bonus express internet net tax.,Food & Drink,16057200,Expense
2022-05-10,Advance parking automatic taxi transfer.,Health & Fitness,6466200,Expense
2022-05-10,Fee regular.,Health & Fitness,13194700,Expense
2022-05-10,Freelance travel plan app.,Entertainment,6562000,Expense
2022-05-10,Health advance delivery daily.,Utilities,7911100,Expense
2022-05-11,Express pharmacy material client tax plan.,Health & Fitness,16134700,Expense
2022-05-11,Daily software.,Investment,14752800,Income
2022-05-11,Democratic station course full.,Food & Drink,17485000,Expense
2022-05-11,Account standard gross charge health premium budget.,Utilities,6882500,Expense
2022-05-11,Financial electricity project pending deposit.,Entertainment,8338600,Expense
2022-05-12,Contract household gross.,Shopping,6034300,Expense
2022-05-12,Special economy insurance.,Salary,7875000,Income
2022-05-12,Daily delivery maintenance.,Shopping,12589000,Expense
2022-05-12,Processed salary.,Utilities,9469800,Expense
2022-05-12,Digital premium material.,Other,16827400,Income
2022-05-12,Freelance market.,Rent,6771400,Expense
2022-05-12,Special deal fee net.,Food & Drink,3467600,Expense
2022-05-12,System financial pending.,Entertainment,19473300,Expense
2022-05-13,Entertainment deal purchase market.,Food & Drink,2913700,Expense
2022-05-13,Pharmacy express discount direct budget.,Other,31210200,Income
2022-05-13,Reward app delivery plan balance.,Rent,9069500,Expense
2022-05-13,Unit study.,Investment,44270000,Income
2022-05-13,Platform utility.,Other,25175600,Income
2022-05-13,Leader operation mean white.,Health & Fitness,6133400,Expense
2022-05-14,Budget subscription.,Shopping,5998000,Expense
2022-05-14,Pending regular package.,Shopping,9717500,Expense
2022-05-14,Mall deposit express fuel network tax reward.,Shopping,12510400,Expense
2022-05-14,Save network item one under.,Entertainment,18749500,Expense
2022-05-14,Weekly transfer account software.,Rent,9932400,Expense
2022-05-14,Payment fee fee priority.,Other,29884300,Income
2022-05-14,Management client deal subscription.,Travel,8208500,Expense
2022-05-14,Purchase bill fuel financial payment premium.,Rent,4408900,Expense
2022-05-14,Adjustment service renewal water.,Entertainment,8242900,Expense
2022-05-15,Equipment standard vendor material freelance gym flight.,Shopping,10245100,Expense
2022-05-15,Client financial health system water app account.,Shopping,2395900,Expense
2022-05-15,Total transfer direct market.,Rent,8407900,Expense
2022-05-15,Water annual order.,Entertainment,12914700,Expense
2022-05-15,Clinic advance tools.,Utilities,5501300,Expense
2022-05-15,Processed hotel vendor.,Entertainment,10207200,Expense
2022-05-15,Food parking clinic premium financial annual.,Rent,8169200,Expense
2022-05-16,Adjustment express travel hotel.,Food & Drink,5958500,Expense
2022-05-16,Salary pending deposit economy.,Salary,6714200,Income
2022-05-16,Advance personal weekly.,Food & Drink,9104300,Expense
2022-05-16,Budget bill flight purchase direct household account.,Travel,14258200,Expense
2022-05-16,Priority advance.,Food & Drink,6412100,Expense
2022-05-16,Hardware online investment system support.,Other,23096800,Income
2022-05-16,Digital package shop.,Salary,8669400,Income
2022-05-16,Subscription store pharmacy plan grocery gross.,Utilities,8962000,Expense
2022-05-16,Online restaurant utility.,Salary,803300,Income
2022-05-16,Store monthly client invoice.,Rent,9809600,Expense
2022-05-16,Charge hospital parking phone.,Shopping,11876100,Expense
2022-05-17,Account account standard freelance system financial.,Entertainment,7387700,Expense
2022-05-17,Electricity debit investment mall.,Health & Fitness,5362200,Expense
2022-05-17,Regular software bonus.,Shopping,8982800,Expense
2022-05-17,Entertainment project balance.,Shopping,10082300,Expense
2022-05-17,Plan online.,Other,23775600,Income
2022-05-18,Utility material renewal hotel maintenance.,Utilities,5501400,Expense
2022-05-18,Vendor personal business tools.,Shopping,5769100,Expense
2022-05-18,Reward phone support utility support flight.,Other,9850100,Income
2022-05-18,Food annual pending fuel.,Rent,5250700,Expense
2022-05-18,Food balance delivery special delivery direct app.,Rent,10810900,Expense
2022-05-19,Community spring billion price paper.,Rent,14962900,Expense
2022-05-19,Freelance loan platform mall annual fee contract.,Health & Fitness,11263900,Expense
2022-05-19,Bonus express standard discount.,Shopping,9984400,Expense
2022-05-19,Thing industry participant realize.,Entertainment,13943000,Expense
2022-05-20,Store business pending.,Other,38343800,Income
2022-05-20,Include record security.,Travel,7675200,Expense
2022-05-20,Purchase parking contract.,Health & Fitness,13629700,Expense
2022-05-20,Charge invoice shop.,Rent,11031700,Expense
2022-05-20,Huge garden family.,Shopping,18311000,Expense
2022-05-20,Phone digital gym platform management purchase.,Utilities,11971900,Expense
2022-05-20,Clinic network pharmacy pending tax.,Other,9542900,Income
2022-05-21,Annual investment renewal.,Utilities,3805000,Expense
2022-05-21,Credit online mall automatic mall platform hardware.,Utilities,5777800,Expense
2022-05-21,System transfer gym water.,Food & Drink,8777200,Expense
2022-05-21,Support contract.,Travel,6614200,Expense
2022-05-22,Special equipment mall adjustment.,Entertainment,14070100,Expense
2022-05-22,Annual balance water purchase flight order hospital.,Investment,38323300,Income
2022-05-22,Fuel hotel personal interest clinic.,Food & Drink,6546500,Expense
2022-05-22,Team republican very plan cut.,Health & Fitness,6237600,Expense
2022-05-22,Fee train charge booking pharmacy.,Utilities,17926000,Expense
2022-05-22,Charge annual.,Other,28499100,Income
2022-05-22,Automatic total electricity monthly gym.,Entertainment,18455400,Expense
2022-05-23,Parking platform hotel.,Travel,17074200,Expense
2022-05-23,Online system account premium maintenance total market.,Utilities,11656600,Expense
2022-05-23,Plan vendor transfer business health.,Entertainment,17126200,Expense
2022-05-23,Premium credit.,Investment,17380500,Income
2022-05-23,Tv car report window.,Salary,9373500,Income
2022-05-23,Project support.,Utilities,5934400,Expense
2022-05-23,Service fee credit.,Entertainment,5985500,Expense
2022-05-23,Bus deposit purchase delivery contract.,Other,22434100,Income
2022-05-23,Regular insurance order project.,Food & Drink,9380800,Expense
2022-05-24,Net bonus hardware internet vendor debit hospital.,Travel,7738300,Expense
2022-05-24,Daily direct interest invoice bill priority clinic.,Utilities,9159400,Expense
2022-05-24,Support phone loan financial.,Travel,8904100,Expense
2022-05-24,Old wall report purpose.,Entertainment,7477000,Expense
2022-05-24,Booking market project.,Travel,8333900,Expense
2022-05-24,Daily client.,Utilities,11143600,Expense
2022-05-24,Internet net discount system economy interest.,Salary,17078000,Income
2022-05-24,Equipment network food water hotel internet.,Shopping,5730300,Expense
2022-05-24,My pm report set.,Salary,15256400,Income
2022-05-25,Project weekly fuel net reward interest.,Investment,25866500,Income
2022-05-25,Express app pharmacy processed client transfer business.,Food & Drink,19077600,Expense
2022-05-25,Gross vendor electricity clinic renewal annual restaurant.,Utilities,15996900,Expense
2022-05-25,There institution actually.,Entertainment,14850900,Expense
2022-05-25,Service bill financial daily salary travel.,Food & Drink,12649000,Expense
2022-05-25,Taxi hospital household special.,Travel,9179300,Expense
2022-05-26,Tax daily budget.,Shopping,3578700,Expense
2022-05-26,Package software.,Entertainment,1824400,Expense
2022-05-26,Tax flight charge advance.,Health & Fitness,9903000,Expense
2022-05-26,Monthly net advance priority vendor.,Health & Fitness,2122200,Expense
2022-05-26,Water utility service budget online debit.,Other,14629600,Income
2022-05-27,Salary daily salary water gym.,Entertainment,4805600,Expense
2022-05-27,Regular shop.,Shopping,4006800,Expense
2022-05-27,Adjustment taxi household network.,Shopping,14378700,Expense
2022-05-27,Total account online discount.,Rent,5161600,Expense
2022-05-27,Household deal economy maintenance debit.,Travel,16100300,Expense
2022-05-27,Herself apply.,Other,29180000,Income
2022-05-28,Purchase support renewal app hardware.,Shopping,6763400,Expense
2022-05-28,Hospital equipment.,Entertainment,12082400,Expense
2022-05-28,Contract annual mall vendor.,Salary,14854100,Income
2022-05-28,Net management flight package insurance management.,Health & Fitness,1373500,Expense
2022-05-28,Flight bus investment subscription credit budget balance.,Investment,10407000,Income
2022-05-28,Online hospital.,Health & Fitness,11905400,Expense
2022-05-28,Environment size worker.,Other,23840000,Income
2022-05-28,Tools salary economy processed financial bill balance.,Food & Drink,12464600,Expense
2022-05-29,Style real far.,Entertainment,10036100,Expense
2022-05-29,Grow laugh.,Health & Fitness,5220800,Expense
2022-05-29,Processed budget reward phone phone.,Other,45931000,Income
2022-05-29,Mortgage special net mall.,Health & Fitness,19133300,Expense
2022-05-29,Digital annual entertainment transfer.,Utilities,13174800,Expense
2022-05-29,Client processed personal.,Entertainment,17934400,Expense
2022-05-29,Business platform deposit.,Travel,9454200,Expense
2022-05-30,Daily special food package.,Entertainment,7282000,Expense
2022-05-30,Plan vendor.,Other,12171600,Income
2022-05-30,Market restaurant travel.,Investment,34960900,Income
2022-05-30,Parking internet.,Rent,10689200,Expense
2022-05-30,Score night down.,Salary,9270500,Income
2022-05-30,Unit hold.,Health & Fitness,3468400,Expense
2022-05-30,Net electricity purchase.,Entertainment,19171800,Expense
2022-05-31,Loan daily train account.,Rent,10940500,Expense
2022-05-31,Advance renewal clinic service food payment.,Salary,15621900,Income
2022-05-31,Gym transfer delivery savings market.,Investment,17890000,Income
2022-05-31,Approach season data than team.,Salary,3762600,Income
2022-05-31,Tax clinic.,Health & Fitness,17399400,Expense
2022-05-31,Adjustment loan standard.,Shopping,2909600,Expense
2022-06-01,Debit app balance debit.,Food & Drink,12738400,Expense
2022-06-01,Subscription app.,Utilities,7974500,Expense
2022-06-01,Treatment relate positive.,Food & Drink,10526500,Expense
2022-06-01,Premium contract advance client.,Utilities,10022300,Expense
2022-06-01,Annual economy advance reward advance package.,Other,40101300,Income
2022-06-01,Cultural right cover large work.,Rent,18909200,Expense
2022-06-01,Electricity processed.,Other,27937800,Income
2022-06-02,Regular personal adjustment system.,Entertainment,3491700,Expense
2022-06-02,Taxi savings.,Utilities,162200,Expense
2022-06-02,Investment purchase standard renewal pending.,Other,18440000,Income
2022-06-02,Health network contract balance insurance phone budget.,Food & Drink,14832200,Expense
2022-06-03,Debit charge charge credit budget.,Investment,26509700,Income
2022-06-03,Pending fee business credit flight savings online.,Salary,4707700,Income
2022-06-03,Delivery charge.,Food & Drink,16214700,Expense
2022-06-04,Monthly store.,Travel,1041700,Expense
2022-06-04,Deposit account digital.,Health & Fitness,13757000,Expense
2022-06-04,While same budget.,Food & Drink,8306600,Expense
2022-06-04,Evidence enough claim suffer.,Entertainment,1452600,Expense
2022-06-04,Order pharmacy household savings charge clinic.,Entertainment,9790500,Expense
2022-06-04,Business train clinic.,Utilities,3641800,Expense
2022-06-05,Transfer material express parking.,Shopping,7075900,Expense
2022-06-05,Business tools hotel adjustment vendor.,Travel,18876400,Expense
2022-06-05,Subscription fee deposit financial credit platform.,Entertainment,1166700,Expense
2022-06-05,Fee deposit entertainment maintenance network.,Shopping,6169600,Expense
2022-06-06,Contract economy grocery booking service.,Food & Drink,10576100,Expense
2022-06-06,Internet transfer daily.,Other,36361100,Income
2022-06-06,Gross fuel charge.,Shopping,4750200,Expense
2022-06-06,Market support phone processed adjustment financial reward.,Investment,14952800,Income
2022-06-06,Contract regular deposit bill.,Utilities,17492400,Expense
2022-06-06,Letter visit always up.,Investment,46420000,Income
2022-06-06,Order online support economy.,Rent,12185000,Expense
2022-06-06,Plan service premium.,Entertainment,10142900,Expense
2022-06-06,Subscription salary premium loan.,Other,40679400,Income
2022-06-06,Charge entertainment shop daily deposit total.,Investment,16910000,Income
2022-06-07,Past product make of group.,Food & Drink,12394900,Expense
2022-06-07,Detail contain attention measure indeed.,Salary,13219800,Income
2022-06-07,Pharmacy adjustment.,Health & Fitness,11038100,Expense
2022-06-07,Economy contract investment order mortgage transfer digital.,Shopping,2016100,Expense
2022-06-07,Purchase adjustment restaurant freelance hotel mall clinic.,Other,48041500,Income
2022-06-07,Phone entertainment phone network transfer digital parking.,Salary,12623400,Income
2022-06-07,Booking daily phone mall system.,Health & Fitness,13065700,Expense
2022-06-07,Purchase flight automatic client deposit.,Food & Drink,19821100,Expense
2022-06-08,Store fuel order water.,Salary,15683800,Income
2022-06-08,Adjustment adjustment contract water app online store.,Health & Fitness,1276800,Expense
2022-06-08,Weekly regular regular transfer.,Utilities,9465900,Expense
2022-06-08,Hospital annual system booking charge pharmacy premium.,Travel,15237200,Expense
2022-06-08,Account tax deposit platform clinic electricity savings.,Investment,22907900,Income
2022-06-08,Monthly automatic insurance credit gym regular special.,Travel,14830100,Expense
2022-06-09,Insurance support payment maintenance weekly.,Shopping,8963700,Expense
2022-06-09,Clinic personal personal.,Food & Drink,14299200,Expense
2022-06-09,Daily maintenance project tools investment economy order.,Rent,12202700,Expense
2022-06-09,Processed digital deposit insurance.,Salary,5237800,Income
2022-06-09,Platform economy charge system.,Food & Drink,3501900,Expense
2022-06-09,Health flight internet pharmacy.,Investment,37564900,Income
2022-06-09,Business parking software salary loan express transfer.,Food & Drink,19772000,Expense
2022-06-10,Financial deposit bill adjustment parking interest system.,Entertainment,6507600,Expense
2022-06-10,Food internet premium online discount.,Salary,16606900,Income
2022-06-10,Direct balance.,Food & Drink,2600300,Expense
2022-06-11,Flight taxi digital deposit package health reward.,Other,19968700,Income
2022-06-11,Interest tax express.,Shopping,6081500,Expense
2022-06-11,Despite sell most.,Other,48880000,Income
2022-06-11,Pending entertainment interest economy clinic service.,Travel,1762000,Expense
2022-06-11,Support savings personal budget net pending economy.,Entertainment,13824200,Expense
2022-06-11,Budget tools mortgage platform direct.,Rent,11420700,Expense
2022-06-11,Begin determine degree forward.,Other,5970000,Income
2022-06-11,Fuel software debit.,Health & Fitness,18836300,Expense
2022-06-11,Investment loan deposit direct debit train booking.,Salary,12759700,Income
2022-06-12,Store charge service app standard.,Shopping,9682700,Expense
2022-06-12,Electricity invoice booking annual bill app.,Rent,14022100,Expense
2022-06-12,Either rich agency might.,Rent,18369200,Expense
2022-06-12,Truth during always those high.,Shopping,16142700,Expense
2022-06-12,Adjustment flight client fee entertainment.,Travel,2835800,Expense
2022-06-12,Boy generation.,Food & Drink,10094100,Expense
2022-06-12,Shop package service priority monthly parking.,Health & Fitness,10030400,Expense
2022-06-12,Annual annual order tools.,Health & Fitness,7226700,Expense
2022-06-13,Hospital balance adjustment vendor internet weekly personal.,Utilities,9980500,Expense
2022-06-13,Material priority pending system.,Entertainment,11004800,Expense
2022-06-13,Delivery deal net.,Shopping,10860500,Expense
2022-06-13,Mall mortgage.,Shopping,8757100,Expense
2022-06-13,Annual priority clinic business train special.,Utilities,4397800,Expense
2022-06-13,Economy tools train vendor interest discount personal.,Food & Drink,14289800,Expense
2022-06-13,Contract subscription debit.,Entertainment,18866100,Expense
2022-06-13,Reward purchase phone clinic taxi online.,Salary,5255800,Income
2022-06-13,Contract equipment invoice savings material.,Travel,8808100,Expense
2022-06-13,Sort knowledge analysis together court.,Entertainment,3919400,Expense
2022-06-13,Maintenance plan invoice daily health net maintenance.,Salary,19284800,Income
2022-06-13,Advance vendor.,Health & Fitness,10456600,Expense
2022-06-13,Credit weekly priority economy fee flight entertainment.,Food & Drink,13072000,Expense
2022-06-14,Delivery business phone.,Shopping,11033400,Expense
2022-06-14,Equipment business travel package annual hotel invoice.,Shopping,12105400,Expense
2022-06-14,Economy adjustment economy payment phone gym renewal.,Utilities,4265100,Expense
2022-06-14,Flight investment interest.,Rent,9000400,Expense
2022-06-14,Grocery automatic daily special.,Shopping,7817300,Expense
2022-06-14,Travel automatic system adjustment project.,Food & Drink,8407200,Expense
2022-06-15,Household gross.,Travel,16870500,Expense
2022-06-15,Utility premium electricity app.,Shopping,7422800,Expense
2022-06-15,Hotel daily monthly debit net app app.,Health & Fitness,9239800,Expense
2022-06-15,Subscription train.,Travel,15225300,Expense
2022-06-15,Health debit processed renewal utility online.,Investment,15639300,Income
2022-06-15,Fee special.,Utilities,896900,Expense
2022-06-15,Personal salary order economy taxi system project.,Other,47064600,Income
2022-06-15,Plan app standard.,Rent,4296200,Expense
2022-06-16,Pharmacy maintenance purchase mortgage support.,Food & Drink,8579900,Expense
2022-06-16,Management household account taxi charge express.,Travel,11103900,Expense
2022-06-16,Standard mall total.,Health & Fitness,12205200,Expense
2022-06-16,Bonus salary management.,Food & Drink,6680200,Expense
2022-06-16,Fuel bus app system processed invoice.,Shopping,5468400,Expense
2022-06-17,Way cold.,Health & Fitness,5419800,Expense
2022-06-17,Investment priority tools balance annual phone.,Travel,8133000,Expense
2022-06-17,Daily service deal transfer vendor hardware fuel.,Travel,8853900,Expense
2022-06-17,Account assume prove similar ten.,Health & Fitness,19190000,Expense
2022-06-17,Interest personal platform economy automatic deposit priority.,Investment,33850400,Income
2022-06-17,Clinic gym store personal.,Shopping,7936900,Expense
2022-06-17,Food bus purchase weekly transfer taxi weekly.,Rent,7834200,Expense
2022-06-17,Household daily shop.,Food & Drink,13964900,Expense
2022-06-18,Priority special.,Other,26865800,Income
2022-06-18,Water fuel fuel financial.,Utilities,13547000,Expense
2022-06-18,Tax clinic bus loan debit clinic.,Food & Drink,10201600,Expense
2022-06-18,Day stock.,Entertainment,19805600,Expense
2022-06-18,Maintenance support equipment.,Entertainment,14826300,Expense
2022-06-18,Direct service travel electricity processed.,Investment,12121500,Income
2022-06-18,Payment train bill special train project debit.,Food & Drink,10067700,Expense
2022-06-18,Water bonus parking regular hotel transfer.,Other,26341300,Income
2022-06-18,Mortgage invoice hospital pending hotel reward.,Salary,13256400,Income
2022-06-19,Travel hospital.,Travel,9418900,Expense
2022-06-19,Reward weekly support pharmacy business.,Health & Fitness,8877200,Expense
2022-06-19,Order restaurant pharmacy direct.,Utilities,10457300,Expense
2022-06-19,Bill system online.,Other,37497500,Income
2022-06-19,Savings bus net bus fee monthly.,Rent,7811400,Expense
2022-06-19,Section child.,Rent,13109300,Expense
2022-06-19,Client electricity mortgage investment support entertainment.,Rent,5726400,Expense
2022-06-20,Transfer bus balance market fee grocery.,Utilities,11330200,Expense
2022-06-20,Also available concern edge.,Food & Drink,1960700,Expense
2022-06-20,Credit account purchase.,Rent,19168900,Expense
2022-06-20,Management interest weekly debit store.,Investment,23938700,Income
2022-06-20,Platform booking restaurant personal travel personal.,Utilities,12644200,Expense
2022-06-20,Personal credit account total investment water bus.,Investment,21196100,Income
2022-06-20,Software mall debit hotel.,Salary,17203600,Income
2022-06-21,Fuel fee restaurant insurance client.,Food & Drink,13355000,Expense
2022-06-21,Hope brother.,Investment,11770000,Income
2022-06-21,Client equipment.,Utilities,11371500,Expense
2022-06-21,Start treat imagine later identify.,Salary,1216700,Income
2022-06-21,Pharmacy clinic.,Travel,5967000,Expense
2022-06-21,Store investment.,Salary,7814700,Income
2022-06-22,Gym account premium utility.,Investment,34172300,Income
2022-06-22,Taxi hotel online taxi.,Salary,12980400,Income
2022-06-22,Package internet management invoice total weekly.,Salary,9210900,Income
2022-06-22,Renewal debit automatic payment shop insurance digital.,Utilities,6337900,Expense
2022-06-22,Network mall order.,Rent,10595400,Expense
2022-06-22,Project taxi purchase internet system grocery.,Health & Fitness,17557000,Expense
2022-06-23,App hospital processed budget online freelance.,Investment,11837400,Income
2022-06-23,Special subscription bill equipment priority payment internet.,Salary,10111700,Income
2022-06-23,As second animal summer group.,Shopping,12933700,Expense
2022-06-23,Travel payment flight.,Investment,21470000,Income
2022-06-23,Face rate.,Rent,17906300,Expense
2022-06-23,Software advance invoice phone entertainment.,Other,20753900,Income
2022-06-24,Bill network booking economy processed advance water.,Other,29099700,Income
2022-06-24,Mortgage service balance order.,Rent,9716400,Expense
2022-06-24,System budget.,Rent,5489100,Expense
2022-06-24,Debit online.,Salary,11351700,Income
2022-06-24,Gym renewal restaurant account insurance.,Travel,9890400,Expense
2022-06-24,Special electricity online loan deal maintenance credit.,Health & Fitness,14550400,Expense
2022-06-24,Internet business annual shop interest.,Other,43722500,Income
2022-06-24,Net material flight.,Rent,13873800,Expense
2022-06-24,Pending platform freelance.,Other,38009800,Income
2022-06-24,Digital electricity household business monthly deposit insurance.,Shopping,9394300,Expense
2022-06-24,Balance deal hardware fuel train flight hotel.,Travel,12198100,Expense
2022-06-24,Financial electricity pharmacy online.,Food & Drink,5439000,Expense
2022-06-25,Priority deposit charge.,Investment,24759100,Income
2022-06-25,Discount entertainment total debit debit.,Utilities,7111800,Expense
2022-06-25,Support travel personal vendor market direct.,Health & Fitness,18607000,Expense
2022-06-25,She join house.,Entertainment,4307200,Expense
2022-06-25,Choose detail section someone.,Salary,5494800,Income
2022-06-25,Phone electricity internet.,Other,29579200,Income
2022-06-26,Hardware maintenance water loan fee store restaurant.,Health & Fitness,10930300,Expense
2022-06-26,Hospital order personal premium annual.,Rent,16215800,Expense
2022-06-26,Whether century quality.,Travel,17996300,Expense
2022-06-26,Network never.,Food & Drink,3669200,Expense
2022-06-26,Deal household deal automatic priority delivery annual.,Health & Fitness,15273700,Expense
2022-06-26,Support clinic.,Shopping,910700,Expense
2022-06-27,Weekly discount contract app tools express.,Health & Fitness,14178600,Expense
2022-06-27,Transfer net payment health tools special standard.,Salary,15699400,Income
2022-06-27,Account regular premium.,Travel,18506700,Expense
2022-06-27,Insurance advance.,Rent,16330200,Expense
2022-06-27,Weekly insurance water order.,Entertainment,7940400,Expense
2022-06-27,Household interest.,Shopping,11676900,Expense
2022-06-28,Delivery deal bill delivery maintenance train.,Other,37802700,Income
2022-06-28,System deposit.,Entertainment,5683000,Expense
2022-06-28,Payment tools contract investment.,Utilities,3531000,Expense
2022-06-28,Regular software health.,Shopping,12586200,Expense
2022-06-29,Software regular net system water personal health.,Entertainment,4954600,Expense
2022-06-29,Shop automatic food.,Entertainment,7095000,Expense
2022-06-29,Hotel debit direct tax.,Rent,9240800,Expense
2022-06-29,Priority total.,Health & Fitness,7440400,Expense
2022-06-29,Management deposit economy tax network bus.,Salary,10599900,Income
2022-06-29,Tools support annual.,Investment,12986300,Income
2022-06-29,Online personal charge.,Investment,18741300,Income
2022-06-30,Above others.,Food & Drink,19233200,Expense
2022-06-30,Parking advance vendor.,Other,33556500,Income
2022-06-30,Maintenance insurance.,Rent,12432800,Expense
2022-07-01,Project order bus economy debit reward.,Health & Fitness,5108300,Expense
2022-07-01,Water fight security tough gas.,Shopping,18584600,Expense
2022-07-01,Household phone economy deal food.,Salary,12121900,Income
2022-07-02,Fuel financial charge.,Entertainment,9238300,Expense
2022-07-02,Interest discount investment deposit special management food.,Salary,13337600,Income
2022-07-02,Software invoice taxi taxi equipment daily.,Utilities,14397900,Expense
2022-07-02,Central contain pattern education boy.,Entertainment,11377200,Expense
2022-07-02,Network booking express phone flight credit train.,Utilities,1585500,Expense
2022-07-02,Weekly order investment account app automatic.,Shopping,4896900,Expense
2022-07-02,Tools electricity special.,Investment,36082600,Income
2022-07-02,Savings electricity freelance.,Shopping,4778000,Expense
2022-07-02,Digital software parking.,Salary,14372900,Income
2022-07-02,Subscription shop regular.,Utilities,8697900,Expense
2022-07-02,Financial platform fee charge plan adjustment mortgage.,Other,40521400,Income
2022-07-03,System utility advance transfer bus salary.,Food & Drink,14275500,Expense
2022-07-03,Personal equipment savings hospital food economy.,Food & Drink,9965400,Expense
2022-07-03,Personal special maintenance water.,Travel,7575400,Expense
2022-07-03,Personal salary hospital taxi train economy.,Utilities,11672200,Expense
2022-07-03,Adjustment budget budget restaurant digital.,Rent,11577600,Expense
2022-07-04,Maintain former campaign pretty beyond.,Food & Drink,2043900,Expense
2022-07-04,Renewal internet app delivery.,Investment,21415500,Income
2022-07-04,Automatic fuel management.,Salary,19655400,Income
2022-07-04,Surface usually.,Health & Fitness,7738500,Expense
2022-07-04,Popular available public economy.,Rent,10065800,Expense
2022-07-05,Support hotel.,Food & Drink,12469800,Expense
2022-07-05,Fish late pattern.,Rent,6877800,Expense
2022-07-05,Project purchase hospital app.,Entertainment,17817500,Expense
2022-07-05,Delivery train.,Rent,5595900,Expense
2022-07-05,Interest annual travel tools insurance platform order.,Salary,15701200,Income
2022-07-05,Store internet flight transfer.,Entertainment,13114100,Expense
2022-07-05,Direct store tools net.,Other,24554800,Income
2022-07-05,Pending food standard software.,Salary,15980700,Income
2022-07-05,Adjustment special.,Food & Drink,13730300,Expense
2022-07-06,Bonus monthly app project.,Rent,8515100,Expense
2022-07-06,Charge note space when collection.,Shopping,19381500,Expense
2022-07-06,Package purchase pharmacy maintenance.,Other,35941100,Income
2022-07-06,Tax equipment fuel bus digital savings.,Travel,16623300,Expense
2022-07-06,Interest parking hospital grocery.,Entertainment,8683200,Expense
2022-07-06,Balance invoice.,Other,32074000,Income
2022-07-06,Balance phone contract.,Travel,9178800,Expense
2022-07-06,Vendor personal account water.,Entertainment,17795600,Expense
2022-07-07,System parking management utility invoice standard.,Food & Drink,15663200,Expense
2022-07-07,Invoice project platform travel.,Entertainment,10609400,Expense
2022-07-07,Weekly booking hardware processed equipment management credit.,Travel,3942500,Expense
2022-07-07,Travel financial account.,Investment,20277300,Income
2022-07-07,Fee package management market.,Salary,7530400,Income
2022-07-07,Direct taxi contract express.,Salary,4885000,Income
2022-07-08,Standard utility management.,Other,10477900,Income
2022-07-08,Platform credit.,Shopping,5892800,Expense
2022-07-08,Internet bus business.,Health & Fitness,8831900,Expense
2022-07-08,Standard food gross package advance.,Food & Drink,17544100,Expense
2022-07-08,Payment digital pending transfer travel automatic.,Investment,17837100,Income
2022-07-08,Freelance credit.,Rent,6644100,Expense
2022-07-09,Automatic processed transfer deal standard.,Rent,7179500,Expense
2022-07-09,Purchase priority travel direct food budget deal.,Salary,17070400,Income
2022-07-09,Subscription express savings transfer gross.,Investment,29516600,Income
2022-07-09,Interest renewal restaurant direct parking.,Rent,12585200,Expense
2022-07-09,Fuel equipment adjustment.,Rent,7861800,Expense
2022-07-10,Insurance payment reward.,Travel,11925300,Expense
2022-07-10,Economy material app account advance payment.,Entertainment,9293000,Expense
2022-07-10,Pending travel support net direct.,Other,48131000,Income
2022-07-10,Taxi utility bonus business management hotel standard.,Shopping,15118500,Expense
2022-07-10,Financial order health clinic.,Shopping,5825700,Expense
2022-07-10,Loan system delivery transfer tax.,Utilities,17630800,Expense
2022-07-11,Parking food.,Salary,9789000,Income
2022-07-11,Business store transfer platform.,Utilities,8943300,Expense
2022-07-11,Financial debit shop phone.,Rent,14177500,Expense
2022-07-11,Interest online app.,Other,41655400,Income
2022-07-11,Hospital electricity reward loan pharmacy economy.,Entertainment,6486800,Expense
2022-07-12,Freelance travel tax.,Other,17655300,Income
2022-07-12,Net client.,Salary,10872200,Income
2022-07-12,Booking mortgage support.,Shopping,15961500,Expense
2022-07-12,Gym support restaurant total transfer phone.,Travel,10206100,Expense
2022-07-13,Size republican political.,Travel,15692600,Expense
2022-07-13,Food transfer tax insurance gym.,Shopping,10773900,Expense
2022-07-13,Store order network.,Salary,3205600,Income
2022-07-13,Water monthly direct internet savings.,Travel,15094100,Expense
2022-07-13,Budget adjustment monthly vendor bonus.,Other,30059500,Income
2022-07-13,Direct bill weekly adjustment deposit transfer.,Salary,7034000,Income
2022-07-13,Balance food monthly debit management network express.,Entertainment,14887500,Expense
2022-07-13,Subscription platform tax financial.,Health & Fitness,3004000,Expense
2022-07-13,Fuel standard.,Food & Drink,15880000,Expense
2022-07-14,Contract market fee system.,Other,11542800,Income
2022-07-14,Mortgage purchase.,Rent,13358800,Expense
2022-07-14,Vendor gross software mortgage.,Shopping,4392400,Expense
2022-07-14,Electricity bill charge transfer monthly.,Food & Drink,11544300,Expense
2022-07-14,Client digital financial package fuel app automatic.,Investment,29757400,Income
2022-07-14,Package tax electricity direct direct personal.,Health & Fitness,14813000,Expense
2022-07-14,Mall flight.,Health & Fitness,9317300,Expense
2022-07-14,Fuel package.,Investment,17170600,Income
2022-07-14,Booking economy adjustment maintenance economy annual mortgage.,Investment,28599400,Income
2022-07-15,Plan network platform.,Rent,8585700,Expense
2022-07-15,Subscription internet insurance.,Salary,5936000,Income
2022-07-15,Payment gym credit mall.,Rent,9516700,Expense
2022-07-15,Plan booking salary.,Shopping,9670400,Expense
2022-07-15,Phone annual contract salary salary.,Salary,13652500,Income
2022-07-15,Total direct software subscription.,Food & Drink,14818600,Expense
2022-07-16,Budget online phone hardware order advance.,Utilities,2113100,Expense
2022-07-16,Tax electricity client.,Food & Drink,18630900,Expense
2022-07-16,Phone digital transfer client network.,Travel,10121700,Expense
2022-07-17,Fuel train shop delivery app.,Salary,4339500,Income
2022-07-17,Salary direct.,Rent,10891200,Expense
2022-07-17,Daily package pending service health economy.,Rent,8985100,Expense
2022-07-17,Delivery business payment hardware account.,Entertainment,7990100,Expense
2022-07-17,Main board population.,Shopping,3796200,Expense
2022-07-17,Care run there leg.,Entertainment,7180600,Expense
2022-07-17,Teach cause mrs.,Shopping,1805300,Expense
2022-07-17,Discount bonus health software flight network restaurant.,Shopping,7074100,Expense
2022-07-17,Fee investment.,Other,18495600,Income
2022-07-18,Interest shop.,Utilities,12757700,Expense
2022-07-18,Advance fee online.,Shopping,9575800,Expense
2022-07-18,Baby away affect medical all.,Entertainment,14290900,Expense
2022-07-18,If operation trade necessary myself.,Investment,36120000,Income
2022-07-18,Support package.,Salary,10003200,Income
2022-07-18,Invoice balance bonus discount.,Health & Fitness,9123700,Expense
2022-07-18,Total hardware automatic package plan business.,Other,33179600,Income
2022-07-18,Salary health.,Other,37072700,Income
2022-07-18,Entertainment renewal automatic.,Food & Drink,7528000,Expense
2022-07-18,Support app support entertainment service express financial.,Investment,19708000,Income
2022-07-19,Budget contract.,Rent,10907500,Expense
2022-07-19,Credit train.,Entertainment,19501100,Expense
2022-07-19,President chance hotel through.,Utilities,14819100,Expense
2022-07-19,Client pharmacy hospital daily service.,Food & Drink,9301800,Expense
2022-07-20,Network reward.,Salary,11440100,Income
2022-07-20,Let member however.,Rent,1921300,Expense
2022-07-20,System system client health.,Food & Drink,13547500,Expense
2022-07-20,Account store material tax salary bonus processed.,Shopping,7164900,Expense
2022-07-20,Gross hospital maintenance plan express business food.,Shopping,12814700,Expense
2022-07-20,Online loan platform taxi equipment insurance.,Shopping,18238100,Expense
2022-07-20,App contract.,Investment,38557900,Income
2022-07-20,System invoice payment standard daily network electricity.,Rent,10961600,Expense
2022-07-20,Regular support.,Travel,16500700,Expense
2022-07-21,Household app special.,Shopping,5042900,Expense
2022-07-21,Total management train.,Health & Fitness,16770200,Expense
2022-07-21,Direct project advance payment regular.,Salary,15046500,Income
2022-07-22,Purchase package freelance taxi.,Investment,33846700,Income
2022-07-22,Hospital tax transfer.,Entertainment,6214000,Expense
2022-07-22,Market train annual phone freelance taxi restaurant.,Health & Fitness,11253400,Expense
2022-07-22,Mortgage mortgage bus support adjustment tax water.,Other,22483400,Income
2022-07-22,Production summer.,Salary,7262400,Income
2022-07-22,Gym pharmacy.,Salary,7182500,Income
2022-07-22,Invoice network digital.,Food & Drink,10359200,Expense
2022-07-23,Restaurant system transfer tax.,Travel,2392600,Expense
2022-07-23,Reward express gross.,Food & Drink,6058300,Expense
2022-07-23,Balance grocery bonus financial digital.,Entertainment,11889400,Expense
2022-07-23,Parking fee software savings project delivery interest.,Entertainment,6531100,Expense
2022-07-23,Electricity food reward contract financial equipment fee.,Utilities,9550700,Expense
2022-07-23,Freelance tax premium monthly.,Other,40092100,Income
2022-07-24,Service business.,Travel,18221800,Expense
2022-07-24,Payment maintenance digital software.,Entertainment,15785800,Expense
2022-07-24,Digital priority bus.,Investment,25457600,Income
2022-07-24,Account salary.,Rent,6901800,Expense
2022-07-25,Express bus online.,Entertainment,14292900,Expense
2022-07-25,Cell city not not the.,Utilities,1837200,Expense
2022-07-25,Utility bus fee clinic premium.,Investment,21143600,Income
2022-07-25,Package deal service shop.,Salary,11225500,Income
2022-07-26,Interest pharmacy household subscription weekly.,Food & Drink,6649700,Expense
2022-07-26,Insurance vendor interest fee budget service.,Entertainment,12242100,Expense
2022-07-26,Management electricity automatic charge.,Entertainment,7380300,Expense
2022-07-26,Tax internet electricity.,Health & Fitness,3795700,Expense
2022-07-26,Train discount material support deposit.,Shopping,5615600,Expense
2022-07-27,Plant event score official now.,Rent,14524400,Expense
2022-07-27,Adjustment app.,Health & Fitness,13238600,Expense
2022-07-27,Truth thing always possible.,Food & Drink,5907800,Expense
2022-07-27,Parking restaurant.,Utilities,654900,Expense
2022-07-27,Support credit flight advance personal.,Entertainment,6704700,Expense
2022-07-27,Doctor protect military social.,Investment,31570000,Income
2022-07-27,Voice american seven discussion.,Shopping,2155500,Expense
2022-07-27,Management restaurant fee loan premium train digital.,Entertainment,9564500,Expense
2022-07-27,Payment adjustment.,Salary,14078100,Income
2022-07-28,Store software net.,Health & Fitness,9681000,Expense
2022-07-28,Half president structure might.,Entertainment,11482000,Expense
2022-07-28,Bill weekly net software grocery app.,Utilities,7854500,Expense
2022-07-28,Balance system bonus.,Travel,5686400,Expense
2022-07-28,Might good test.,Other,18880000,Income
2022-07-28,Invoice service debit financial account.,Entertainment,5642800,Expense
2022-07-28,Shop budget weekly.,Travel,19335700,Expense
2022-07-28,Processed flight budget credit pending train.,Rent,11194000,Expense
2022-07-28,Investment salary service financial advance.,Utilities,10562800,Expense
2022-07-28,Water investment contract.,Entertainment,17792300,Expense
2022-07-28,Online app.,Salary,17940300,Income
2022-07-29,Premium material network reward contract.,Rent,5408200,Expense
2022-07-29,Loan software loan mortgage software deposit.,Other,15021000,Income
2022-07-29,Account adjustment water maintenance direct market total.,Investment,33125000,Income
2022-07-29,Personal purchase management.,Rent,8875500,Expense
2022-07-29,Material purchase parking direct budget hotel.,Travel,4983100,Expense
2022-07-29,Contract internet restaurant online clinic payment.,Investment,35749900,Income
2022-07-29,Annual charge contract bonus direct gym mortgage.,Health & Fitness,5569400,Expense
2022-07-29,Thought according think key.,Other,26980000,Income
2022-07-29,Premium clinic.,Utilities,6458900,Expense
2022-07-29,Mortgage salary.,Health & Fitness,11609200,Expense
2022-07-30,Processed bus restaurant pharmacy discount.,Shopping,12136800,Expense
2022-07-30,Hardware salary standard hotel travel.,Travel,8910400,Expense
2022-07-30,Subscription freelance.,Health & Fitness,13322300,Expense
2022-07-30,Adjustment regular service.,Rent,9338500,Expense
2022-07-30,Weekly equipment.,Travel,15303000,Expense
2022-07-30,Method exactly.,Rent,3427400,Expense
2022-07-30,Invoice monthly premium delivery advance balance.,Utilities,8909900,Expense
2022-07-30,Client pending fee payment.,Rent,11837500,Expense
2022-07-30,Equipment priority store grocery.,Entertainment,13267300,Expense
2022-07-31,Invoice electricity daily parking net utility regular.,Health & Fitness,4127000,Expense
2022-07-31,Church own stage.,Travel,9736200,Expense
2022-07-31,Mortgage travel gross.,Investment,9988900,Income
2022-08-01,Business network gym salary hotel mortgage.,Rent,6194900,Expense
2022-08-01,Tools market fuel priority debit.,Travel,11945100,Expense
2022-08-01,Payment bill invoice gym.,Health & Fitness,10681100,Expense
2022-08-01,Budget economy delivery renewal maintenance online material.,Investment,25254300,Income
2022-08-01,Delivery support booking package.,Entertainment,11552100,Expense
2022-08-01,Booking adjustment.,Travel,11293800,Expense
2022-08-02,Advance market gross business net.,Travel,11395900,Expense
2022-08-02,Financial monthly flight adjustment advance.,Investment,34534000,Income
2022-08-02,Specific result loss long.,Other,25200000,Income
2022-08-02,Processed maintenance weekly mortgage.,Utilities,1665900,Expense
2022-08-02,Grocery health monthly gross discount monthly.,Food & Drink,16352600,Expense
2022-08-02,Phone deposit purchase hospital.,Utilities,8881500,Expense
2022-08-02,Claim street against amount of.,Salary,11916700,Income
2022-08-03,Package entertainment delivery train.,Entertainment,19304600,Expense
2022-08-03,Renewal direct household.,Salary,13340900,Income
2022-08-03,Service express fee.,Health & Fitness,19152400,Expense
2022-08-03,Subscription pharmacy processed platform net.,Rent,15598100,Expense
2022-08-03,Service transfer fee renewal priority.,Entertainment,7201000,Expense
2022-08-03,Budget entertainment transfer.,Utilities,2618900,Expense
2022-08-03,Premium express express account budget.,Rent,14846000,Expense
2022-08-03,Adjustment total subscription loan.,Other,46094900,Income
2022-08-03,Picture always occur.,Investment,16090000,Income
2022-08-03,Pharmacy platform mortgage account.,Travel,5458900,Expense
2022-08-04,Insurance client.,Travel,6784400,Expense
2022-08-04,Election conference when.,Shopping,6711100,Expense
2022-08-04,Electricity hospital software priority.,Food & Drink,3326500,Expense
2022-08-04,Processed parking discount.,Travel,11171600,Expense
2022-08-04,Electricity network order pharmacy store.,Food & Drink,13860200,Expense
2022-08-05,Advance material direct.,Travel,11675300,Expense
2022-08-05,Regular flight personal savings tax mall purchase.,Health & Fitness,8274700,Expense
2022-08-05,System net.,Entertainment,10998900,Expense
2022-08-05,Plan reward project fee online market budget.,Health & Fitness,5426500,Expense
2022-08-05,Delivery household mortgage freelance maintenance water delivery.,Travel,8339500,Expense
2022-08-05,Transfer bonus hardware hardware.,Other,26902200,Income
2022-08-06,Maintenance clinic package app.,Shopping,13744400,Expense
2022-08-06,Economy system monthly weekly payment invoice order.,Travel,9875000,Expense
2022-08-06,These road.,Health & Fitness,8860400,Expense
2022-08-06,Water train weekly.,Investment,11316100,Income
2022-08-06,Salary vendor bonus project deposit delivery.,Salary,10036100,Income
2022-08-06,Pending mortgage.,Health & Fitness,18616400,Expense
2022-08-06,Phone hospital budget parking charge food utility.,Entertainment,11285800,Expense
2022-08-06,Automatic deposit utility interest hospital budget financial.,Entertainment,14191000,Expense
2022-08-07,Economy bonus entertainment savings charge priority bill.,Other,26064200,Income
2022-08-07,Describe paper.,Utilities,6078700,Expense
2022-08-08,Daily platform economy gym deal.,Entertainment,12708700,Expense
2022-08-08,Budget payment clinic balance store hotel.,Investment,25664800,Income
2022-08-08,Subscription salary.,Utilities,6664900,Expense
2022-08-08,Hospital management.,Investment,33410800,Income
2022-08-08,Balance salary express internet account.,Other,20883000,Income
2022-08-08,Parking purchase.,Travel,17142600,Expense
2022-08-08,Electricity phone flight train.,Entertainment,2312600,Expense
2022-08-09,Service restaurant gross system booking.,Food & Drink,3781500,Expense
2022-08-09,Shop premium.,Utilities,12406200,Expense
2022-08-09,Store hospital purchase entertainment annual digital.,Utilities,10873900,Expense
2022-08-09,Fuel monthly.,Food & Drink,10670900,Expense
2022-08-10,Monthly management.,Travel,11915200,Expense
2022-08-11,Tools software.,Utilities,1703800,Expense
2022-08-11,Utility service health household renewal direct special.,Utilities,5193900,Expense
2022-08-11,Credit internet subscription tools pharmacy.,Health & Fitness,8282700,Expense
2022-08-11,Freelance pending automatic debit savings.,Shopping,12335000,Expense
2022-08-11,Flight express premium account debit.,Travel,10072800,Expense
2022-08-11,Direct processed hospital bus processed advance.,Salary,9485200,Income
2022-08-11,Monthly bonus online bill software order.,Health & Fitness,710800,Expense
2022-08-11,Net grocery deal personal insurance bonus support.,Health & Fitness,4293900,Expense
2022-08-11,Clinic booking.,Shopping,10430700,Expense
2022-08-11,Client tools.,Food & Drink,12108600,Expense
2022-08-11,Management reward.,Other,22973400,Income
2022-08-11,Freelance food booking.,Shopping,8406300,Expense
2022-08-11,Restaurant flight service insurance total train bus.,Other,30296200,Income
2022-08-12,Net hospital tools investment debit order.,Travel,17003400,Expense
2022-08-12,Premium software priority savings premium direct.,Utilities,6084600,Expense
2022-08-12,Special transfer fee regular.,Entertainment,17169400,Expense
2022-08-12,Renewal hospital vendor annual.,Other,42735800,Income
2022-08-12,Travel deposit package deposit plan annual.,Travel,16944000,Expense
2022-08-12,Color store over some.,Entertainment,9632300,Expense
2022-08-12,Train deal insurance.,Investment,40877600,Income
2022-08-12,Loan flight phone package clinic hospital platform.,Entertainment,19257100,Expense
2022-08-13,Process enough right garden law.,Other,31140000,Income
2022-08-13,Package deal order invoice economy credit balance.,Other,28471000,Income
2022-08-14,Deposit vendor grocery account.,Shopping,10868600,Expense
2022-08-14,Insurance health.,Rent,17847100,Expense
2022-08-14,Pending bill salary train vendor booking market.,Salary,4121600,Income
2022-08-14,Automatic project processed contract.,Rent,13815400,Expense
2022-08-15,Tax advance daily pending network automatic tax.,Other,32537000,Income
2022-08-15,Charge software renewal deal deposit platform.,Salary,9547700,Income
2022-08-15,Freelance interest.,Shopping,10463100,Expense
2022-08-15,Range step painting concern.,Health & Fitness,7583500,Expense
2022-08-15,Hospital hospital network.,Entertainment,11839900,Expense
2022-08-15,Purchase direct flight app bill equipment vendor.,Salary,3694300,Income
2022-08-15,Her car admit.,Salary,19358500,Income
2022-08-15,Equipment investment.,Travel,12282700,Expense
2022-08-15,Charge service fuel investment app internet hospital.,Utilities,12592800,Expense
2022-08-16,Me brother lot candidate owner.,Shopping,7363800,Expense
2022-08-16,Miss have analysis morning.,Entertainment,11885300,Expense
2022-08-16,Direct entertainment order.,Other,15993800,Income
2022-08-16,Bonus management app weekly vendor plan.,Rent,16198600,Expense
2022-08-17,Balance platform food invoice business.,Investment,18131100,Income
2022-08-17,Smile high open scientist.,Food & Drink,19064800,Expense
2022-08-17,Express online.,Food & Drink,12107500,Expense
2022-08-17,Package internet deposit.,Rent,11279900,Expense
2022-08-17,Investment water monthly interest.,Utilities,9282400,Expense
2022-08-17,Vendor tax electricity regular travel.,Salary,6881200,Income
2022-08-17,Vendor weekly platform flight economy personal entertainment.,Utilities,7603400,Expense
2022-08-17,Fee support system train parking.,Utilities,12314500,Expense
2022-08-17,Daily software digital hardware health credit.,Investment,31738000,Income
2022-08-17,System mortgage.,Food & Drink,2513500,Expense
2022-08-18,App advance bus adjustment.,Rent,14799100,Expense
2022-08-18,Adjustment deposit package deposit app renewal economy.,Food & Drink,7038000,Expense
2022-08-18,Insurance fuel equipment flight savings.,Entertainment,17014300,Expense
2022-08-18,Deposit premium budget food fee delivery.,Salary,6035300,Income
2022-08-18,International effort.,Entertainment,8825300,Expense
2022-08-18,Payment material balance.,Entertainment,10882500,Expense
2022-08-18,App total bill standard.,Investment,26957200,Income
2022-08-19,Exist theory.,Rent,16397400,Expense
2022-08-19,App financial loan business shop debit investment.,Health & Fitness,7816400,Expense
2022-08-19,Utility bill internet advance total.,Shopping,11393000,Expense
2022-08-19,Monthly parking account management interest regular premium.,Rent,2092900,Expense
2022-08-19,Interest freelance.,Utilities,12540900,Expense
2022-08-19,Platform invoice hospital budget budget.,Food & Drink,6023000,Expense
2022-08-19,Order transfer net transfer weekly.,Other,26659000,Income
2022-08-20,Charge loan budget utility.,Salary,10302200,Income
2022-08-20,Market grocery transfer household account.,Shopping,6735900,Expense
2022-08-20,Loan food household parking pharmacy system support.,Investment,45584000,Income
2022-08-20,Digital vendor.,Food & Drink,8823000,Expense
2022-08-20,Investment bonus project material transfer support.,Utilities,7037800,Expense
2022-08-20,Mall priority hospital financial adjustment hotel.,Travel,5869800,Expense
2022-08-20,Platform interest subscription.,Travel,17642900,Expense
2022-08-21,Brother according pressure reach firm.,Other,24820000,Income
2022-08-21,App plan annual client mall internet.,Entertainment,18210500,Expense
2022-08-21,Tax online mall priority.,Entertainment,14292200,Expense
2022-08-21,Package equipment credit.,Salary,13172000,Income
2022-08-21,Gym management reward savings transfer client.,Entertainment,17985400,Expense
2022-08-21,Processed bonus special parking.,Food & Drink,13235200,Expense
2022-08-21,Savings monthly business processed express travel.,Rent,10747100,Expense
2022-08-21,Country remember smile.,Shopping,13492300,Expense
2022-08-21,Processed advance internet savings.,Health & Fitness,10592100,Expense
2022-08-21,Taxi travel.,Food & Drink,8628600,Expense
2022-08-21,Salary parking.,Health & Fitness,13430500,Expense
2022-08-22,Choice prepare.,Utilities,14333200,Expense
2022-08-22,Taxi parking.,Shopping,5767900,Expense
2022-08-22,Renewal investment bonus.,Rent,9985900,Expense
2022-08-22,Personal health personal annual premium material.,Shopping,10304500,Expense
2022-08-22,Talk interest hand.,Rent,9036400,Expense
2022-08-22,Bonus utility savings financial freelance.,Food & Drink,11888300,Expense
2022-08-22,Vendor balance daily app personal annual savings.,Food & Drink,5412100,Expense
2022-08-23,Insurance deposit parking economy household.,Travel,9064500,Expense
2022-08-23,Sense including six lot.,Shopping,10733900,Expense
2022-08-23,Subscription processed entertainment.,Rent,6070800,Expense
2022-08-23,Support priority.,Salary,4892900,Income
2022-08-24,Budget project.,Salary,6584700,Income
2022-08-24,Budget bill net.,Utilities,14709100,Expense
2022-08-24,Processed annual.,Other,43507700,Income
2022-08-24,Reward hospital.,Utilities,10214000,Expense
2022-08-24,Never effect fill general relationship.,Shopping,10918500,Expense
2022-08-24,Monthly phone booking grocery economy.,Travel,13889900,Expense
2022-08-24,Material clinic market plan.,Travel,16028500,Expense
2022-08-25,Deal health system purchase.,Food & Drink,13062000,Expense
2022-08-25,Hospital taxi balance fuel.,Salary,9190100,Income
2022-08-25,Management interest adjustment monthly store household personal.,Investment,32755100,Income
2022-08-25,Maintenance special pending net renewal software flight.,Health & Fitness,3882400,Expense
2022-08-25,Fee account.,Entertainment,9272900,Expense
2022-08-25,Mortgage bus automatic travel processed advance advance.,Rent,10746000,Expense
2022-08-26,Democrat hundred.,Rent,2276500,Expense
2022-08-26,Budget management discount credit.,Utilities,18083000,Expense
2022-08-26,Business tools online pending.,Investment,38093200,Income
2022-08-26,Train total software loan bus flight.,Other,8800600,Income
2022-08-26,Gym renewal express.,Other,37589300,Income
2022-08-26,Security land record.,Health & Fitness,14062500,Expense
2022-08-27,Savings food health.,Utilities,3591300,Expense
2022-08-27,Software contract standard direct regular balance.,Food & Drink,9256600,Expense
2022-08-27,Material platform management.,Utilities,13348100,Expense
2022-08-27,Order travel travel hospital deposit vendor order.,Shopping,2503500,Expense
2022-08-27,Phone train flight pharmacy.,Investment,12029600,Income
2022-08-27,Store gross.,Investment,32240900,Income
2022-08-27,Regular phone net restaurant bus loan.,Investment,42268900,Income
2022-08-27,Charge utility savings.,Shopping,9027200,Expense
2022-08-27,Bonus system invoice online automatic invoice.,Utilities,8926500,Expense
2022-08-27,Investment delivery freelance purchase.,Entertainment,12252600,Expense
2022-08-27,Subscription debit weekly fee subscription investment regular.,Salary,931400,Income
2022-08-28,Budget regular weekly software weekly.,Food & Drink,13156400,Expense
2022-08-28,Gross financial hospital personal.,Rent,9664900,Expense
2022-08-28,Account deal water.,Salary,4855400,Income
2022-08-28,Vendor fuel hardware grocery invoice entertainment.,Rent,13854300,Expense
2022-08-28,Pass range appear home player.,Health & Fitness,3410100,Expense
2022-08-28,Deposit material.,Food & Drink,14804600,Expense
2022-08-29,Store bonus mall pending hotel.,Rent,6010100,Expense
2022-08-29,Discount hotel gross platform mortgage economy.,Salary,14452800,Income
2022-08-29,Likely outside because.,Shopping,19339500,Expense
2022-08-29,Gross support.,Entertainment,17227100,Expense
2022-08-30,Economy internet daily shop mortgage insurance.,Other,43616500,Income
2022-08-30,Market deal client.,Salary,6902600,Income
2022-08-30,He participant right.,Shopping,2208300,Expense
2022-08-30,Maintenance annual system delivery.,Investment,13225900,Income
2022-08-30,Bonus account store.,Travel,15276200,Expense
2022-08-31,Invoice mortgage market total package express.,Travel,2806500,Expense
2022-08-31,Digital business app account personal.,Entertainment,7366300,Expense
2022-08-31,Prevent expert white arm similar.,Investment,46830000,Income
2022-08-31,Keep cut prevent sound.,Entertainment,8971000,Expense
2022-08-31,Water daily pharmacy.,Salary,7486500,Income
2022-08-31,Internet debit client phone platform deposit market.,Food & Drink,14103800,Expense
2022-09-01,Hardware internet hardware.,Food & Drink,8248400,Expense
2022-09-01,Delivery hotel health hardware direct.,Other,38593100,Income
2022-09-01,Hotel deposit market advance salary.,Food & Drink,12333900,Expense
2022-09-01,Almost outside middle.,Utilities,6964900,Expense
2022-09-01,Net health fee gross.,Entertainment,6606500,Expense
2022-09-02,Mall internet food flight shop food deal.,Rent,13936300,Expense
2022-09-02,Pending subscription.,Salary,12469800,Income
2022-09-02,Software utility.,Health & Fitness,9598600,Expense
2022-09-02,College already dream a church.,Investment,29200000,Income
2022-09-02,Discount package standard network clinic special loan.,Shopping,6406600,Expense
2022-09-02,Net salary automatic taxi total.,Health & Fitness,14988300,Expense
2022-09-03,Discount account.,Food & Drink,12847200,Expense
2022-09-03,Bill system charge water app hotel.,Entertainment,11573300,Expense
2022-09-03,Utility subscription invoice network deposit shop.,Entertainment,14070400,Expense
2022-09-03,Special pending train plan renewal.,Rent,8465000,Expense
2022-09-03,Near risk.,Utilities,7031700,Expense
2022-09-03,Fuel restaurant.,Rent,8444300,Expense
2022-09-03,Charge management business shop debit regular.,Salary,5970300,Income
2022-09-03,Good house only military.,Rent,2409800,Expense
2022-09-03,Give white everybody paper create.,Entertainment,10470200,Expense
2022-09-03,Phone market hardware.,Salary,895900,Income
2022-09-03,Service annual digital.,Entertainment,13883700,Expense
2022-09-03,Internet daily bill monthly.,Food & Drink,8352000,Expense
2022-09-04,Above company media next me.,Rent,8819500,Expense
2022-09-04,Standard bonus bonus train.,Entertainment,14217400,Expense
2022-09-04,Sort what.,Health & Fitness,1436800,Expense
2022-09-04,Discount charge.,Travel,2216600,Expense
2022-09-04,Service train processed standard.,Other,18505100,Income
2022-09-04,Service special direct order payment transfer mall.,Health & Fitness,1048200,Expense
2022-09-04,Market priority system pharmacy net.,Investment,34473100,Income
2022-09-04,Business investment fuel online loan.,Salary,15958500,Income
2022-09-05,Plan restaurant.,Utilities,16422100,Expense
2022-09-05,Service total material transfer annual insurance economy.,Investment,16843500,Income
2022-09-05,Food advance tax premium contract account train.,Entertainment,4438700,Expense
2022-09-05,Gross bill invoice shop flight shop.,Entertainment,9112300,Expense
2022-09-05,Automatic mortgage utility.,Salary,658500,Income
2022-09-05,Bus subscription balance payment daily.,Investment,42663700,Income
2022-09-05,Priority budget standard package.,Health & Fitness,11309800,Expense
2022-09-05,Economic kind help low during.,Investment,6850000,Income
2022-09-06,Restaurant platform pharmacy payment.,Food & Drink,9728000,Expense
2022-09-06,Race to television loss.,Rent,13575100,Expense
2022-09-06,Interest clinic.,Health & Fitness,10040400,Expense
2022-09-06,Package taxi.,Utilities,6703500,Expense
2022-09-06,Advance budget priority platform express store.,Health & Fitness,12947100,Expense
2022-09-06,Total grocery.,Other,18256800,Income
2022-09-07,Mortgage shop savings.,Other,45110400,Income
2022-09-07,Automatic network software savings management project.,Utilities,6258200,Expense
2022-09-07,Freelance entertainment bonus renewal financial.,Rent,8379100,Expense
2022-09-07,Advance software system hotel plan bill.,Entertainment,4250100,Expense
2022-09-07,Reward total regular investment booking.,Utilities,10369900,Expense
2022-09-07,Him small.,Investment,47270000,Income
2022-09-08,Vendor app hotel.,Salary,10644000,Income
2022-09-08,Son include good.,Investment,32110000,Income
2022-09-08,Loan hardware shop.,Salary,8988700,Income
2022-09-09,Delivery package.,Utilities,11708600,Expense
2022-09-09,Support interest support travel hardware household.,Food & Drink,7619500,Expense
2022-09-09,Travel savings.,Rent,12242000,Expense
2022-09-09,Fuel hospital.,Food & Drink,14384200,Expense
2022-09-10,Weekly monthly debit mall special.,Food & Drink,2874700,Expense
2022-09-10,Flight equipment service reward.,Health & Fitness,4956700,Expense
2022-09-10,Red enjoy.,Salary,4713900,Income
2022-09-10,Hardware travel delivery mortgage management interest mortgage.,Health & Fitness,10697800,Expense
2022-09-11,Human see.,Utilities,3809100,Expense
2022-09-11,Clinic total interest system salary.,Food & Drink,17731900,Expense
2022-09-11,Tax material water software premium water.,Entertainment,17517100,Expense
2022-09-11,Standard equipment credit.,Other,23526900,Income
2022-09-11,Never condition.,Shopping,680900,Expense
2022-09-11,Salary automatic.,Entertainment,10337700,Expense
2022-09-11,Tax purchase purchase fee advance software hospital.,Health & Fitness,14645000,Expense
2022-09-11,Premium support processed management annual.,Other,23993500,Income
2022-09-12,Shop annual credit transfer adjustment client insurance.,Health & Fitness,8230700,Expense
2022-09-12,Fee credit.,Shopping,19311700,Expense
2022-09-12,Despite off consumer second.,Entertainment,9046500,Expense
2022-09-12,Internet contract weekly deposit project financial restaurant.,Other,31140000,Income
2022-09-12,Automatic restaurant.,Shopping,6450100,Expense
2022-09-13,Water internet mortgage contract support.,Utilities,15922400,Expense
2022-09-13,Online deal contract loan.,Health & Fitness,4679300,Expense
2022-09-13,Flight electricity package deal.,Investment,17530900,Income
2022-09-14,Taxi plan hardware.,Utilities,7373800,Expense
2022-09-14,Say dog drug enter.,Food & Drink,14124200,Expense
2022-09-14,Contract fee bonus health.,Entertainment,4802900,Expense
2022-09-14,Water hospital system.,Investment,31227800,Income
2022-09-14,Delivery bill.,Salary,14488300,Income
2022-09-14,Shop economy household.,Investment,13553000,Income
2022-09-14,Mall material hardware order management fee service.,Utilities,11571600,Expense
2022-09-15,Subscription discount invoice financial invoice delivery online.,Other,38235100,Income
2022-09-15,Household digital personal weekly.,Shopping,8105800,Expense
2022-09-15,Annual mall.,Food & Drink,11757800,Expense
2022-09-15,Strong student green.,Rent,11589200,Expense
2022-09-15,Deal gym adjustment digital tax.,Health & Fitness,12626200,Expense
2022-09-15,Turn put professional.,Utilities,7379300,Expense
2022-09-15,Package special adjustment salary.,Food & Drink,16439000,Expense
2022-09-16,Reward food.,Entertainment,6998900,Expense
2022-09-16,Pending platform special loan reward network.,Health & Fitness,10190900,Expense
2022-09-16,Business bus water support market.,Shopping,7076300,Expense
2022-09-16,Loan platform.,Shopping,14200900,Expense
2022-09-16,Support mall utility service utility equipment.,Other,34303900,Income
2022-09-17,Daily app.,Rent,1965400,Expense
2022-09-17,Economy hardware charge tools app discount.,Other,27878000,Income
2022-09-17,Monthly discount fuel.,Salary,14917300,Income
2022-09-17,When summer he firm together.,Investment,26490000,Income
2022-09-17,Client transfer transfer utility.,Food & Drink,4173300,Expense
2022-09-17,Gross debit regular.,Health & Fitness,6382700,Expense
2022-09-18,Management savings freelance package.,Rent,13122600,Expense
2022-09-18,Utility software credit fee express pending.,Investment,28088500,Income
2022-09-18,Economy store health salary weekly purchase.,Salary,14519800,Income
2022-09-18,Make worker trouble.,Salary,10601500,Income
2022-09-18,Net direct transfer restaurant.,Utilities,10773300,Expense
2022-09-18,Fee insurance maintenance vendor project salary transfer.,Entertainment,17494800,Expense
2022-09-18,Monthly economy regular household mall bill hardware.,Travel,15358000,Expense
2022-09-18,Daily travel.,Other,22160400,Income
2022-09-19,Develop office approach son.,Shopping,12265000,Expense
2022-09-19,Insurance shop daily delivery.,Health & Fitness,3339600,Expense
2022-09-19,Allow girl team simply lead.,Health & Fitness,7104500,Expense
2022-09-19,Weekly clinic contract.,Other,41939800,Income
2022-09-19,Deal food hotel maintenance.,Investment,6173800,Income
2022-09-19,Annual pending tools insurance hotel.,Travel,14885100,Expense
2022-09-19,Purchase invoice invoice bonus.,Utilities,1463200,Expense
2022-09-19,Mortgage premium.,Entertainment,12595100,Expense
2022-09-20,Bill booking health phone booking grocery.,Salary,17389700,Income
2022-09-20,Business gym restaurant water order.,Utilities,16273900,Expense
2022-09-20,Reward taxi weekly.,Shopping,16102600,Expense
2022-09-20,Digital financial internet processed.,Travel,10784300,Expense
2022-09-21,Tax train daily online automatic purchase.,Utilities,7485600,Expense
2022-09-21,Clinic system.,Utilities,6332200,Expense
2022-09-21,Least ready activity decision ok.,Utilities,16293400,Expense
2022-09-21,Electricity utility phone electricity utility.,Health & Fitness,14424700,Expense
2022-09-21,Mall digital flight personal client budget.,Other,18885200,Income
2022-09-21,Subscription health net.,Shopping,11394800,Expense
2022-09-21,Delivery plan hospital deposit economy delivery.,Salary,12423500,Income
2022-09-22,Store client hospital weekly deposit credit clinic.,Entertainment,13975900,Expense
2022-09-22,Pharmacy transfer.,Salary,11509800,Income
2022-09-22,Premium discount phone deal booking.,Utilities,12467400,Expense
2022-09-22,Premium health balance deal loan network.,Other,35968800,Income
2022-09-22,Monthly automatic taxi restaurant.,Utilities,8247000,Expense
2022-09-22,Restaurant fuel tax train account interest entertainment.,Health & Fitness,12004200,Expense
2022-09-22,Transfer train net credit.,Travel,15257700,Expense
2022-09-22,Deposit plan travel mortgage.,Other,28111400,Income
2022-09-22,Parking pharmacy health transfer.,Food & Drink,19675200,Expense
2022-09-22,Order entertainment.,Utilities,15106400,Expense
2022-09-23,Party employee nature down.,Travel,18381800,Expense
2022-09-23,Order savings entertainment charge taxi fuel total.,Shopping,9516500,Expense
2022-09-23,Automatic hardware maintenance service software credit hospital.,Salary,8312200,Income
2022-09-23,Equipment daily.,Shopping,12034200,Expense
2022-09-23,Hotel app.,Travel,10760200,Expense
2022-09-24,Processed economy.,Utilities,15613400,Expense
2022-09-24,Tools package store train.,Other,43588600,Income
2022-09-24,Deal reward entertainment account software management.,Travel,8211700,Expense
2022-09-24,Economy economy express transfer app household insurance.,Rent,7832500,Expense
2022-09-25,Standard premium software.,Utilities,9087300,Expense
2022-09-25,Hotel flight annual internet bill personal total.,Utilities,8029900,Expense
2022-09-25,Train gym parking mortgage support account.,Health & Fitness,15028600,Expense
2022-09-25,Salary premium budget monthly water savings.,Food & Drink,18886600,Expense
2022-09-25,Internet delivery.,Other,10626400,Income
2022-09-26,Gas contain interest industry sell.,Utilities,6332400,Expense
2022-09-26,Evidence conference capital office.,Rent,3742600,Expense
2022-09-26,Invoice store.,Food & Drink,10558600,Expense
2022-09-26,Market shop gym support.,Investment,32136800,Income
2022-09-26,Store health subscription priority.,Other,34104100,Income
2022-09-26,Digital maintenance debit hotel.,Other,43928800,Income
2022-09-27,Automatic internet direct hospital automatic.,Investment,30606400,Income
2022-09-27,Order deal reward express market net.,Food & Drink,13097100,Expense
2022-09-27,Support savings app hospital.,Utilities,12439400,Expense
2022-09-27,Business support hardware.,Travel,4079300,Expense
2022-09-27,Internet internet invoice.,Investment,19733300,Income
2022-09-27,Travel advance automatic premium.,Salary,15878100,Income
2022-09-27,Gym regular.,Rent,9803700,Expense
2022-09-27,Store freelance annual.,Investment,33240300,Income
2022-09-28,Household taxi.,Salary,16726100,Income
2022-09-28,Transfer personal booking budget bonus.,Travel,10312000,Expense
2022-09-28,Train transfer payment.,Other,16465600,Income
2022-09-28,Fee salary balance loan travel.,Food & Drink,14248500,Expense
2022-09-28,Premium entertainment credit.,Health & Fitness,8801200,Expense
2022-09-28,Result sound.,Shopping,8423000,Expense
2022-09-28,Net travel purchase client shop shop.,Utilities,2639000,Expense
2022-09-29,Digital savings invoice tax loan.,Salary,15976800,Income
2022-09-29,Computer matter.,Investment,18660000,Income
2022-09-29,Task cultural son school.,Other,39650000,Income
2022-09-29,Hospital fee client.,Health & Fitness,7221200,Expense
2022-09-29,Renewal tax.,Entertainment,15351600,Expense
2022-09-29,Daily charge advance balance.,Other,29875500,Income
2022-09-30,Result size feel no nothing.,Utilities,3823300,Expense
2022-09-30,Direct phone vendor purchase interest electricity fuel.,Investment,21062000,Income
2022-09-30,Shop vendor charge premium software payment.,Health & Fitness,6376800,Expense
2022-09-30,Grocery deposit.,Investment,22934200,Income
2022-09-30,Bill subscription material platform.,Rent,6601800,Expense
2022-09-30,Network processed hospital.,Health & Fitness,16146800,Expense
2022-10-01,Water support economy shop payment.,Other,14776300,Income
2022-10-01,Annual pending balance financial health support weekly.,Travel,13526700,Expense
2022-10-01,Invoice hotel regular equipment online bonus.,Shopping,13714300,Expense
2022-10-01,Real art.,Food & Drink,17323900,Expense
2022-10-01,Bonus deposit fuel.,Salary,11773500,Income
2022-10-01,Economy market transfer.,Salary,9697700,Income
2022-10-02,Fee equipment equipment.,Salary,8940300,Income
2022-10-02,Loan invoice interest delivery network.,Health & Fitness,12317500,Expense
2022-10-02,Stuff benefit seat employee.,Salary,2817000,Income
2022-10-02,Parking store investment priority.,Rent,17860000,Expense
2022-10-02,Freelance business internet reward bill gross household.,Utilities,5937900,Expense
2022-10-03,Management digital phone daily automatic booking fee.,Rent,10488600,Expense
2022-10-03,Contract processed gross investment regular.,Travel,13994300,Expense
2022-10-03,Mortgage financial invoice special salary.,Salary,10136200,Income
2022-10-03,Newspaper special general in go.,Salary,8241800,Income
2022-10-03,Internet package credit.,Utilities,10223500,Expense
2022-10-03,Bus internet interest.,Rent,3971300,Expense
2022-10-04,Premium electricity.,Shopping,13269200,Expense
2022-10-04,Project support.,Rent,11234300,Expense
2022-10-04,Balance bus hotel network store grocery entertainment.,Salary,8809900,Income
2022-10-04,Office power company sister great.,Salary,9825100,Income
2022-10-04,Net pending bus contract total flight tax.,Other,27670400,Income
2022-10-04,Tax renewal digital plan flight bonus.,Health & Fitness,4899400,Expense
2022-10-04,Simple land bad party.,Investment,23060000,Income
2022-10-05,Advance savings order utility insurance.,Travel,11963400,Expense
2022-10-05,Support booking deal flight order.,Salary,7717900,Income
2022-10-05,What than political up instead.,Travel,4574400,Expense
2022-10-05,Deposit hardware.,Food & Drink,11537500,Expense
2022-10-05,Standard tax adjustment loan restaurant.,Travel,5158500,Expense
2022-10-05,Savings entertainment purchase health hospital order bus.,Other,34293400,Income
2022-10-05,Material regular freelance annual purchase.,Travel,9634000,Expense
2022-10-05,Credit flight package.,Entertainment,5865600,Expense
2022-10-05,Insurance bonus app shop.,Other,23124200,Income
2022-10-05,Balance store bus entertainment package balance hardware.,Utilities,11447400,Expense
2022-10-06,Market subscription.,Other,17510200,Income
2022-10-06,Platform client pending restaurant.,Health & Fitness,3360100,Expense
2022-10-06,Tools reward standard water clinic clinic.,Salary,14282400,Income
2022-10-06,System clinic maintenance delivery.,Other,32601900,Income
2022-10-06,Charge digital.,Health & Fitness,15080700,Expense
2022-10-06,Salary deposit credit.,Salary,18089400,Income
2022-10-06,Financial order purchase delivery app.,Entertainment,9720700,Expense
2022-10-06,Special insurance.,Shopping,4062500,Expense
2022-10-07,Reward balance business.,Travel,11746900,Expense
2022-10-07,Internet interest hotel payment total hotel.,Travel,3552200,Expense
2022-10-07,Bus network platform savings premium charge.,Food & Drink,7961500,Expense
2022-10-08,Balance subscription.,Shopping,19013400,Expense
2022-10-08,Platform online budget bonus.,Travel,17104600,Expense
2022-10-08,Charge client pharmacy gross express shop.,Rent,9554100,Expense
2022-10-08,Mortgage freelance budget loan.,Investment,28712000,Income
2022-10-08,Standard freelance tax restaurant.,Health & Fitness,10014800,Expense
2022-10-08,Support author class direction.,Salary,11356400,Income
2022-10-08,Food entertainment bill project online.,Health & Fitness,6050000,Expense
2022-10-08,Debit balance material adjustment interest bonus fee.,Entertainment,7707900,Expense
2022-10-10,Credit management train credit insurance balance loan.,Rent,3376900,Expense
2022-10-10,Gross food material.,Salary,13756500,Income
2022-10-10,Weekly loan hardware household.,Rent,5090500,Expense
2022-10-10,Fee market fee software.,Utilities,9672600,Expense
2022-10-10,Water entertainment deposit account bill renewal account.,Salary,12795100,Income
2022-10-10,Entertainment health.,Travel,8127400,Expense
2022-10-10,Order platform pending clinic management vendor household.,Entertainment,19614000,Expense
2022-10-10,Deal freelance health insurance flight.,Utilities,12256000,Expense
2022-10-10,Charge pending flight automatic package app.,Health & Fitness,9103700,Expense
2022-10-10,Report painting house.,Salary,11039600,Income
2022-10-11,Gym credit order contract annual.,Rent,4992200,Expense
2022-10-11,Special express plan investment shop.,Rent,11562600,Expense
2022-10-11,Management deal.,Health & Fitness,10022300,Expense
2022-10-11,Package system bus interest material.,Travel,8845100,Expense
2022-10-11,Tax project market premium mortgage booking.,Food & Drink,7942200,Expense
2022-10-12,Charge hospital daily economy.,Salary,11038800,Income
2022-10-12,Salary adjustment hardware household.,Shopping,10860600,Expense
2022-10-12,Annual express system.,Shopping,8642300,Expense
2022-10-12,Digital contract savings priority bill.,Salary,7422900,Income
2022-10-12,Road product wait.,Health & Fitness,10886700,Expense
2022-10-12,Security minute late cold.,Investment,26940000,Income
2022-10-12,Project salary.,Entertainment,17520400,Expense
2022-10-12,Annual business tax debit.,Utilities,8226800,Expense
2022-10-12,Deposit system.,Shopping,10240100,Expense
2022-10-12,Economy annual payment food.,Rent,16402200,Expense
2022-10-13,Net clinic.,Salary,8500600,Income
2022-10-13,Daily management platform maintenance app app debit.,Health & Fitness,8384000,Expense
2022-10-13,Household insurance personal.,Health & Fitness,13609800,Expense
2022-10-13,Shop weekly hotel.,Other,29963000,Income
2022-10-13,Cold billion as.,Salary,10972400,Income
2022-10-13,Online contract.,Food & Drink,11218500,Expense
2022-10-13,Internet platform bill tax grocery.,Rent,6732100,Expense
2022-10-14,Water automatic.,Rent,8708500,Expense
2022-10-14,Train pending standard.,Investment,30626500,Income
2022-10-14,Travel hotel.,Utilities,3589600,Expense
2022-10-14,Direct taxi mall bill tools premium.,Food & Drink,14924200,Expense
2022-10-14,Mall transfer gross total train savings.,Food & Drink,17866400,Expense
2022-10-15,Order gym.,Investment,25711800,Income
2022-10-15,Electricity network market gym.,Other,8046500,Income
2022-10-15,Invoice food investment pending weekly.,Travel,6115900,Expense
2022-10-15,Restaurant discount household gym.,Health & Fitness,10725400,Expense
2022-10-15,Hospital account internet transfer business project special.,Shopping,17638300,Expense
2022-10-16,Market credit premium.,Investment,32267700,Income
2022-10-16,Management gym hardware bonus adjustment.,Travel,19432600,Expense
2022-10-16,Monthly financial mall reward.,Utilities,13227500,Expense
2022-10-16,Utility charge hotel investment.,Investment,24777500,Income
2022-10-16,Total advance bonus.,Other,18270900,Income
2022-10-16,Discount freelance.,Investment,20645000,Income
2022-10-16,Subscription household bonus management.,Food & Drink,10053100,Expense
2022-10-17,Tools hotel purchase processed.,Health & Fitness,13472100,Expense
2022-10-17,Booking premium contract economy debit express.,Food & Drink,14523900,Expense
2022-10-17,Processed maintenance flight water electricity parking credit.,Investment,5768100,Income
2022-10-17,Monthly economy priority hotel weekly.,Other,18591900,Income
2022-10-18,Client restaurant restaurant loan.,Travel,16961000,Expense
2022-10-18,Tax charge vendor business special food freelance.,Shopping,7812300,Expense
2022-10-18,Utility hospital.,Other,26837500,Income
2022-10-18,Tax flight.,Entertainment,9898600,Expense
2022-10-18,Subscription total financial standard phone vendor system.,Travel,9192900,Expense
2022-10-18,Charge salary purchase.,Rent,18726700,Expense
2022-10-19,Fee shop mortgage investment.,Entertainment,8571600,Expense
2022-10-19,Management food deal.,Travel,6826800,Expense
2022-10-19,Package discount interest material restaurant internet delivery.,Utilities,9072300,Expense
2022-10-19,Approach side model you billion.,Rent,14746200,Expense
2022-10-19,Pressure those.,Entertainment,6024400,Expense
2022-10-19,Mall advance management.,Health & Fitness,5004600,Expense
2022-10-19,App network special health total platform.,Investment,21474700,Income
2022-10-19,Bus entertainment water management restaurant.,Food & Drink,7846700,Expense
2022-10-19,Mortgage premium vendor.,Rent,10706800,Expense
2022-10-20,Tax premium taxi platform bus discount platform.,Shopping,5981500,Expense
2022-10-20,Special personal.,Salary,13052200,Income
2022-10-20,Hardware subscription regular digital loan maintenance fuel.,Investment,5841300,Income
2022-10-20,Travel reward flight network hotel priority loan.,Entertainment,12094800,Expense
2022-10-20,Easy exist phone.,Salary,5330000,Income
2022-10-20,Net management.,Food & Drink,11540300,Expense
2022-10-21,Entertainment advance hospital fee gym.,Shopping,10814000,Expense
2022-10-21,Loan deal reward pharmacy.,Utilities,3614400,Expense
2022-10-21,Stuff agreement professional team foot.,Rent,8837500,Expense
2022-10-21,Discount internet network train.,Health & Fitness,8024300,Expense
2022-10-22,Bus bill freelance payment freelance fee net.,Other,42157100,Income
2022-10-22,Travel credit.,Rent,14584200,Expense
2022-10-22,Monthly digital special project deposit.,Food & Drink,9055300,Expense
2022-10-22,Window music evening know.,Entertainment,4276600,Expense
2022-10-22,Bonus purchase package total tax automatic.,Health & Fitness,11485600,Expense
2022-10-22,Priority bill app.,Salary,5450700,Income
2022-10-23,Opportunity lead see.,Health & Fitness,17234900,Expense
2022-10-23,Economy interest fuel phone fuel transfer.,Entertainment,16292100,Expense
2022-10-23,Credit adjustment equipment app.,Investment,26024600,Income
2022-10-23,Mortgage hospital package app.,Food & Drink,11716300,Expense
2022-10-23,Vendor phone.,Rent,14558200,Expense
2022-10-23,Transfer delivery service deal management invoice.,Investment,23501100,Income
2022-10-23,Digital bonus management.,Investment,37357100,Income
2022-10-23,Subscription bonus bus plan deposit weekly.,Health & Fitness,5204500,Expense
2022-10-23,Monthly bus online digital daily.,Food & Drink,1589700,Expense
2022-10-23,Subscription payment debit personal.,Utilities,1283900,Expense
2022-10-24,Tax store mortgage direct taxi adjustment.,Travel,11583000,Expense
2022-10-24,Household monthly subscription food restaurant shop.,Rent,11231200,Expense
2022-10-24,Hotel salary pharmacy net.,Utilities,6258000,Expense
2022-10-24,Plan budget tools fee credit digital.,Travel,13809100,Expense
2022-10-24,Train mortgage processed loan internet.,Health & Fitness,6249800,Expense
2022-10-25,Network mortgage.,Investment,6696500,Income
2022-10-25,Deal standard budget.,Utilities,12216300,Expense
2022-10-25,Regular app fee personal.,Investment,43579200,Income
2022-10-25,Equipment phone.,Entertainment,12868400,Expense
2022-10-25,Clinic annual interest premium.,Other,36690800,Income
2022-10-25,Model police finally girl.,Shopping,3403000,Expense
2022-10-25,Account maintenance.,Entertainment,12807100,Expense
2022-10-25,Water store taxi charge.,Travel,3294400,Expense
2022-10-25,Equipment daily grocery fuel.,Utilities,17349700,Expense
2022-10-26,Package budget utility express material water household.,Travel,1068300,Expense
2022-10-26,Fuel business.,Other,23281600,Income
2022-10-26,Utility standard.,Other,14339200,Income
2022-10-26,Entertainment special order.,Investment,26892600,Income
2022-10-26,Fee bus vendor.,Utilities,17765800,Expense
2022-10-26,Total premium.,Health & Fitness,6289500,Expense
2022-10-27,Material grocery market hospital standard.,Rent,13903400,Expense
2022-10-27,Household express travel water phone total.,Investment,20431000,Income
2022-10-27,Regular tools bonus special deal.,Travel,16091600,Expense
2022-10-27,Annual direct tax processed shop annual subscription.,Food & Drink,10519600,Expense
2022-10-27,Weekly parking taxi balance grocery automatic.,Rent,5191000,Expense
2022-10-27,Payment food network.,Entertainment,12081300,Expense
2022-10-27,Bonus purchase.,Rent,16134400,Expense
2022-10-28,Source kind hand.,Investment,21950000,Income
2022-10-28,Purchase business balance bill water hardware food.,Entertainment,6143000,Expense
2022-10-28,Household phone online fuel app restaurant.,Travel,10694200,Expense
2022-10-28,Debit deposit personal.,Health & Fitness,9977400,Expense
2022-10-28,Package budget adjustment interest loan.,Utilities,12231600,Expense
2022-10-28,Weekly travel platform service.,Utilities,10964300,Expense
2022-10-28,Priority deal fee mortgage gym.,Travel,12921500,Expense
2022-10-28,Bill app entertainment tools direct interest financial.,Other,9308600,Income
2022-10-28,Priority fuel account.,Travel,5531600,Expense
2022-10-29,Store personal.,Investment,12826800,Income
2022-10-29,Loan software special tax market.,Health & Fitness,3439100,Expense
2022-10-29,Restaurant annual vendor vendor balance.,Food & Drink,2249800,Expense
2022-10-29,Flight debit order electricity store subscription priority.,Investment,6375300,Income
2022-10-29,Equipment water.,Rent,3400100,Expense
2022-10-30,Field a spring.,Health & Fitness,10692400,Expense
2022-10-30,Train delivery pending.,Entertainment,8452600,Expense
2022-10-30,Hotel invoice digital transfer.,Entertainment,13544900,Expense
2022-10-30,Adjustment business.,Investment,17044800,Income
2022-10-30,Processed deposit app regular.,Utilities,9536000,Expense
2022-10-30,Hardware market budget daily.,Health & Fitness,9842400,Expense
2022-10-31,Material vendor.,Rent,14980900,Expense
2022-10-31,Expert movement reach man.,Utilities,6540700,Expense
2022-10-31,Hospital food processed savings discount budget.,Salary,890400,Income
2022-10-31,Loan financial tax store.,Entertainment,9647500,Expense
2022-10-31,Premium debit.,Rent,5460600,Expense
2022-10-31,Material special.,Travel,16369200,Expense
2022-10-31,Express bonus clinic fuel phone.,Food & Drink,2747400,Expense
2022-10-31,Direct equipment.,Investment,11315200,Income
2022-10-31,Discount network clinic management special.,Food & Drink,9145400,Expense
2022-10-31,Platform payment.,Food & Drink,10971600,Expense
2022-10-31,Delivery advance pending financial.,Travel,6565300,Expense
2022-11-01,Daily taxi bus mall.,Food & Drink,10967700,Expense
2022-11-01,Hospital shop system store water.,Rent,11158300,Expense
2022-11-01,Monthly priority express business.,Food & Drink,6279700,Expense
2022-11-01,Software mortgage health.,Travel,9620600,Expense
2022-11-02,Economy economy business.,Investment,8027500,Income
2022-11-02,Digital gross network.,Health & Fitness,10924600,Expense
2022-11-02,Freelance phone.,Travel,9200000,Expense
2022-11-02,Food adjustment market personal personal.,Utilities,9991100,Expense
2022-11-02,Gross clinic utility insurance electricity train.,Shopping,341400,Expense
2022-11-02,Standard management restaurant.,Travel,15077000,Expense
2022-11-02,Tax debit.,Entertainment,3364500,Expense
2022-11-02,Platform account contract annual shop bill order.,Food & Drink,11292200,Expense
2022-11-03,Platform hardware.,Travel,9911900,Expense
2022-11-03,Processed train food tools loan app total.,Food & Drink,17431000,Expense
2022-11-03,Software renewal express renewal water market.,Other,36966400,Income
2022-11-03,Economy contract investment.,Investment,27596800,Income
2022-11-03,Client transfer software fee hardware.,Travel,12934600,Expense
2022-11-03,Weekly gym deal invoice equipment subscription.,Investment,24077700,Income
2022-11-03,Premium pending booking regular reward.,Rent,13112200,Expense
2022-11-03,Across involve fall.,Travel,11497400,Expense
2022-11-04,Payment personal pending discount electricity standard.,Shopping,8069500,Expense
2022-11-04,Deposit economy material software project tax credit.,Entertainment,10067600,Expense
2022-11-04,Mortgage insurance.,Shopping,5109100,Expense
2022-11-04,Bonus flight discount.,Utilities,12328100,Expense
2022-11-04,Nature country.,Rent,2798200,Expense
2022-11-05,Loan express.,Investment,26111900,Income
2022-11-05,Restaurant parking bonus business freelance.,Entertainment,9653200,Expense
2022-11-05,Electricity balance personal market software software platform.,Other,41275600,Income
2022-11-05,Automatic management balance daily.,Entertainment,5395200,Expense
2022-11-05,Store equipment material pending processed discount bonus.,Health & Fitness,8516000,Expense
2022-11-05,Hardware restaurant household market delivery project.,Utilities,10416100,Expense
2022-11-05,Savings adjustment reward maintenance freelance support.,Utilities,8535000,Expense
2022-11-05,House clear say hope.,Shopping,18383500,Expense
2022-11-05,Fuel shop digital.,Other,29644600,Income
2022-11-05,Phone app.,Travel,11603800,Expense
2022-11-06,Client deal direct purchase.,Other,24361200,Income
2022-11-06,Salary automatic.,Salary,6975500,Income
2022-11-06,Savings balance internet order debit store health.,Investment,10720800,Income
2022-11-06,Charge debit.,Shopping,8007400,Expense
2022-11-06,Charge automatic order app.,Shopping,3328500,Expense
2022-11-07,Adjustment internet network network loan renewal payment.,Shopping,3327500,Expense
2022-11-07,Hotel delivery.,Rent,9841300,Expense
2022-11-07,Platform pending economy special investment standard tax.,Shopping,10191500,Expense
2022-11-07,Clinic booking fee fuel hotel water.,Utilities,960300,Expense
2022-11-07,Renewal online credit.,Entertainment,1859600,Expense
2022-11-07,Possible mother especially.,Investment,31380000,Income
2022-11-07,Purchase electricity phone.,Investment,33953100,Income
2022-11-07,Enjoy instead dream.,Utilities,14058400,Expense
2022-11-07,Material platform phone internet fuel.,Rent,5975600,Expense
2022-11-08,Business business entertainment.,Rent,14817400,Expense
2022-11-08,Processed fuel household package.,Salary,17288500,Income
2022-11-08,Hotel economy savings business deposit savings.,Investment,10522400,Income
2022-11-08,Personal charge.,Other,11510100,Income
2022-11-09,Processed invoice fuel special loan train tax.,Investment,8635300,Income
2022-11-09,Consumer face.,Shopping,9840200,Expense
2022-11-09,Platform express invoice market processed.,Other,25982800,Income
2022-11-09,Debit service.,Other,37724800,Income
2022-11-09,Balance train discount project shop.,Entertainment,11344200,Expense
2022-11-10,Regular taxi shop bonus gym account.,Food & Drink,6053600,Expense
2022-11-10,Platform economy.,Shopping,15084500,Expense
2022-11-10,Laugh red man fly charge.,Travel,12593500,Expense
2022-11-10,Savings flight.,Travel,12812900,Expense
2022-11-10,Discount deal project processed subscription management.,Entertainment,845300,Expense
2022-11-10,Internet account train market.,Shopping,9006800,Expense
2022-11-10,Business pharmacy project savings charge bonus.,Rent,7707200,Expense
2022-11-10,Booking transfer charge grocery special.,Investment,19705400,Income
2022-11-11,Express hotel water service software equipment hotel.,Other,14930400,Income
2022-11-11,Priority project order.,Travel,8161700,Expense
2022-11-11,Gym household.,Health & Fitness,7331200,Expense
2022-11-11,Advance store premium app bonus mall premium.,Travel,12058700,Expense
2022-11-11,Equipment hospital train gross net.,Shopping,1336600,Expense
2022-11-11,Entertainment bus total entertainment budget shop internet.,Entertainment,7150400,Expense
2022-11-12,Balance financial order.,Utilities,7240000,Expense
2022-11-12,Standard health freelance order contract project internet.,Utilities,1816500,Expense
2022-11-12,Interest special.,Other,12563200,Income
2022-11-12,Hotel flight advance salary transfer loan clinic.,Utilities,14362200,Expense
2022-11-12,Charge investment monthly invoice.,Shopping,2167300,Expense
2022-11-12,System personal.,Travel,1142600,Expense
2022-11-12,Bus support maintenance invoice maintenance.,Food & Drink,3805500,Expense
2022-11-12,Insurance service renewal express train charge.,Utilities,15498500,Expense
2022-11-13,Discount hospital hospital direct plan contract.,Entertainment,9968600,Expense
2022-11-13,Support advance.,Utilities,1236100,Expense
2022-11-13,Daily restaurant.,Food & Drink,9256800,Expense
2022-11-13,Bill interest hospital store management.,Shopping,10043800,Expense
2022-11-13,Client processed food platform.,Rent,15058300,Expense
2022-11-13,Freelance tax interest premium invoice advance.,Salary,16267800,Income
2022-11-13,Food reward system.,Utilities,937700,Expense
2022-11-13,Tools renewal digital.,Food & Drink,6624500,Expense
2022-11-13,Train electricity account express advance.,Rent,6885500,Expense
2022-11-13,Control bill.,Rent,12709200,Expense
2022-11-13,Payment system water.,Investment,39193500,Income
2022-11-13,Charge health daily.,Investment,30276400,Income
2022-11-14,Phone phone bonus phone bonus.,Rent,12105100,Expense
2022-11-14,Discount mall monthly transfer automatic investment.,Health & Fitness,6873400,Expense
2022-11-14,Resource road do.,Rent,8116700,Expense
2022-11-14,Management game.,Health & Fitness,9148400,Expense
2022-11-14,Transfer platform daily advance.,Other,32037600,Income
2022-11-14,Bonus monthly hotel electricity equipment payment.,Entertainment,15197100,Expense
2022-11-14,Mall app pending parking salary parking.,Entertainment,9985300,Expense
2022-11-14,Credit adjustment.,Salary,4467500,Income
2022-11-15,Equipment restaurant hardware adjustment.,Other,31776200,Income
2022-11-15,Savings hospital network phone special budget.,Shopping,9909600,Expense
2022-11-15,Household support bill.,Food & Drink,8901400,Expense
2022-11-15,Your less social form.,Food & Drink,17391300,Expense
2022-11-15,Priority management regular charge credit utility network.,Utilities,344500,Expense
2022-11-15,Order purchase net shop entertainment account package.,Investment,21735400,Income
2022-11-15,Hospital interest renewal mortgage priority delivery food.,Other,22124200,Income
2022-11-15,Grocery booking.,Travel,8153100,Expense
2022-11-16,Network savings credit market priority subscription fee.,Health & Fitness,7584300,Expense
2022-11-17,Entire hotel.,Rent,14645500,Expense
2022-11-17,Renewal digital electricity material discount pharmacy.,Other,31357200,Income
2022-11-17,Consider time economic high.,Health & Fitness,17017100,Expense
2022-11-17,Net system app hardware.,Rent,10243800,Expense
2022-11-17,Advance grocery.,Food & Drink,12855200,Expense
2022-11-17,Food order daily.,Utilities,13351800,Expense
2022-11-18,Management salary.,Shopping,9788200,Expense
2022-11-18,Taxi annual discount.,Travel,10898200,Expense
2022-11-18,Salary package hotel.,Rent,10369900,Expense
2022-11-18,Direct annual order.,Other,26151000,Income
2022-11-18,Market savings debit balance gym fee.,Investment,24566700,Income
2022-11-18,Window research his.,Shopping,4434800,Expense
2022-11-18,Weekly household total direct.,Travel,11212000,Expense
2022-11-19,Scene almost leave.,Entertainment,9944800,Expense
2022-11-19,Platform freelance.,Utilities,14417700,Expense
2022-11-20,Discount client processed.,Travel,8237900,Expense
2022-11-20,Invoice material subscription.,Investment,34511700,Income
2022-11-20,Taxi special food priority taxi.,Salary,10599000,Income
2022-11-20,Personal credit management.,Travel,10514600,Expense
2022-11-20,Adjustment credit bonus premium balance management software.,Travel,18781100,Expense
2022-11-20,Mall savings loan internet gross discount.,Rent,3228800,Expense
2022-11-20,Credit debit fuel tools.,Rent,13488300,Expense
2022-11-20,Grocery salary insurance vendor payment store.,Salary,6311600,Income
2022-11-20,Hardware freelance.,Shopping,12848700,Expense
2022-11-20,Equipment parking transfer pending renewal water.,Utilities,8868200,Expense
2022-11-21,Program decade home which view.,Travel,6821300,Expense
2022-11-21,Standard personal.,Entertainment,18501700,Expense
2022-11-21,Online fuel purchase purchase personal electricity hospital.,Investment,24000200,Income
2022-11-21,Equipment weekly.,Food & Drink,13426000,Expense
2022-11-21,Priority system pending deposit.,Food & Drink,6101500,Expense
2022-11-21,Discount tax equipment system grocery loan tools.,Salary,11415200,Income
2022-11-21,Direct business plan advance tax personal bill.,Health & Fitness,13036900,Expense
2022-11-21,Service client mortgage net plan material client.,Utilities,6890300,Expense
2022-11-22,Train invoice.,Other,37681700,Income
2022-11-22,Rock seat near business loss.,Salary,15787200,Income
2022-11-22,Subscription clinic software salary payment.,Rent,11796600,Expense
2022-11-23,Express hardware equipment contract.,Utilities,9681800,Expense
2022-11-23,Service food regular order system health.,Other,22646500,Income
2022-11-23,Delivery gross weekly.,Utilities,5962000,Expense
2022-11-23,Health insurance invoice balance.,Shopping,11286300,Expense
2022-11-23,Restaurant subscription credit payment personal discount deposit.,Other,29972200,Income
2022-11-23,Vendor flight fuel total budget loan business.,Shopping,14420900,Expense
2022-11-23,Hospital taxi water health.,Other,43480300,Income
2022-11-24,Management parking phone.,Shopping,4616500,Expense
2022-11-24,Market contract payment software management.,Other,11156300,Income
2022-11-24,Hardware material.,Health & Fitness,10699500,Expense
2022-11-24,Savings booking digital advance vendor.,Health & Fitness,16581000,Expense
2022-11-24,Tax vendor standard charge reward pharmacy.,Entertainment,16983400,Expense
2022-11-24,Client hardware flight clinic tools maintenance.,Health & Fitness,1713400,Expense
2022-11-25,Priority restaurant entertainment market.,Shopping,17099800,Expense
2022-11-25,Water online market client.,Utilities,1837800,Expense
2022-11-25,Fuel deposit.,Health & Fitness,5953200,Expense
2022-11-25,Payment discount reward grocery hotel automatic.,Rent,16018500,Expense
2022-11-26,Clinic plan budget transfer.,Salary,19281000,Income
2022-11-26,Plan foot cold.,Salary,424000,Income
2022-11-26,Growth appear project.,Food & Drink,1014300,Expense
2022-11-26,Household total fee invoice debit invoice discount.,Food & Drink,13721300,Expense
2022-11-26,Phone material account charge household savings.,Utilities,13113600,Expense
2022-11-26,Vendor fuel contract fuel.,Health & Fitness,12511900,Expense
2022-11-26,Hotel special train management direct financial credit.,Investment,20787200,Income
2022-11-27,Charge online utility adjustment economy.,Shopping,1412800,Expense
2022-11-27,Shop payment.,Food & Drink,13215600,Expense
2022-11-27,Deal bill monthly debit pending hospital grocery.,Other,36056400,Income
2022-11-27,Monthly software market weekly equipment.,Salary,13068300,Income
2022-11-28,Net advance interest train adjustment charge gross.,Travel,7354100,Expense
2022-11-28,Choice side eat matter rather.,Other,21570000,Income
2022-11-28,Adjustment purchase system.,Other,34075400,Income
2022-11-28,Build smile across among situation.,Utilities,8881600,Expense
2022-11-29,Bill taxi special client network train water.,Food & Drink,17370300,Expense
2022-11-29,Debit household credit package interest.,Entertainment,10996400,Expense
2022-11-29,Order material train entertainment deal discount budget.,Entertainment,5189700,Expense
2022-11-29,Management taxi project support.,Utilities,8108600,Expense
2022-11-29,Annual salary financial pharmacy software.,Other,26418800,Income
2022-11-29,Purchase platform parking fee financial health internet.,Investment,38962300,Income
2022-11-29,Deposit equipment maintenance.,Food & Drink,12581700,Expense
2022-11-30,Grocery gross.,Salary,8368600,Income
2022-11-30,Special network delivery business material adjustment reward.,Health & Fitness,8707500,Expense
2022-11-30,Mortgage electricity net total automatic regular household.,Entertainment,5601600,Expense
2022-11-30,Parking utility.,Health & Fitness,10062600,Expense
2022-11-30,Mall internet annual store hardware net service.,Food & Drink,11281100,Expense
2022-11-30,Economy project travel hotel.,Other,32565400,Income
2022-11-30,Discount tools travel.,Health & Fitness,12195000,Expense
2022-11-30,Grocery express.,Investment,40538800,Income
2022-12-01,Pending vendor household standard purchase water bonus.,Salary,8744000,Income
2022-12-01,Shop total electricity.,Travel,14346100,Expense
2022-12-01,Contract electricity tax management water store pharmacy.,Food & Drink,1314700,Expense
2022-12-01,Art green child movie blue.,Utilities,17654700,Expense
2022-12-01,Salary management market mortgage credit.,Health & Fitness,9374200,Expense
2022-12-01,Shop maintenance flight household.,Rent,17723200,Expense
2022-12-02,Bonus grocery shop household.,Food & Drink,4734700,Expense
2022-12-02,Payment online automatic bus.,Other,6477900,Income
2022-12-02,Personal equipment business fee deal.,Health & Fitness,11028500,Expense
2022-12-02,Mall direct delivery advance.,Rent,11918700,Expense
2022-12-02,Standard equipment bonus water pending fuel client.,Salary,13762300,Income
2022-12-02,Economy invoice.,Other,40174500,Income
2022-12-02,Economy platform gym deal management gym.,Shopping,8345900,Expense
2022-12-02,Subscription entertainment.,Other,14943700,Income
2022-12-02,Bill fuel fuel.,Health & Fitness,8349300,Expense
2022-12-02,Standard phone.,Other,18110500,Income
2022-12-02,Parking parking freelance purchase management special.,Investment,43898700,Income
2022-12-02,Balance internet.,Shopping,7635200,Expense
2022-12-02,Premium project health direct.,Investment,17519600,Income
2022-12-02,Regular hardware bonus fee.,Rent,6853700,Expense
2022-12-03,Budget weekly delivery package mortgage bus.,Salary,1438300,Income
2022-12-03,Premium premium adjustment salary hardware management.,Travel,9065900,Expense
2022-12-03,First next popular.,Travel,1957500,Expense
2022-12-03,Business direct equipment contract discount project.,Investment,12295400,Income
2022-12-03,Client discount bill invoice total client weekly.,Rent,12648800,Expense
2022-12-03,Online management bonus mortgage bonus.,Shopping,6681200,Expense
2022-12-04,Run again help right.,Rent,7499700,Expense
2022-12-04,Net delivery total credit express material.,Investment,32184600,Income
2022-12-04,Material phone payment.,Other,35990000,Income
2022-12-04,Tools standard gross net hospital deal.,Investment,39590800,Income
2022-12-04,Financial maintenance project.,Food & Drink,12777000,Expense
2022-12-04,Investment premium electricity fuel payment.,Health & Fitness,13128500,Expense
2022-12-05,Store service pharmacy electricity support household.,Food & Drink,9030900,Expense
2022-12-05,Taxi mall express plan processed.,Rent,6937100,Expense
2022-12-05,Pharmacy transfer loan standard business.,Salary,9887100,Income
2022-12-05,Recent couple cost girl run.,Entertainment,8641700,Expense
2022-12-05,Support automatic management business.,Entertainment,15328100,Expense
2022-12-05,Management support shop direct weekly pharmacy train.,Rent,14459900,Expense
2022-12-05,Loan electricity package mall subscription investment economy.,Health & Fitness,9072600,Expense
2022-12-05,Magazine join.,Utilities,1130600,Expense
2022-12-06,Deal personal.,Food & Drink,17310600,Expense
2022-12-06,Maintenance entertainment mortgage personal booking health.,Food & Drink,13588100,Expense
2022-12-06,Automatic salary transfer account system electricity.,Investment,16381700,Income
2022-12-07,Health premium grocery hotel material delivery platform.,Other,14799900,Income
2022-12-07,Trial never attention choice fast.,Investment,5080000,Income
2022-12-08,Business savings deal taxi.,Travel,8854200,Expense
2022-12-08,Online material.,Rent,10588200,Expense
2022-12-08,Package credit service phone shop business food.,Health & Fitness,17011600,Expense
2022-12-08,Store account.,Food & Drink,12475800,Expense
2022-12-08,Financial investment electricity deal.,Entertainment,8226600,Expense
2022-12-08,Parking gym credit food store.,Utilities,12162900,Expense
2022-12-09,Parking pharmacy.,Utilities,9607800,Expense
2022-12-09,Pharmacy interest bill material.,Other,24398800,Income
2022-12-09,Gym advance.,Utilities,13476100,Expense
2022-12-09,Delivery shop.,Entertainment,8629100,Expense
2022-12-09,Taxi food economy fuel balance.,Rent,12468700,Expense
2022-12-10,Utility fuel automatic savings clinic processed network.,Investment,46235600,Income
2022-12-10,Special package.,Shopping,19042100,Expense
2022-12-10,Service phone store advance direct.,Shopping,5707200,Expense
2022-12-10,Market package grocery renewal water clinic order.,Food & Drink,11994300,Expense
2022-12-10,Net health credit.,Utilities,15886400,Expense
2022-12-10,Package advance.,Other,20564600,Income
2022-12-11,App equipment monthly hospital maintenance.,Salary,15883400,Income
2022-12-12,Adjustment phone monthly premium adjustment.,Entertainment,6059600,Expense
2022-12-12,Happen a point here control.,Rent,2740700,Expense
2022-12-12,Online financial transfer.,Food & Drink,9945100,Expense
2022-12-12,Daily budget parking project.,Entertainment,9867200,Expense
2022-12-12,Tools contract credit.,Food & Drink,11827000,Expense
2022-12-12,Insurance priority.,Shopping,12164100,Expense
2022-12-12,Bonus store personal.,Shopping,12933700,Expense
2022-12-12,Salary water bonus salary entertainment fee mortgage.,Travel,1861800,Expense
2022-12-12,Electricity salary phone gym support.,Travel,17543400,Expense
2022-12-12,Project food mall tax tools.,Food & Drink,13217100,Expense
2022-12-12,Direct health bill net platform.,Salary,6011800,Income
2022-12-12,Client digital investment interest.,Food & Drink,2413000,Expense
2022-12-13,Investment total advance shop utility.,Health & Fitness,13134400,Expense
2022-12-13,Direct processed salary standard gym electricity travel.,Travel,12472600,Expense
2022-12-13,Savings hospital discount gym.,Travel,12294800,Expense
2022-12-13,Internet pharmacy special financial economy.,Investment,45262000,Income
2022-12-13,Savings online store.,Health & Fitness,9315700,Expense
2022-12-13,Management deal bill credit deposit special.,Travel,5730100,Expense
2022-12-13,Task simply draw return probably.,Salary,284800,Income
2022-12-13,Restaurant hotel credit debit reward digital.,Utilities,4705300,Expense
2022-12-13,Management purchase.,Utilities,15243400,Expense
2022-12-13,Purchase subscription food transfer store salary transfer.,Health & Fitness,5717100,Expense
2022-12-13,Transfer online restaurant.,Utilities,5549800,Expense
2022-12-14,Health automatic gym hospital.,Travel,8019100,Expense
2022-12-14,Grocery express.,Rent,13029000,Expense
2022-12-14,Priority direct weekly.,Travel,10344400,Expense
2022-12-14,Freelance weekly purchase transfer regular reward standard.,Shopping,5528200,Expense
2022-12-14,Special delivery business clinic daily.,Other,42160300,Income
2022-12-14,Account plan.,Food & Drink,18029800,Expense
2022-12-14,Service plan online adjustment software.,Utilities,7901200,Expense
2022-12-14,Clinic balance financial salary standard premium reward.,Salary,6952000,Income
2022-12-15,App deposit fuel deposit business account gross.,Other,11306600,Income
2022-12-15,Subscription flight personal parking insurance mortgage plan.,Travel,12734500,Expense
2022-12-15,Couple raise she child.,Rent,19764300,Expense
2022-12-15,Material household gross platform discount train interest.,Utilities,5091000,Expense
2022-12-16,Important focus benefit probably.,Utilities,9606200,Expense
2022-12-16,Restaurant flight vendor tax mall management hospital.,Health & Fitness,9712900,Expense
2022-12-16,Flight pending taxi service service.,Other,29930900,Income
2022-12-16,Vendor debit app bill subscription subscription.,Rent,9224400,Expense
2022-12-16,Phone bill salary grocery.,Salary,10585000,Income
2022-12-16,Service food.,Travel,17214800,Expense
2022-12-16,Insurance loan purchase market credit.,Food & Drink,11836200,Expense
2022-12-17,Budget hardware equipment credit annual.,Rent,8183800,Expense
2022-12-17,Bill hospital flight personal invoice booking project.,Food & Drink,17339900,Expense
2022-12-17,Booking transfer.,Utilities,11454900,Expense
2022-12-17,Store market total system budget mortgage premium.,Other,34003200,Income
2022-12-17,Premium restaurant entertainment.,Entertainment,7638000,Expense
2022-12-17,Renewal savings fee.,Other,17114200,Income
2022-12-18,Charge online food.,Entertainment,11865300,Expense
2022-12-18,Condition all blood.,Rent,14642200,Expense
2022-12-18,Mall travel.,Entertainment,6206600,Expense
2022-12-18,Standard personal premium client app.,Rent,16637500,Expense
2022-12-19,Mall internet business.,Travel,6336800,Expense
2022-12-19,Household hotel plan service direct regular.,Travel,10509900,Expense
2022-12-19,Adjustment credit network.,Entertainment,17990000,Expense
2022-12-19,Service standard automatic parking maintenance train.,Rent,10972000,Expense
2022-12-19,Plan special bonus delivery.,Entertainment,12898800,Expense
2022-12-19,Transfer balance order taxi balance electricity express.,Other,33313700,Income
2022-12-19,Platform app online vendor network.,Entertainment,10575200,Expense
2022-12-19,Fuel system train.,Travel,13238300,Expense
2022-12-19,Plan tax payment priority travel.,Travel,10840800,Expense
2022-12-19,Service clinic.,Rent,10313700,Expense
2022-12-20,Account network household.,Investment,9504100,Income
2022-12-20,Economy credit train plan household.,Entertainment,9294200,Expense
2022-12-20,Gross software automatic automatic support discount client.,Other,45888800,Income
2022-12-20,Automatic grocery hotel vendor.,Rent,2105200,Expense
2022-12-20,Financial economy.,Rent,2953100,Expense
2022-12-20,Pending travel pending.,Salary,13612000,Income
2022-12-21,Pending credit package client monthly balance regular.,Travel,14731200,Expense
2022-12-21,Client transfer budget software water.,Shopping,8262300,Expense
2022-12-21,Deposit direct charge.,Food & Drink,11226400,Expense
2022-12-21,Shop investment.,Travel,17581100,Expense
2022-12-21,Tax purchase service management clinic entertainment.,Investment,20935700,Income
2022-12-22,Food salary net.,Entertainment,9154400,Expense
2022-12-22,Internet online gym booking.,Utilities,14738900,Expense
2022-12-22,Weekly priority grocery savings platform debit.,Salary,3430000,Income
2022-12-22,Mall subscription order fee purchase plan utility.,Entertainment,5102000,Expense
2022-12-22,Adjustment credit hotel material mortgage gross.,Entertainment,8836200,Expense
2022-12-22,Account app.,Entertainment,16758900,Expense
2022-12-22,Maintenance invoice invoice.,Health & Fitness,15812700,Expense
2022-12-22,Net credit mortgage store utility fuel.,Health & Fitness,12349200,Expense
2022-12-22,All politics.,Other,35110000,Income
2022-12-23,Personal premium package bus mortgage management.,Travel,16555800,Expense
2022-12-23,Train material bonus maintenance.,Shopping,7468100,Expense
2022-12-23,Invoice debit plan client maintenance fee electricity.,Salary,9746900,Income
2022-12-23,Total entertainment.,Rent,4377500,Expense
2022-12-23,Loan subscription phone entertainment order processed.,Investment,21466500,Income
2022-12-23,Plan food special food water personal.,Other,30156600,Income
2022-12-24,Utility deposit service discount hardware.,Other,9772400,Income
2022-12-24,Bus phone invoice direct entertainment taxi pharmacy.,Other,41297200,Income
2022-12-25,Total salary.,Investment,23431200,Income
2022-12-25,Gym salary online interest taxi online.,Food & Drink,10592000,Expense
2022-12-25,Gym invoice health charge.,Food & Drink,1507300,Expense
2022-12-25,Business entertainment deposit.,Entertainment,14801200,Expense
2022-12-25,Equipment grocery tax pending.,Shopping,17713700,Expense
2022-12-25,Personal gym loan online tax electricity standard.,Entertainment,4613200,Expense
2022-12-25,Total pending online.,Salary,8444200,Income
2022-12-26,Vendor credit bonus flight account deal material.,Food & Drink,14752800,Expense
2022-12-27,Direct mortgage investment automatic regular delivery service.,Salary,13381200,Income
2022-12-27,Renewal interest budget equipment direct budget flight.,Rent,13288600,Expense
2022-12-27,Daily gym shop deposit software flight.,Utilities,14851500,Expense
2022-12-27,Gym flight shop salary net.,Entertainment,4742500,Expense
2022-12-27,Store fee mall deal budget vendor.,Other,11590600,Income
2022-12-27,Pharmacy system phone annual salary reward.,Salary,12247000,Income
2022-12-28,Savings shop financial water salary.,Salary,11558200,Income
2022-12-28,Service express electricity travel bus business.,Health & Fitness,6152300,Expense
2022-12-28,Flight order clinic.,Health & Fitness,17415800,Expense
2022-12-28,Moment red eight hand.,Utilities,7716100,Expense
2022-12-28,Adjustment pharmacy deposit renewal interest.,Salary,19371700,Income
2022-12-28,Advance payment internet gym hospital salary.,Investment,33691000,Income
2022-12-29,Loan health clinic client train.,Shopping,12597800,Expense
2022-12-29,Automatic premium.,Entertainment,7490000,Expense
2022-12-29,Bus health express deal investment annual freelance.,Shopping,12370400,Expense
2022-12-29,Net interest hospital purchase investment.,Food & Drink,9806400,Expense
2022-12-30,Us decade.,Utilities,12867400,Expense
2022-12-30,Advance insurance store balance shop salary.,Utilities,7881900,Expense
2022-12-30,Insurance system clinic shop support bill.,Other,20529400,Income
2022-12-30,Processed budget salary mortgage weekly.,Health & Fitness,8386200,Expense
2022-12-30,Salary savings.,Investment,12623000,Income
2022-12-30,Processed salary deal weekly.,Rent,5553100,Expense
2022-12-31,App transfer advance annual.,Utilities,9462200,Expense
2022-12-31,Renewal train annual online.,Investment,21453100,Income
2022-12-31,Taxi mortgage system.,Investment,21188900,Income
2022-12-31,Investment clinic daily.,Salary,312600,Income
2022-12-31,Charge pending.,Rent,16340200,Expense
2022-12-31,Internet vendor freelance invoice.,Travel,6501000,Expense
2022-12-31,Life police.,Rent,10657100,Expense
2022-12-31,Tax bus.,Food & Drink,15267700,Expense
2022-12-31,Annual financial mortgage invoice loan service express.,Other,13638800,Income
2022-12-31,Investment software.,Health & Fitness,10871300,Expense
2022-12-31,Utility internet economy hardware adjustment.,Health & Fitness,9420200,Expense
2023-01-01,Service platform personal total tax tools.,Health & Fitness,8934700,Expense
2023-01-01,Priority total bus plan project health contract.,Shopping,6584800,Expense
2023-01-01,Package fee payment.,Investment,39699800,Income
2023-01-01,Management entertainment invoice weekly food network net.,Food & Drink,7512400,Expense
2023-01-02,Insurance express.,Food & Drink,15374900,Expense
2023-01-02,Electricity utility mortgage restaurant.,Utilities,10895500,Expense
2023-01-02,Processed transfer tax.,Investment,33696800,Income
2023-01-02,Material hospital express flight.,Utilities,2631100,Expense
2023-01-03,Clinic savings digital bus.,Health & Fitness,7047500,Expense
2023-01-03,Hospital special platform.,Health & Fitness,7636600,Expense
2023-01-03,Sea three state some around.,Investment,41050000,Income
2023-01-03,Flight water.,Food & Drink,8589400,Expense
2023-01-03,Store pending balance insurance online personal.,Rent,3338100,Expense
2023-01-03,Premium processed equipment total.,Travel,9803700,Expense
2023-01-04,Entertainment equipment discount.,Shopping,8125900,Expense
2023-01-04,Processed investment charge account total.,Utilities,13311700,Expense
2023-01-04,American audience fight war whether.,Entertainment,12598800,Expense
2023-01-04,Package order personal salary hotel express.,Other,40585900,Income
2023-01-04,Rise mother.,Other,41240000,Income
2023-01-04,Booking vendor.,Entertainment,11465100,Expense
2023-01-04,Fuel health package charge.,Investment,14150600,Income
2023-01-04,Reward hotel.,Entertainment,10576900,Expense
2023-01-05,Invoice purchase insurance.,Rent,13360300,Expense
2023-01-05,Annual fee weekly discount.,Rent,14502900,Expense
2023-01-05,Maintenance clinic total app freelance delivery.,Entertainment,6703200,Expense
2023-01-05,Account hospital salary system standard credit tax.,Travel,10892500,Expense
2023-01-05,Internet adjustment freelance water credit restaurant.,Food & Drink,10426700,Expense
2023-01-05,Gym budget automatic.,Health & Fitness,4844500,Expense
2023-01-05,Special bonus.,Health & Fitness,5667500,Expense
2023-01-05,Credit market regular total.,Food & Drink,4035000,Expense
2023-01-05,Hospital discount renewal.,Utilities,9476700,Expense
2023-01-06,Moment eat personal.,Rent,17942200,Expense
2023-01-06,Service food purchase.,Investment,21462800,Income
2023-01-06,Service processed client personal contract delivery.,Investment,18877400,Income
2023-01-06,Hotel budget special food client renewal grocery.,Food & Drink,17531500,Expense
2023-01-07,Maintenance phone household freelance.,Health & Fitness,8938400,Expense
2023-01-07,Personal total interest balance plan order hotel.,Health & Fitness,11045000,Expense
2023-01-08,Travel train flight mall shop bonus.,Salary,19518700,Income
2023-01-08,Taxi net payment.,Salary,1447900,Income
2023-01-08,Travel monthly renewal.,Travel,9377100,Expense
2023-01-08,Clinic insurance water purchase hospital freelance.,Utilities,11847800,Expense
2023-01-08,Weekly health invoice advance.,Salary,3823200,Income
2023-01-08,Pending investment credit hardware insurance.,Entertainment,6971100,Expense
2023-01-09,Plan parking tools adjustment fee.,Entertainment,14889400,Expense
2023-01-09,Plan bus debit priority reward gross.,Other,34584100,Income
2023-01-09,Fuel contract debit charge special vendor.,Food & Drink,14140100,Expense
2023-01-09,See indeed black police group.,Investment,36450000,Income
2023-01-09,Advance package fee invoice reward standard flight.,Other,47036600,Income
2023-01-09,Express software monthly delivery grocery.,Health & Fitness,11200400,Expense
2023-01-09,System software.,Travel,15679500,Expense
2023-01-10,Bus vendor financial equipment market.,Utilities,13962400,Expense
2023-01-10,Platform bonus annual processed taxi weekly.,Investment,32408700,Income
2023-01-10,Financial subscription reward direct adjustment hospital invoice.,Shopping,8050300,Expense
2023-01-10,Third coach congress husband.,Shopping,6358600,Expense
2023-01-10,Phone hotel.,Utilities,10821100,Expense
2023-01-10,Health renewal.,Food & Drink,1075300,Expense
2023-01-10,Direct budget tools economy discount.,Other,7414100,Income
2023-01-10,Gross tax regular package.,Utilities,10491700,Expense
2023-01-10,Online hotel shop parking.,Shopping,17070400,Expense
2023-01-11,Entertainment purchase.,Travel,15360700,Expense
2023-01-11,Food weekly travel package insurance.,Health & Fitness,4844100,Expense
2023-01-11,Processed support.,Health & Fitness,8020800,Expense
2023-01-11,Move outside value.,Other,11900000,Income
2023-01-11,Entertainment mall priority.,Other,11000000,Income
2023-01-12,Priority restaurant.,Health & Fitness,5060700,Expense
2023-01-12,Booking credit processed mall taxi digital.,Other,21858400,Income
2023-01-12,Train internet reward net tax investment personal.,Salary,11577500,Income
2023-01-12,Financial market investment discount discount direct.,Health & Fitness,7580400,Expense
2023-01-12,Invoice train.,Health & Fitness,16007100,Expense
2023-01-12,Hospital hotel daily.,Food & Drink,13193200,Expense
2023-01-12,Savings financial.,Health & Fitness,16549900,Expense
2023-01-12,Digital insurance balance reward.,Travel,11692700,Expense
2023-01-12,Debit priority financial health health contract.,Rent,4061200,Expense
2023-01-13,Personal standard household.,Entertainment,5585500,Expense
2023-01-13,Budget store reward equipment daily online fee.,Health & Fitness,12512700,Expense
2023-01-13,Digital direct market electricity hotel transfer mall.,Utilities,9377200,Expense
2023-01-13,Yard foot he share issue.,Travel,15601500,Expense
2023-01-13,Maintenance contract gross fuel credit.,Entertainment,16225900,Expense
2023-01-13,Advance business balance.,Utilities,12566300,Expense
2023-01-13,Store restaurant deposit household mortgage.,Utilities,15808000,Expense
2023-01-14,Standard software clinic direct mortgage mortgage.,Travel,6292000,Expense
2023-01-14,Deal renewal digital restaurant monthly.,Travel,2089700,Expense
2023-01-14,Priority reward hospital.,Travel,14652800,Expense
2023-01-14,Charge booking reward credit household.,Salary,1560300,Income
2023-01-14,Tax budget package account entertainment.,Rent,9075200,Expense
2023-01-15,Mortgage project plan delivery material entertainment health.,Other,22154100,Income
2023-01-15,Service fee economy discount.,Health & Fitness,8761000,Expense
2023-01-15,Taxi fee credit discount support loan special.,Entertainment,13601400,Expense
2023-01-15,Salary fee gross budget investment service advance.,Utilities,3110700,Expense
2023-01-15,Drive nation heart nearly season.,Travel,4188400,Expense
2023-01-15,Platform charge financial pending fuel taxi interest.,Entertainment,19282900,Expense
2023-01-16,Hotel net.,Other,17234200,Income
2023-01-16,Language however risk work.,Entertainment,14982100,Expense
2023-01-16,Transfer pending electricity fee freelance investment tax.,Utilities,7331600,Expense
2023-01-16,Tax parking management health bus subscription.,Rent,2113400,Expense
2023-01-16,Debit shop market client fuel maintenance phone.,Health & Fitness,15694200,Expense
2023-01-17,Online processed freelance annual network.,Travel,7403900,Expense
2023-01-17,Maintenance annual mortgage interest order.,Rent,19761000,Expense
2023-01-17,Business train management.,Investment,31203800,Income
2023-01-17,Loan tax account service express.,Investment,44397600,Income
2023-01-17,Weekly project pharmacy.,Travel,18002600,Expense
2023-01-17,Tools weekly.,Travel,3726000,Expense
2023-01-17,Mortgage internet hospital household grocery.,Other,41771500,Income
2023-01-17,Service internet mortgage mall food debit.,Utilities,8965300,Expense
2023-01-17,Booking automatic freelance project.,Food & Drink,15249600,Expense
2023-01-17,Career three according worker democrat.,Food & Drink,15697700,Expense
2023-01-18,Advance freelance.,Investment,25671300,Income
2023-01-18,Sign wall.,Entertainment,9948300,Expense
2023-01-18,Automatic salary purchase transfer salary delivery financial.,Utilities,18101800,Expense
2023-01-18,Utility food network account.,Entertainment,18419400,Expense
2023-01-18,Account maintenance annual.,Entertainment,19447600,Expense
2023-01-19,Subscription interest charge premium processed priority.,Salary,13204400,Income
2023-01-19,Bonus loan plan bus payment entertainment.,Travel,9360300,Expense
2023-01-19,Society common stay ready.,Shopping,7371700,Expense
2023-01-19,Begin hundred truth.,Utilities,7798100,Expense
2023-01-19,Enter threat economic.,Food & Drink,19739000,Expense
2023-01-19,Memory number occur behind leave.,Other,10810000,Income
2023-01-19,Organization feel.,Salary,19093600,Income
2023-01-19,Deposit tools.,Other,39787300,Income
2023-01-19,Train discount service.,Utilities,16455100,Expense
2023-01-19,Economy phone purchase budget transfer clinic.,Other,27834200,Income
2023-01-19,Annual financial pharmacy taxi special.,Rent,18170100,Expense
2023-01-19,Account booking adjustment phone phone.,Entertainment,7146700,Expense
2023-01-19,Debit utility.,Investment,19397800,Income
2023-01-20,Personal personal special bus.,Travel,18269000,Expense
2023-01-20,Purchase fuel subscription.,Food & Drink,3643800,Expense
2023-01-20,Clinic payment priority household investment phone.,Investment,7409100,Income
2023-01-20,Shop transfer parking digital insurance grocery.,Investment,15201000,Income
2023-01-20,Net net travel train.,Salary,17310100,Income
2023-01-20,Bad argue side girl.,Food & Drink,11788500,Expense
2023-01-20,Online material monthly gross system mortgage.,Investment,45876800,Income
2023-01-21,Premium vendor personal service personal.,Salary,14050600,Income
2023-01-21,Online shop contract booking travel monthly hospital.,Investment,16022600,Income
2023-01-21,Credit deposit.,Salary,17088200,Income
2023-01-21,Mortgage platform.,Shopping,9021700,Expense
2023-01-21,Him fight american music change.,Shopping,10181600,Expense
2023-01-21,Advance pending.,Travel,7996800,Expense
2023-01-21,Direct reward annual.,Shopping,13129600,Expense
2023-01-21,Loan hotel market taxi.,Shopping,5631300,Expense
2023-01-21,Online annual booking express.,Health & Fitness,5233100,Expense
2023-01-21,Electricity mall bill travel mall purchase processed.,Travel,4210500,Expense
2023-01-21,Us building side section.,Investment,8260000,Income
2023-01-22,Budget delivery.,Investment,20705000,Income
2023-01-22,Electricity regular pending priority credit.,Travel,13946800,Expense
2023-01-22,Processed gross budget premium food daily.,Salary,6804200,Income
2023-01-22,Check purpose young.,Shopping,8529100,Expense
2023-01-22,Hospital budget bus.,Salary,2769800,Income
2023-01-22,Express salary store store gross utility.,Other,14978100,Income
2023-01-22,Loan digital tax processed internet.,Rent,6440200,Expense
2023-01-22,Economy project travel insurance.,Rent,11111400,Expense
2023-01-22,Gross personal regular daily.,Travel,7770000,Expense
2023-01-23,Energy huge its recently.,Other,37000000,Income
2023-01-23,Balance express regular business management health.,Rent,18541000,Expense
2023-01-23,Live seat.,Entertainment,19488800,Expense
2023-01-23,Deal reward invoice deposit network bonus.,Other,38079800,Income
2023-01-23,Freelance electricity net app.,Salary,2859800,Income
2023-01-23,Network insurance support.,Shopping,11277400,Expense
2023-01-23,Offer bed it skill challenge.,Utilities,5621600,Expense
2023-01-23,Management mortgage discount health.,Health & Fitness,2932700,Expense
2023-01-23,Equipment contract.,Entertainment,8023500,Expense
2023-01-24,Nice maintain present cultural.,Rent,6272400,Expense
2023-01-24,Pattern wrong kind certainly.,Utilities,2476900,Expense
2023-01-24,Couple general pretty show.,Food & Drink,6254900,Expense
2023-01-24,Drug entire involve.,Entertainment,1252300,Expense
2023-01-24,Both including.,Other,14500000,Income
2023-01-24,Investment platform support total payment business tax.,Other,24727900,Income
2023-01-24,Current health serious.,Food & Drink,3360300,Expense
2023-01-25,Discount subscription monthly debit restaurant software deposit.,Food & Drink,4307600,Expense
2023-01-25,Support regular.,Entertainment,9865800,Expense
2023-01-25,Science drug.,Travel,3422600,Expense
2023-01-26,Online loan invoice investment taxi network.,Rent,8629800,Expense
2023-01-26,Bill deal standard discount financial.,Shopping,5583500,Expense
2023-01-26,Add really born.,Other,14670000,Income
2023-01-26,Gym purchase.,Travel,16950100,Expense
2023-01-26,Hardware deal mall online.,Investment,6689100,Income
2023-01-26,System payment delivery special charge.,Health & Fitness,11360700,Expense
2023-01-27,Economy fuel bus system salary.,Rent,19347700,Expense
2023-01-27,Age decade mrs data.,Food & Drink,6766700,Expense
2023-01-27,Subscription direct taxi bus parking.,Health & Fitness,3130200,Expense
2023-01-27,Nature performance yeah.,Rent,5332700,Expense
2023-01-27,Transfer credit total service shop.,Other,5923500,Income
2023-01-27,Food fuel hospital vendor system entertainment.,Rent,6323100,Expense
2023-01-28,Phone train system purchase.,Utilities,10907400,Expense
2023-01-28,Contract maintenance annual.,Entertainment,9330800,Expense
2023-01-28,On professional analysis color.,Rent,9973300,Expense
2023-01-28,Hotel financial special.,Utilities,7901000,Expense
2023-01-28,Travel deal package advance parking credit.,Health & Fitness,18361600,Expense
2023-01-28,Hardware net store invoice utility.,Investment,11670800,Income
2023-01-28,Advance grocery processed daily.,Health & Fitness,18368100,Expense
2023-01-29,Gym account deposit support.,Entertainment,16429500,Expense
2023-01-29,Smile peace apply.,Food & Drink,10042200,Expense
2023-01-29,Software vendor freelance bus premium plan.,Health & Fitness,16890100,Expense
2023-01-29,Home even.,Health & Fitness,3230500,Expense
2023-01-29,Freelance processed account electricity economy deposit.,Rent,9453200,Expense
2023-01-29,Order deal pending debit pharmacy.,Health & Fitness,3645300,Expense
2023-01-29,Adjustment health pharmacy support bonus mall.,Health & Fitness,1966100,Expense
2023-01-29,Plan pharmacy tools.,Utilities,16905600,Expense
2023-01-30,Renewal water account restaurant charge system.,Entertainment,16534700,Expense
2023-01-30,Affect test.,Rent,4645200,Expense
2023-01-30,Software grocery market household internet interest.,Investment,8466600,Income
2023-01-30,Health package insurance travel subscription.,Travel,6213000,Expense
2023-01-31,Order delivery economy.,Food & Drink,4492300,Expense
2023-01-31,System clinic maintenance budget.,Investment,30335200,Income
2023-01-31,Woman meet report.,Food & Drink,17187900,Expense
2023-01-31,Deal maintenance equipment service daily net software.,Shopping,9889400,Expense
2023-01-31,Term mother cost may.,Investment,43640000,Income
2023-01-31,Food shop store adjustment.,Shopping,6476000,Expense
2023-01-31,Booking market tools premium.,Food & Drink,4278700,Expense
2023-02-01,Unit again easy morning four.,Utilities,3661300,Expense
2023-02-01,Maintenance hardware invoice total service order.,Health & Fitness,10717500,Expense
2023-02-01,Monthly platform.,Salary,15743600,Income
2023-02-02,Loan business utility financial pending fee.,Investment,22100500,Income
2023-02-02,Adult range green.,Food & Drink,11102000,Expense
2023-02-02,Food project discount food hardware.,Shopping,2912900,Expense
2023-02-02,Maintenance reward project restaurant loan.,Food & Drink,11425600,Expense
2023-02-02,Health train daily.,Salary,3157200,Income
2023-02-03,Utility advance household interest.,Health & Fitness,6920600,Expense
2023-02-03,Adjustment net.,Rent,14246200,Expense
2023-02-03,Flight deal mortgage investment package health taxi.,Investment,47119500,Income
2023-02-03,Network transfer.,Shopping,4660000,Expense
2023-02-03,You without every.,Shopping,4567900,Expense
2023-02-03,Account debit credit business.,Health & Fitness,11289300,Expense
2023-02-03,Utility train financial flight food gym equipment.,Investment,25747200,Income
2023-02-03,Contract management store economy.,Entertainment,7052700,Expense
2023-02-04,Support service insurance delivery mall loan freelance.,Investment,30342500,Income
2023-02-04,Daily shop account network network processed net.,Salary,13334700,Income
2023-02-04,Health contract.,Food & Drink,14611400,Expense
2023-02-04,Priority discount.,Salary,12149000,Income
2023-02-05,Charge direct support train train.,Entertainment,7975500,Expense
2023-02-05,Utility financial payment annual health tax purchase.,Health & Fitness,7119800,Expense
2023-02-05,Total grocery salary purchase financial app.,Health & Fitness,19852900,Expense
2023-02-05,Platform delivery vendor taxi savings train account.,Rent,3848000,Expense
2023-02-06,Household payment salary automatic travel restaurant.,Health & Fitness,10727700,Expense
2023-02-06,Election hit yourself wrong want.,Health & Fitness,5498000,Expense
2023-02-06,Regular payment entertainment express mortgage phone economy.,Health & Fitness,3667300,Expense
2023-02-06,Renewal software economy.,Utilities,14322200,Expense
2023-02-06,Economy advance regular.,Salary,1865100,Income
2023-02-06,Freelance management hotel economy debit regular net.,Food & Drink,2411500,Expense
2023-02-06,Invoice flight personal monthly priority direct fee.,Other,36938400,Income
2023-02-07,Transfer invoice daily subscription advance flight.,Utilities,15691400,Expense
2023-02-07,Client direct mall parking water pharmacy.,Shopping,15294700,Expense
2023-02-07,Charge today prevent.,Other,14780000,Income
2023-02-07,Minute question their rather.,Food & Drink,3669000,Expense
2023-02-07,Market market priority support entertainment management.,Rent,15147400,Expense
2023-02-07,Travel client renewal.,Investment,33134100,Income
2023-02-08,Food plan phone hardware train debit net.,Investment,36003900,Income
2023-02-08,Bonus personal travel net booking.,Travel,14056900,Expense
2023-02-08,My deal catch must.,Other,28120000,Income
2023-02-08,Of interview fine.,Food & Drink,19086200,Expense
2023-02-08,Tools credit.,Other,23445100,Income
2023-02-08,Contract service weekly booking balance.,Salary,13161300,Income
2023-02-08,Delivery train express invoice app account.,Other,12228900,Income
2023-02-08,Financial water store.,Other,11175800,Income
2023-02-09,Vendor internet.,Shopping,7618900,Expense
2023-02-09,Adjustment adjustment package utility fee.,Health & Fitness,8059800,Expense
2023-02-09,Transfer platform salary household system.,Travel,17976800,Expense
2023-02-09,Freelance order fuel salary freelance entertainment.,Salary,12427700,Income
2023-02-09,Account deposit contract.,Travel,14934700,Expense
2023-02-09,Grocery taxi online health.,Other,26283700,Income
2023-02-09,Economy gross.,Utilities,904400,Expense
2023-02-09,Processed priority shop express regular budget.,Shopping,11057300,Expense
2023-02-09,Finally relate model.,Travel,6613300,Expense
2023-02-10,Transfer personal total shop app.,Other,19318500,Income
2023-02-10,Package charge network app.,Investment,15839600,Income
2023-02-10,Contract support insurance online fee.,Food & Drink,18423200,Expense
2023-02-10,Bus business mortgage business direct.,Travel,8095900,Expense
2023-02-10,Regular balance grocery maintenance tools.,Health & Fitness,9900600,Expense
2023-02-11,Interest advance clinic special express parking.,Salary,18720700,Income
2023-02-11,Entertainment discount economy fuel plan discount booking.,Investment,32143600,Income
2023-02-11,Regular salary gym.,Utilities,4827300,Expense
2023-02-11,Savings app.,Entertainment,18274300,Expense
2023-02-11,Reward support priority special deal.,Other,17369200,Income
2023-02-11,Parking fee.,Shopping,5312100,Expense
2023-02-12,Yet wish certain usually.,Food & Drink,7441500,Expense
2023-02-12,Priority bus fuel special hospital package.,Salary,12497000,Income
2023-02-12,Savings mall order household economy.,Other,18416600,Income
2023-02-12,Fuel internet store pharmacy priority payment.,Other,20725300,Income
2023-02-12,Economy restaurant shop.,Health & Fitness,11894500,Expense
2023-02-12,Phone annual gross bonus net fuel food.,Health & Fitness,16822500,Expense
2023-02-12,Flight deal booking credit bonus electricity invoice.,Shopping,9029200,Expense
2023-02-12,Fee mortgage.,Food & Drink,7053000,Expense
2023-02-13,Hospital market net.,Entertainment,11576600,Expense
2023-02-13,Insurance invoice online market.,Utilities,6391200,Expense
2023-02-13,Annual premium pharmacy subscription pending.,Investment,23769800,Income
2023-02-13,Attack mouth rest contain.,Travel,14817600,Expense
2023-02-14,Network order.,Food & Drink,14038200,Expense
2023-02-14,Payment digital pending.,Entertainment,6250300,Expense
2023-02-14,Online booking automatic system fee bill.,Entertainment,12219400,Expense
2023-02-14,Financial tax network.,Other,42658100,Income
2023-02-15,Service order market shop balance phone.,Health & Fitness,16618900,Expense
2023-02-15,Advance deposit store material weekly software.,Utilities,8250000,Expense
2023-02-15,She they.,Health & Fitness,11874600,Expense
2023-02-15,Charge online.,Shopping,8962600,Expense
2023-02-15,Transfer debit app.,Food & Drink,3043200,Expense
2023-02-15,Adjustment advance online platform package entertainment.,Other,35084000,Income
2023-02-15,Bus loan daily hospital annual credit bonus.,Shopping,7591700,Expense
2023-02-16,Insurance mall charge processed gym.,Entertainment,2889300,Expense
2023-02-16,Monthly express priority advance purchase contract.,Entertainment,1234600,Expense
2023-02-16,Investment bill economy flight economy processed.,Shopping,12682800,Expense
2023-02-16,Field seat start pm.,Entertainment,14676000,Expense
2023-02-16,Tax maintenance system monthly deposit.,Salary,6489700,Income
2023-02-16,Debit advance vendor premium.,Shopping,14516900,Expense
2023-02-16,Shop salary parking online household special management.,Food & Drink,10021400,Expense
2023-02-17,System travel mortgage service credit fuel.,Other,36921200,Income
2023-02-17,Total daily personal deposit online tax reward.,Shopping,9260500,Expense
2023-02-17,Bonus hospital delivery.,Salary,9955100,Income
2023-02-17,Freelance material direct project system maintenance train.,Other,6086800,Income
2023-02-17,Support pending direct.,Food & Drink,11403400,Expense
2023-02-17,Material plan.,Travel,4237400,Expense
2023-02-18,Single blood continue.,Entertainment,3096300,Expense
2023-02-18,Clinic plan.,Other,27091900,Income
2023-02-18,Interest express taxi health financial train.,Salary,19489200,Income
2023-02-18,Business bus shop.,Food & Drink,4983900,Expense
2023-02-18,Premium tools.,Food & Drink,14463200,Expense
2023-02-18,Savings flight.,Rent,2388200,Expense
2023-02-19,Project monthly hospital.,Entertainment,13267200,Expense
2023-02-19,Automatic booking tools service salary.,Utilities,8747500,Expense
2023-02-19,Hardware purchase tax fuel client booking credit.,Other,40518300,Income
2023-02-20,Food balance.,Salary,4989700,Income
2023-02-20,Online digital phone investment delivery advance bonus.,Health & Fitness,5750400,Expense
2023-02-20,Maybe painting republican.,Food & Drink,19024700,Expense
2023-02-20,Gym mall gym express.,Other,39415200,Income
2023-02-20,Note discuss discussion reach grow.,Food & Drink,4736700,Expense
2023-02-21,Booking purchase.,Entertainment,9318000,Expense
2023-02-21,Water economy network freelance bus.,Investment,49067800,Income
2023-02-21,Taxi automatic automatic.,Travel,4716400,Expense
2023-02-21,Bill total tax digital vendor adjustment.,Health & Fitness,17734500,Expense
2023-02-21,Utility booking.,Travel,17671500,Expense
2023-02-21,Gym hotel automatic special delivery.,Other,16086100,Income
2023-02-21,System interest train renewal.,Investment,29061900,Income
2023-02-22,Allow share address.,Investment,39390000,Income
2023-02-22,App delivery.,Shopping,6819500,Expense
2023-02-22,System man case.,Other,30190000,Income
2023-02-22,Train bill processed.,Entertainment,18992500,Expense
2023-02-22,Account software delivery salary.,Travel,12062800,Expense
2023-02-23,Daily shop gross food processed total booking.,Shopping,9331100,Expense
2023-02-23,Standard app utility salary salary renewal.,Rent,2425500,Expense
2023-02-23,Taxi travel.,Other,21467800,Income
2023-02-23,Taxi fuel debit travel train tax clinic.,Other,42846700,Income
2023-02-23,Order priority support maintenance deposit software.,Rent,12295700,Expense
2023-02-23,Economy contract account.,Salary,11952500,Income
2023-02-24,Bonus processed personal credit contract fuel vendor.,Entertainment,17797200,Expense
2023-02-24,Special special.,Health & Fitness,11934700,Expense
2023-02-24,Express adjustment salary.,Rent,12415800,Expense
2023-02-24,Mortgage investment fee shop savings.,Health & Fitness,13104200,Expense
2023-02-24,Development provide dark daughter.,Food & Drink,19453900,Expense
2023-02-25,Equipment special adjustment.,Other,10495700,Income
2023-02-25,Freelance software renewal.,Travel,13373400,Expense
2023-02-25,Freelance vendor.,Shopping,9412900,Expense
2023-02-25,Daily utility app hospital.,Investment,35590200,Income
2023-02-25,Gym monthly annual market tax.,Utilities,10413100,Expense
2023-02-26,Economy salary interest contract annual monthly.,Entertainment,11711500,Expense
2023-02-26,Weekly subscription budget reward deposit parking monthly.,Investment,17525700,Income
2023-02-26,Automatic express.,Entertainment,5692700,Expense
2023-02-26,Project delivery phone parking hospital fee project.,Entertainment,10843000,Expense
2023-02-26,Term majority foot leader.,Other,12620000,Income
2023-02-26,If among save herself.,Investment,47570000,Income
2023-02-26,Particularly score order modern.,Health & Fitness,9223300,Expense
2023-02-26,Vendor fuel monthly bus delivery budget.,Salary,3803500,Income
2023-02-26,Hotel mall.,Utilities,14607500,Expense
2023-02-26,Phone reward special hospital deal.,Health & Fitness,12124900,Expense
2023-02-27,Purchase fuel.,Other,29053600,Income
2023-02-27,Platform fee hardware.,Salary,10249400,Income
2023-02-27,Salary order water special deposit.,Investment,32946500,Income
2023-02-28,Automatic weekly.,Entertainment,14942600,Expense
2023-02-28,Regular adjustment.,Rent,10831800,Expense
2023-02-28,Hospital transfer.,Utilities,12446200,Expense
2023-02-28,Food purchase.,Health & Fitness,8066300,Expense
2023-02-28,Body lead there there early.,Rent,10158000,Expense
2023-02-28,Network interest project network online.,Utilities,6269300,Expense
2023-02-28,Market annual.,Entertainment,18840700,Expense
2023-02-28,Fee electricity monthly charge.,Entertainment,7167600,Expense
2023-02-28,Net equipment market hospital package purchase.,Utilities,6609100,Expense
2023-02-28,Economy management water debit.,Travel,14602900,Expense
2023-03-01,Equipment renewal equipment internet.,Rent,15071900,Expense
2023-03-01,Discount hospital.,Shopping,549700,Expense
2023-03-02,Tax maintenance.,Shopping,9378100,Expense
2023-03-03,Personal special standard direct clinic.,Rent,10003800,Expense
2023-03-03,Fact huge fight.,Shopping,13282600,Expense
2023-03-03,Interest special system interest automatic adjustment.,Salary,14589000,Income
2023-03-03,Network freelance payment project bonus plan business.,Shopping,8759700,Expense
2023-03-03,Personal bus special freelance bill.,Rent,7726100,Expense
2023-03-03,Tax standard network.,Health & Fitness,10917300,Expense
2023-03-03,Worker always hold share.,Shopping,1589100,Expense
2023-03-03,Fee adjustment fee.,Salary,15270800,Income
2023-03-04,Renewal balance mortgage mortgage total.,Salary,3301400,Income
2023-03-04,Debit package debit transfer software package budget.,Utilities,12473000,Expense
2023-03-04,Equipment maintenance fuel health weekly tools internet.,Entertainment,17108400,Expense
2023-03-04,Priority premium parking contract charge advance parking.,Entertainment,2716600,Expense
2023-03-04,Project payment plan business internet internet.,Travel,2492300,Expense
2023-03-04,Clinic balance payment debit phone special shop.,Food & Drink,4323600,Expense
2023-03-05,Net budget water net.,Investment,11596600,Income
2023-03-05,Food mortgage.,Salary,6958900,Income
2023-03-05,Coach family try ready.,Other,26380000,Income
2023-03-05,Stop later reveal both.,Shopping,14044400,Expense
2023-03-05,Adjustment debit annual software pending.,Salary,11407600,Income
2023-03-05,Career including late condition opportunity.,Health & Fitness,9109900,Expense
2023-03-06,Management entertainment bonus.,Health & Fitness,2191400,Expense
2023-03-06,Digital flight monthly delivery train bonus.,Travel,7247400,Expense
2023-03-06,Special network.,Salary,12635800,Income
2023-03-06,Flight standard.,Rent,14429700,Expense
2023-03-07,Deposit account charge.,Food & Drink,14138900,Expense
2023-03-07,Express reward shop financial express bonus water.,Entertainment,10930800,Expense
2023-03-07,Bed food possible represent.,Entertainment,2808600,Expense
2023-03-07,Hospital mall fee monthly.,Shopping,13639500,Expense
2023-03-08,Than condition republican.,Travel,9320600,Expense
2023-03-08,Maintenance interest software gym gym equipment payment.,Rent,15313200,Expense
2023-03-08,Before relationship plant.,Rent,3192700,Expense
2023-03-08,Analysis color friend the.,Health & Fitness,19296200,Expense
2023-03-08,Debit travel credit water flight order.,Utilities,11634300,Expense
2023-03-08,Insurance health mortgage package bill plan.,Shopping,8229900,Expense
2023-03-08,Religious risk window partner civil.,Other,30720000,Income
2023-03-08,Economy flight.,Shopping,17999100,Expense
2023-03-08,System utility restaurant water freelance.,Other,42346400,Income
2023-03-08,Tax shop bill order purchase daily discount.,Investment,31630700,Income
2023-03-09,Restaurant economy booking.,Food & Drink,6447300,Expense
2023-03-09,Bonus premium.,Utilities,618900,Expense
2023-03-09,Hospital bill monthly mall internet loan.,Rent,8741300,Expense
2023-03-09,Flight entertainment client.,Food & Drink,14434000,Expense
2023-03-10,Maintenance pharmacy investment project food.,Entertainment,12971800,Expense
2023-03-10,Together whether about.,Food & Drink,4378900,Expense
2023-03-10,Finally shoulder land.,Rent,3236500,Expense
2023-03-10,Health deal pharmacy regular.,Salary,8223400,Income
2023-03-10,Tax parking express.,Investment,14007600,Income
2023-03-10,Interest management store app renewal client phone.,Other,25809700,Income
2023-03-10,Credit contract account.,Health & Fitness,7954100,Expense
2023-03-10,Flight financial total bill.,Salary,11651200,Income
2023-03-10,Payment tax financial annual gym internet.,Other,30797200,Income
2023-03-11,Debit annual tools material maintenance.,Rent,8610200,Expense
2023-03-11,Fuel clinic system charge invoice.,Other,12890100,Income
2023-03-11,Food freelance renewal gross.,Rent,7170400,Expense
2023-03-11,Hotel weekly grocery store vendor financial.,Shopping,469900,Expense
2023-03-11,Renewal insurance.,Investment,27148500,Income
2023-03-11,Bus fuel balance hotel.,Entertainment,14568600,Expense
2023-03-11,Hospital interest charge pharmacy fuel service pharmacy.,Health & Fitness,6427100,Expense
2023-03-11,Equipment software economy.,Food & Drink,6955100,Expense
2023-03-12,Learn talk.,Utilities,1915100,Expense
2023-03-12,Platform balance monthly system annual.,Rent,8807300,Expense
2023-03-12,Phone bonus reward payment budget.,Shopping,12195100,Expense
2023-03-12,Credit investment annual deposit bonus.,Health & Fitness,9163500,Expense
2023-03-13,Hardware freelance.,Salary,16623700,Income
2023-03-13,Tax pending market.,Entertainment,7255100,Expense
2023-03-13,Part management.,Health & Fitness,7985300,Expense
2023-03-13,Process law kind over according.,Other,26310000,Income
2023-03-13,People newspaper stay.,Utilities,718500,Expense
2023-03-13,Tax market taxi equipment insurance deposit.,Other,41310400,Income
2023-03-13,Debit account tax management utility order account.,Travel,6237600,Expense
2023-03-13,Bonus direct insurance economy annual.,Other,41648300,Income
2023-03-13,Budget equipment automatic.,Utilities,13775300,Expense
2023-03-13,Digital software subscription bonus direct household express.,Salary,3561700,Income
2023-03-13,Tax regular pharmacy deal gym.,Investment,23464800,Income
2023-03-13,Bus household special health vendor restaurant booking.,Other,12050200,Income
2023-03-13,Transfer gross water transfer order balance.,Utilities,18719600,Expense
2023-03-14,Water bill platform client gym app.,Investment,21408900,Income
2023-03-14,Health daily account loan contract software.,Entertainment,6650500,Expense
2023-03-14,Package restaurant advance purchase.,Food & Drink,3158200,Expense
2023-03-14,Deal parking package online internet savings.,Salary,6943500,Income
2023-03-14,Fuel pending hospital mortgage total.,Salary,8804500,Income
2023-03-14,Hotel purchase store invoice shop network savings.,Rent,1157200,Expense
2023-03-14,Phone loan taxi.,Shopping,10143700,Expense
2023-03-14,Deposit adjustment credit contract interest financial premium.,Rent,10237000,Expense
2023-03-14,Internet gym.,Health & Fitness,11835900,Expense
2023-03-15,Transfer invoice reward hardware savings.,Utilities,17723200,Expense
2023-03-15,Business network shop renewal express monthly.,Rent,5024100,Expense
2023-03-15,Challenge president already.,Salary,11163500,Income
2023-03-15,Equipment mortgage food account booking.,Travel,17246100,Expense
2023-03-15,Adjustment support booking electricity transfer.,Investment,41283900,Income
2023-03-15,Adjustment software express tax.,Entertainment,10436500,Expense
2023-03-15,Tax parking hotel hotel food loan net.,Travel,4657300,Expense
2023-03-15,Deal debit.,Entertainment,12384900,Expense
2023-03-15,Study fear turn any indicate.,Rent,9294700,Expense
2023-03-16,Concern lay often use behavior.,Investment,15700000,Income
2023-03-16,Transfer salary internet account project regular fee.,Other,27289500,Income
2023-03-16,Restaurant purchase bus taxi.,Rent,8781300,Expense
2023-03-16,Entertainment bill invoice standard interest.,Salary,17085200,Income
2023-03-16,Service tools household support financial grocery.,Salary,3223700,Income
2023-03-16,Public particularly reality.,Utilities,2516900,Expense
2023-03-17,Grocery tools entertainment.,Entertainment,13602900,Expense
2023-03-17,Store daily total personal.,Salary,8894800,Income
2023-03-17,Electricity monthly hotel shop network gym.,Salary,7319900,Income
2023-03-17,Hardware utility weekly equipment annual.,Salary,18195800,Income
2023-03-17,Priority utility service.,Rent,11973400,Expense
2023-03-17,Water grocery mall health project.,Health & Fitness,9032400,Expense
2023-03-17,Express electricity financial entertainment renewal delivery.,Entertainment,4996400,Expense
2023-03-17,Project business support entertainment standard management tools.,Other,22372900,Income
2023-03-17,Advance net weekly platform food.,Travel,8555800,Expense
2023-03-17,Transfer household taxi credit support priority charge.,Health & Fitness,2898100,Expense
2023-03-17,Regular interest food train.,Utilities,9054600,Expense
2023-03-17,Investment app network.,Travel,14722300,Expense
2023-03-17,Water entertainment.,Travel,7040800,Expense
2023-03-18,Budget total salary gym budget.,Travel,8162500,Expense
2023-03-18,Fall care.,Rent,11688200,Expense
2023-03-18,Debit market premium bus plan insurance.,Travel,4978200,Expense
2023-03-18,Happy her attack interview.,Other,35490000,Income
2023-03-19,Flight equipment direct renewal travel hardware pharmacy.,Health & Fitness,2524800,Expense
2023-03-19,Hardware financial bonus taxi.,Investment,11538500,Income
2023-03-19,Service shop deposit electricity store.,Salary,4454300,Income
2023-03-20,Economy direct premium gym personal support internet.,Utilities,7480400,Expense
2023-03-20,Plan store tools gross discount.,Travel,13494700,Expense
2023-03-20,Tools service reward.,Utilities,7131300,Expense
2023-03-21,Online regular bus processed online invoice.,Other,24992000,Income
2023-03-21,Booking vendor bonus order taxi.,Other,30181000,Income
2023-03-21,Fuel parking hardware hardware.,Investment,8163700,Income
2023-03-21,Net online electricity household debit.,Utilities,6755400,Expense
2023-03-21,Salary online gym household.,Health & Fitness,7158000,Expense
2023-03-21,Digital material subscription electricity business insurance.,Health & Fitness,16487500,Expense
2023-03-21,Restaurant online.,Entertainment,13328900,Expense
2023-03-21,Deposit payment.,Entertainment,4942000,Expense
2023-03-21,Budget budget tools train daily.,Utilities,10268300,Expense
2023-03-21,Money modern receive partner.,Rent,533800,Expense
2023-03-21,Regular personal.,Other,10909900,Income
2023-03-21,Software standard phone transfer utility advance electricity.,Entertainment,829900,Expense
2023-03-21,Flight clinic adjustment.,Food & Drink,13773600,Expense
2023-03-21,Internet discount priority bill software daily platform.,Travel,7292500,Expense
2023-03-22,Transfer financial system.,Health & Fitness,14245900,Expense
2023-03-22,Role pick would low read.,Other,15550000,Income
2023-03-22,Food direct taxi management entertainment taxi package.,Rent,8573200,Expense
2023-03-22,Gross direct.,Entertainment,17544800,Expense
2023-03-23,Pass market role.,Other,9140000,Income
2023-03-23,Annual weekly special restaurant fuel plan weekly.,Entertainment,9384000,Expense
2023-03-23,Project network tools food deposit weekly.,Travel,13364200,Expense
2023-03-23,Participant first moment yet.,Other,15030000,Income
2023-03-23,Space this discussion fact.,Other,37350000,Income
2023-03-23,Train water loan plan package.,Food & Drink,13656100,Expense
2023-03-24,Gym total deal entertainment hotel digital.,Food & Drink,5874100,Expense
2023-03-24,Maintenance maintenance bill.,Investment,27527800,Income
2023-03-24,Hospital grocery charge booking travel bus renewal.,Travel,8636500,Expense
2023-03-24,Booking express.,Other,15830000,Income
2023-03-24,Credit hardware maintenance.,Entertainment,10906400,Expense
2023-03-24,Management charge gym subscription gross.,Utilities,11141800,Expense
2023-03-24,Support service service delivery client tax material.,Utilities,7735200,Expense
2023-03-24,Brother let.,Shopping,13695900,Expense
2023-03-25,Entertainment system taxi.,Other,15464700,Income
2023-03-25,Priority total plan insurance invoice.,Travel,8029500,Expense
2023-03-25,Advance tax hardware electricity.,Shopping,4103700,Expense
2023-03-26,Delivery hotel investment charge.,Shopping,1897700,Expense
2023-03-26,Tools advance hardware adjustment mall purchase.,Entertainment,9339500,Expense
2023-03-26,Subscription travel tax gym hardware flight.,Other,24344800,Income
2023-03-26,Personal online.,Investment,16492500,Income
2023-03-26,Market special health subscription insurance support food.,Other,16338900,Income
2023-03-26,Material credit savings.,Entertainment,13244500,Expense
2023-03-27,Loan electricity salary grocery travel deal.,Health & Fitness,6380500,Expense
2023-03-27,Son yourself increase.,Investment,20330000,Income
2023-03-27,Store regular digital project mortgage.,Shopping,3115500,Expense
2023-03-27,Plan total hotel insurance reward automatic special.,Utilities,2966100,Expense
2023-03-27,Deposit store network freelance mortgage service.,Rent,19243800,Expense
2023-03-28,Platform gym.,Shopping,12901900,Expense
2023-03-28,Gym bonus weekly fuel booking.,Shopping,14849400,Expense
2023-03-28,Taxi personal salary platform material subscription.,Utilities,11320900,Expense
2023-03-28,Pharmacy digital priority software restaurant.,Utilities,5240800,Expense
2023-03-29,Adjustment mall net monthly daily.,Entertainment,8125000,Expense
2023-03-29,Processed adjustment.,Shopping,14842200,Expense
2023-03-29,Invoice business total monthly service deal gym.,Health & Fitness,14679600,Expense
2023-03-29,Shop utility project order freelance.,Utilities,11603000,Expense
2023-03-29,Night point action cut.,Salary,17680100,Income
2023-03-29,Renewal direct financial bill hotel regular freelance.,Rent,6068800,Expense
2023-03-29,Booking weekly adjustment special.,Rent,5152300,Expense
2023-03-30,Order total management gross business grocery.,Entertainment,3244200,Expense
2023-03-30,Vendor express invoice invoice gym credit fuel.,Other,29905800,Income
2023-03-30,Clinic daily electricity.,Other,29603600,Income
2023-03-30,So film media.,Investment,29170000,Income
2023-03-31,Subscription restaurant water net express.,Investment,48560500,Income
2023-03-31,Utility fuel.,Health & Fitness,16494100,Expense
2023-03-31,Pattern ahead compare form full.,Utilities,8442800,Expense
2023-03-31,Box four.,Salary,1313500,Income
2023-03-31,Household gross app processed delivery.,Utilities,5394100,Expense
2023-03-31,Plan material.,Investment,30935400,Income
2023-04-01,Leg sport until argue.,Food & Drink,19789100,Expense
2023-04-01,Platform digital.,Salary,14749000,Income
2023-04-01,Booking package.,Salary,6862500,Income
2023-04-01,Plan automatic delivery economy fee account investment.,Utilities,13600600,Expense
2023-04-01,Something population loss physical.,Entertainment,12652000,Expense
2023-04-01,Daily transfer platform digital pharmacy hardware.,Utilities,7336700,Expense
2023-04-02,Material shop salary debit bus.,Other,6652100,Income
2023-04-02,Mortgage hospital insurance package vendor subscription.,Travel,11421100,Expense
2023-04-02,Economy food mall.,Other,33233900,Income
2023-04-02,Booking hospital mortgage.,Entertainment,16483700,Expense
2023-04-02,Clinic material.,Rent,5680800,Expense
2023-04-02,Taxi reward.,Travel,14084300,Expense
2023-04-02,Special savings processed.,Travel,6877600,Expense
2023-04-03,Project taxi clinic direct vendor phone grocery.,Shopping,14611500,Expense
2023-04-03,Clinic entertainment.,Salary,16944600,Income
2023-04-03,Weekly market regular.,Other,30255500,Income
2023-04-03,Balance subscription business adjustment grocery pharmacy standard.,Investment,39535100,Income
2023-04-03,Loan freelance priority.,Shopping,10891200,Expense
2023-04-04,Maintenance net parking special.,Travel,8018600,Expense
2023-04-04,North question new.,Health & Fitness,9645700,Expense
2023-04-04,Total hospital premium service internet hospital entertainment.,Utilities,7399400,Expense
2023-04-04,System gym processed transfer market train platform.,Other,27989100,Income
2023-04-05,System purchase standard package.,Health & Fitness,8520900,Expense
2023-04-05,Equipment booking.,Rent,10218200,Expense
2023-04-05,Utility internet annual monthly.,Salary,7988600,Income
2023-04-05,Project debit gross personal maintenance.,Travel,4145400,Expense
2023-04-05,Fuel loan priority interest mall.,Food & Drink,12427200,Expense
2023-04-06,Investment booking financial priority weekly.,Food & Drink,12873500,Expense
2023-04-06,Loan direct equipment tools shop clinic salary.,Entertainment,19624000,Expense
2023-04-06,Delivery advance travel insurance taxi plan fuel.,Travel,5649300,Expense
2023-04-06,Online platform.,Utilities,9014700,Expense
2023-04-07,Mall gym.,Salary,11465800,Income
2023-04-07,Officer forward trouble.,Health & Fitness,18262300,Expense
2023-04-07,Fuel hospital direct.,Food & Drink,10658300,Expense
2023-04-07,Pharmacy daily management.,Rent,17762900,Expense
2023-04-07,Discount budget transfer monthly household.,Health & Fitness,7718600,Expense
2023-04-07,Regular discount system online.,Travel,5541900,Expense
2023-04-07,Pharmacy hardware invoice daily system.,Travel,15831800,Expense
2023-04-08,Adjustment bus booking project maintenance.,Health & Fitness,9481600,Expense
2023-04-08,Deal gross app subscription flight.,Investment,21852600,Income
2023-04-08,Wide exactly.,Shopping,5481700,Expense
2023-04-08,Water project deal reward express market delivery.,Other,19668100,Income
2023-04-08,Interest deposit utility bonus health household client.,Utilities,9844700,Expense
2023-04-08,Health restaurant health salary deposit deal contract.,Health & Fitness,6246400,Expense
2023-04-08,Standard account.,Health & Fitness,8341200,Expense
2023-04-08,Health water app store grocery order store.,Travel,4231400,Expense
2023-04-08,Contract premium contract pending transfer water.,Utilities,10322700,Expense
2023-04-09,Software maintenance loan interest.,Entertainment,17874400,Expense
2023-04-09,Weekly account flight net invoice.,Shopping,17956200,Expense
2023-04-09,Digital internet.,Investment,24766600,Income
2023-04-09,Account investment booking economy deposit.,Health & Fitness,8509900,Expense
2023-04-09,Worker phone success number.,Investment,7400000,Income
2023-04-09,Health priority standard parking credit.,Entertainment,15821400,Expense
2023-04-09,App entertainment water network mortgage.,Shopping,9278600,Expense
2023-04-09,Budget water subscription.,Travel,4753500,Expense
2023-04-09,Grocery deposit priority budget invoice.,Salary,16546800,Income
2023-04-10,Debit project automatic store economy online water.,Entertainment,16100100,Expense
2023-04-10,Even beautiful.,Health & Fitness,15360200,Expense
2023-04-10,Organization ten seem.,Travel,1266000,Expense
2023-04-10,Network interest.,Utilities,18918300,Expense
2023-04-10,Shop payment plan.,Other,13599500,Income
2023-04-10,Express balance annual flight account plan direct.,Other,32875500,Income
2023-04-11,Fuel system advance system direct.,Utilities,11301600,Expense
2023-04-11,Mall tax support discount equipment.,Investment,15943600,Income
2023-04-11,Service fuel deal transfer.,Travel,7982900,Expense
2023-04-11,Priority equipment digital.,Rent,7335300,Expense
2023-04-12,Weekly household material.,Rent,13632800,Expense
2023-04-12,Restaurant flight deposit support vendor contract tools.,Investment,29149300,Income
2023-04-12,Charge subscription direct system clinic freelance bus.,Health & Fitness,10224700,Expense
2023-04-12,Clinic travel.,Investment,38519700,Income
2023-04-12,Monthly invoice savings.,Other,25117600,Income
2023-04-12,Store premium.,Health & Fitness,8396400,Expense
2023-04-13,Delivery advance.,Rent,15685600,Expense
2023-04-13,Later week democratic few.,Utilities,2092700,Expense
2023-04-13,Standard order parking online package.,Shopping,10661400,Expense
2023-04-13,Financial mortgage fee support package.,Shopping,9522300,Expense
2023-04-13,System charge economy network food store.,Utilities,5351600,Expense
2023-04-13,Discount payment network software internet mortgage monthly.,Utilities,4721500,Expense
2023-04-13,Booking hardware bonus subscription project app processed.,Food & Drink,7983600,Expense
2023-04-14,Fuel renewal charge mall.,Health & Fitness,4232100,Expense
2023-04-14,Maintenance internet.,Rent,13758700,Expense
2023-04-15,Special travel.,Utilities,11728400,Expense
2023-04-15,Size sing tree kitchen.,Travel,10720400,Expense
2023-04-16,Advance system loan.,Food & Drink,12846600,Expense
2023-04-16,Water special.,Shopping,16676500,Expense
2023-04-16,Market equipment loan.,Rent,15042700,Expense
2023-04-16,Deal debit food bonus network advance.,Investment,32822800,Income
2023-04-16,Toward child future low.,Food & Drink,15304600,Expense
2023-04-16,Health shop flight platform mall.,Other,19332800,Income
2023-04-17,Payment bus regular utility delivery food interest.,Investment,46522300,Income
2023-04-17,Support restaurant hardware charge train personal parking.,Health & Fitness,16477600,Expense
2023-04-17,Financial renewal equipment personal.,Food & Drink,11664500,Expense
2023-04-17,Annual monthly pharmacy.,Investment,34433800,Income
2023-04-17,Personal deposit express adjustment delivery.,Other,27821800,Income
2023-04-17,Direct network material travel hardware travel market.,Utilities,16075300,Expense
2023-04-17,Bonus daily salary.,Salary,11662900,Income
2023-04-17,Taxi flight project regular equipment.,Travel,11421100,Expense
2023-04-17,Purchase system processed bus.,Investment,28045300,Income
2023-04-17,Support pharmacy utility online budget.,Entertainment,4188300,Expense
2023-04-18,Delivery balance direct bill adjustment platform.,Salary,7524100,Income
2023-04-18,Pharmacy software parking adjustment water flight automatic.,Shopping,8810900,Expense
2023-04-18,Purchase freelance regular.,Other,13283000,Income
2023-04-18,Clinic phone gym regular.,Salary,18003000,Income
2023-04-18,Renewal pending vendor taxi digital.,Utilities,13891900,Expense
2023-04-18,Household bill regular net premium hotel health.,Health & Fitness,7040900,Expense
2023-04-18,Hospital household package economy monthly.,Investment,19327800,Income
2023-04-19,Support loan mortgage freelance priority restaurant phone.,Health & Fitness,5718400,Expense
2023-04-19,Maintenance market savings project.,Rent,8025800,Expense
2023-04-19,Gross regular internet renewal online reward standard.,Investment,6839800,Income
2023-04-19,Entertainment mall household market bill debit budget.,Utilities,17461500,Expense
2023-04-19,Subscription charge savings business phone monthly.,Utilities,3614900,Expense
2023-04-19,Shop client.,Health & Fitness,9706200,Expense
2023-04-19,Budget mortgage digital support express.,Food & Drink,4967000,Expense
2023-04-19,Loan invoice fuel fee.,Entertainment,7760600,Expense
2023-04-20,Booking personal booking order.,Health & Fitness,5768400,Expense
2023-04-20,Financial savings hotel digital.,Food & Drink,9880400,Expense
2023-04-20,Market support credit gym economy.,Entertainment,5249900,Expense
2023-04-20,Software train network tax parking maintenance.,Entertainment,3130300,Expense
2023-04-20,Day already hold.,Utilities,3604400,Expense
2023-04-20,Simply century the.,Shopping,7160600,Expense
2023-04-20,Payment automatic renewal flight.,Entertainment,5383900,Expense
2023-04-21,Contract maintenance balance total pharmacy hardware.,Rent,6846800,Expense
2023-04-21,Material special personal equipment savings standard bus.,Utilities,5811300,Expense
2023-04-21,About usually.,Health & Fitness,18288200,Expense
2023-04-21,Deposit market software booking phone insurance.,Rent,13642900,Expense
2023-04-21,Payment package mortgage investment monthly.,Investment,34231100,Income
2023-04-21,Contract reward.,Utilities,12155100,Expense
2023-04-22,Contract network market economy credit reward support.,Investment,28528800,Income
2023-04-22,Purchase mall train advance.,Investment,30963400,Income
2023-04-22,Level animal minute probably.,Other,16640000,Income
2023-04-22,Pending premium bus financial software advance.,Investment,31857300,Income
2023-04-22,Utility deal annual pharmacy.,Food & Drink,13464800,Expense
2023-04-22,Officer fine.,Entertainment,16750300,Expense
2023-04-23,Insurance processed.,Shopping,9344200,Expense
2023-04-23,Pharmacy subscription renewal direct.,Rent,15451500,Expense
2023-04-23,Pending maintenance standard.,Utilities,12881300,Expense
2023-04-23,Utility budget bus mortgage.,Travel,8833300,Expense
2023-04-23,Parking subscription phone phone service bonus.,Salary,11226100,Income
2023-04-23,Weekly grocery.,Travel,10366800,Expense
2023-04-23,Customer expert mother significant.,Salary,10888300,Income
2023-04-23,Regular pharmacy taxi.,Travel,8904400,Expense
2023-04-23,Automatic economy grocery mall.,Travel,12242600,Expense
2023-04-23,Invoice deal.,Rent,6902600,Expense
2023-04-24,App online platform investment pharmacy.,Shopping,15122300,Expense
2023-04-24,Pending material monthly gym.,Utilities,4102200,Expense
2023-04-24,Order hotel plan flight freelance.,Other,41166700,Income
2023-04-24,Chance event address.,Investment,12390000,Income
2023-04-25,Digital credit express.,Rent,14584000,Expense
2023-04-25,Special hospital restaurant.,Rent,13619500,Expense
2023-04-25,Household restaurant bus.,Travel,14768200,Expense
2023-04-25,Store network health water hardware mortgage train.,Shopping,8707300,Expense
2023-04-25,Bill my near even wall.,Investment,6630000,Income
2023-04-26,Salary automatic net daily freelance express business.,Health & Fitness,10238000,Expense
2023-04-26,App balance fee grocery investment.,Health & Fitness,8223800,Expense
2023-04-26,Deal online.,Travel,8823200,Expense
2023-04-26,Annual parking bill parking hospital.,Health & Fitness,10113100,Expense
2023-04-26,Tools client pending.,Health & Fitness,767800,Expense
2023-04-26,Gross financial invoice tax loan contract.,Salary,8091500,Income
2023-04-26,Delivery annual reward mortgage hardware.,Shopping,14204000,Expense
2023-04-26,Project equipment reward business.,Investment,46264500,Income
2023-04-27,Net total personal.,Salary,3225700,Income
2023-04-27,Package service package.,Salary,17434300,Income
2023-04-27,Regular direct support monthly insurance account fuel.,Other,23335200,Income
2023-04-27,Discount train internet order.,Other,17828100,Income
2023-04-27,Premium bus bonus economy standard.,Health & Fitness,3087300,Expense
2023-04-27,Debit equipment express tools.,Food & Drink,19050800,Expense
2023-04-28,Premium hardware express fuel net taxi.,Shopping,4501700,Expense
2023-04-28,Parking online subscription account clinic digital.,Investment,24135300,Income
2023-04-28,Monthly health utility.,Entertainment,4037300,Expense
2023-04-28,Invoice advance contract delivery net.,Salary,15489200,Income
2023-04-28,Balance direct salary pending project tools.,Entertainment,5678200,Expense
2023-04-28,Personal premium interest platform personal hardware.,Health & Fitness,2390900,Expense
2023-04-29,Mortgage balance premium gross charge.,Salary,15288500,Income
2023-04-29,Gym total phone personal deal pharmacy.,Entertainment,19299400,Expense
2023-04-29,Train financial hospital premium payment entertainment pending.,Food & Drink,874000,Expense
2023-04-29,Special weekly pending client booking.,Entertainment,6487200,Expense
2023-04-29,Software economy monthly train.,Food & Drink,13024000,Expense
2023-04-30,Client loan regular support grocery.,Travel,7702400,Expense
2023-04-30,Service plan grocery freelance delivery.,Shopping,13181300,Expense
2023-04-30,Restaurant system software pending.,Other,27414900,Income
2023-04-30,Mall online.,Travel,18510500,Expense
2023-05-01,Package tools balance monthly electricity.,Shopping,7491400,Expense
2023-05-01,Clinic client savings tools transfer daily.,Rent,2272600,Expense
2023-05-01,Account market contract delivery.,Rent,14640100,Expense
2023-05-01,Deposit gross service.,Health & Fitness,6413400,Expense
2023-05-01,Pending plan investment total gym market.,Rent,11155000,Expense
2023-05-01,Water subscription contract taxi.,Investment,31806300,Income
2023-05-01,Freelance loan.,Shopping,5462000,Expense
2023-05-01,Management monthly.,Other,16888700,Income
2023-05-01,Pending equipment credit tax.,Entertainment,7894100,Expense
2023-05-01,Subscription pharmacy deposit.,Shopping,3697100,Expense
2023-05-02,Service automatic pharmacy.,Utilities,5822800,Expense
2023-05-02,Likely push.,Utilities,6881100,Expense
2023-05-02,Contract booking adjustment internet tax equipment.,Investment,11689200,Income
2023-05-02,Purchase tax store.,Food & Drink,5679600,Expense
2023-05-02,Each author party full kitchen.,Food & Drink,6701500,Expense
2023-05-02,Insurance support water flight credit.,Rent,5122100,Expense
2023-05-03,Approach interview condition other.,Other,9870000,Income
2023-05-03,Regular support parking gross.,Rent,4122100,Expense
2023-05-03,Premium personal train personal gross network.,Travel,14139200,Expense
2023-05-03,Contract bus payment mortgage service.,Other,35641200,Income
2023-05-03,Standard freelance mortgage equipment personal balance.,Food & Drink,2165700,Expense
2023-05-03,Fee plan weekly parking network.,Salary,5433500,Income
2023-05-03,Annual store app adjustment project taxi.,Health & Fitness,5347000,Expense
2023-05-03,Deal bus parking.,Salary,7146100,Income
2023-05-03,Automatic discount.,Shopping,10487700,Expense
2023-05-04,Client premium.,Utilities,12775600,Expense
2023-05-04,Balance household fee food client.,Entertainment,18006800,Expense
2023-05-04,Subscription automatic subscription material.,Food & Drink,18357300,Expense
2023-05-04,Express contract hardware vendor hotel.,Investment,21584000,Income
2023-05-04,Parking bill weekly premium total.,Salary,8326900,Income
2023-05-04,Equipment package.,Other,40167900,Income
2023-05-05,App fuel hotel delivery transfer regular utility.,Other,42611100,Income
2023-05-05,Business payment total health.,Investment,33050900,Income
2023-05-05,Green forward cup serve speak.,Investment,14080000,Income
2023-05-05,Nothing behavior sort recognize.,Health & Fitness,19215100,Expense
2023-05-05,Financial popular short like.,Shopping,11761700,Expense
2023-05-05,Monthly project system.,Travel,2133900,Expense
2023-05-05,Service taxi order.,Rent,19443500,Expense
2023-05-06,Service freelance grocery economy.,Food & Drink,9110500,Expense
2023-05-07,Parking debit plan flight system.,Entertainment,7168200,Expense
2023-05-07,Technology pay tree.,Health & Fitness,2815400,Expense
2023-05-07,Direct shop.,Other,33225900,Income
2023-05-08,Monthly reward food bonus restaurant.,Entertainment,8306300,Expense
2023-05-08,Tax package special regular deal salary.,Salary,11385800,Income
2023-05-08,Delivery hotel store daily automatic debit.,Other,42627900,Income
2023-05-09,Monthly freelance mall.,Health & Fitness,4195800,Expense
2023-05-09,Vendor equipment credit premium.,Salary,2069200,Income
2023-05-09,Material software standard loan system.,Shopping,11447600,Expense
2023-05-09,Market direct booking plan.,Entertainment,10010700,Expense
2023-05-09,Gross subscription delivery.,Other,28177900,Income
2023-05-09,Utility payment flight priority.,Rent,5289200,Expense
2023-05-09,Package adjustment restaurant fuel net project.,Travel,12515600,Expense
2023-05-10,Hardware restaurant electricity gym balance project total.,Other,44702200,Income
2023-05-10,Express household personal order charge software vendor.,Utilities,15390500,Expense
2023-05-10,Transfer water train travel material parking hospital.,Shopping,6636400,Expense
2023-05-10,Material hospital regular automatic daily food.,Investment,11629400,Income
2023-05-11,Phone subscription tools financial health payment pending.,Rent,17420500,Expense
2023-05-11,Salary food invoice business.,Salary,13786700,Income
2023-05-11,Gross delivery loan tax entertainment.,Utilities,11532400,Expense
2023-05-12,Shop entertainment hospital digital net express loan.,Shopping,1647800,Expense
2023-05-12,Material adjustment bill direct investment reward.,Travel,10968300,Expense
2023-05-12,Water delivery.,Other,24349100,Income
2023-05-12,Record professor small.,Other,44910000,Income
2023-05-12,Fee hardware net.,Shopping,7076400,Expense
2023-05-12,Annual payment management equipment insurance standard net.,Other,8313400,Income
2023-05-12,Contract digital advance shop maintenance.,Shopping,12142800,Expense
2023-05-12,Special plan.,Shopping,7790200,Expense
2023-05-13,Advance salary purchase system priority store gross.,Food & Drink,10984100,Expense
2023-05-13,Deal daily freelance tax entertainment.,Food & Drink,13540100,Expense
2023-05-13,Management network software app tax.,Entertainment,13554000,Expense
2023-05-13,Contract fee payment digital gym annual.,Entertainment,12074200,Expense
2023-05-13,Taxi standard entertainment hotel taxi.,Food & Drink,8785100,Expense
2023-05-13,Travel booking daily clinic.,Travel,7087500,Expense
2023-05-13,Financial delivery.,Rent,12562300,Expense
2023-05-13,Network debit system.,Food & Drink,13439900,Expense
2023-05-14,Should page camera.,Health & Fitness,4542400,Expense
2023-05-14,Maintain assume both long.,Utilities,14172900,Expense
2023-05-14,Grocery project digital app.,Other,16604100,Income
2023-05-14,Electricity charge hardware mall.,Food & Drink,16052800,Expense
2023-05-14,Order train pharmacy weekly mall.,Utilities,12132600,Expense
2023-05-14,Deposit special pharmacy store software.,Travel,9804600,Expense
2023-05-14,Stage someone for power.,Utilities,7629800,Expense
2023-05-15,At decade really issue.,Shopping,17030100,Expense
2023-05-15,Support account discount bill invoice economy pending.,Investment,22725800,Income
2023-05-15,Market advance.,Investment,41649700,Income
2023-05-15,Bill regular vendor.,Shopping,9068800,Expense
2023-05-15,Leave opportunity draw during city.,Travel,2634200,Expense
2023-05-16,Skin name door production back.,Food & Drink,3723400,Expense
2023-05-16,Mall regular gross credit bonus personal.,Salary,17059500,Income
2023-05-16,Flight restaurant.,Utilities,13451900,Expense
2023-05-16,Clinic insurance weekly plan parking software advance.,Rent,14728000,Expense
2023-05-17,Balance booking.,Food & Drink,17900700,Expense
2023-05-17,Boy other foot best.,Entertainment,12829000,Expense
2023-05-17,Vendor economy.,Health & Fitness,10959700,Expense
2023-05-17,Booking pharmacy processed mortgage renewal.,Other,31265000,Income
2023-05-17,Salary automatic advance.,Entertainment,12921400,Expense
2023-05-17,Client online system.,Travel,1936600,Expense
2023-05-17,Automatic contract internet financial contract processed.,Rent,7858600,Expense
2023-05-17,App flight parking household adjustment economy.,Travel,15266200,Expense
2023-05-18,Final image our.,Other,16520000,Income
2023-05-18,Utility business health purchase internet.,Investment,19032400,Income
2023-05-18,Express freelance entertainment special management purchase business.,Other,33762900,Income
2023-05-18,App household mortgage management.,Salary,3398600,Income
2023-05-18,Mortgage restaurant online equipment adjustment.,Other,26965800,Income
2023-05-18,Tools order phone monthly.,Salary,8634000,Income
2023-05-19,Gross express deal electricity reward train.,Rent,9789500,Expense
2023-05-19,Platform account economy invoice standard.,Other,38995800,Income
2023-05-19,Contract transfer account household mortgage.,Investment,23787500,Income
2023-05-19,Management produce bed stage.,Rent,4836100,Expense
2023-05-19,Discount system phone express support.,Health & Fitness,12403100,Expense
2023-05-19,Annual mortgage.,Health & Fitness,2745600,Expense
2023-05-19,Budget debit food.,Food & Drink,5479500,Expense
2023-05-20,Electricity premium plan invoice automatic monthly.,Investment,25852300,Income
2023-05-20,Project invoice package taxi business food tax.,Rent,7175900,Expense
2023-05-20,Some quickly truth view response.,Entertainment,13894200,Expense
2023-05-20,Material net market debit renewal payment.,Health & Fitness,11908200,Expense
2023-05-20,Parking pending platform processed standard.,Other,33553800,Income
2023-05-20,Purchase online daily clinic digital.,Investment,23922400,Income
2023-05-20,Subscription standard insurance.,Investment,24384700,Income
2023-05-20,Management support transfer.,Health & Fitness,9397700,Expense
2023-05-20,Serious produce.,Utilities,12760100,Expense
2023-05-20,Factor past language day theory.,Health & Fitness,8987900,Expense
2023-05-21,Insurance payment investment contract contract.,Shopping,16591500,Expense
2023-05-22,Discount monthly entertainment delivery system contract vendor.,Shopping,2334000,Expense
2023-05-22,Annual net health budget.,Entertainment,17506500,Expense
2023-05-22,System hotel clinic.,Entertainment,6629800,Expense
2023-05-22,Adjustment freelance network transfer.,Food & Drink,12768800,Expense
2023-05-22,Reflect star.,Shopping,9912300,Expense
2023-05-22,Summer system artist too.,Other,39370000,Income
2023-05-22,Total charge plan direct pending.,Health & Fitness,6838600,Expense
2023-05-22,Hardware invoice special annual budget regular investment.,Food & Drink,8373200,Expense
2023-05-22,Old particularly.,Rent,14436200,Expense
2023-05-23,Material invoice special economy payment gym support.,Investment,9770400,Income
2023-05-23,Water entertainment credit grocery health phone reward.,Investment,9389000,Income
2023-05-23,Budget personal.,Entertainment,9569300,Expense
2023-05-23,Service renewal freelance loan special.,Entertainment,1463600,Expense
2023-05-23,Bonus account shop express management mortgage internet.,Travel,5119100,Expense
2023-05-23,Project entertainment.,Travel,7108000,Expense
2023-05-24,Tax account support priority.,Rent,1423500,Expense
2023-05-24,Taxi adjustment app client.,Other,19467700,Income
2023-05-24,Gym health flight account fuel debit bill.,Travel,17944000,Expense
2023-05-24,Standard financial.,Utilities,8468400,Expense
2023-05-24,Entertainment interest.,Entertainment,7271000,Expense
2023-05-25,Weekly booking priority balance investment.,Travel,18502200,Expense
2023-05-25,Debit reward parking bonus hotel.,Rent,11046400,Expense
2023-05-25,Technology tend.,Shopping,2118400,Expense
2023-05-25,Store service support account phone store clinic.,Entertainment,8070700,Expense
2023-05-26,Charge tools transfer insurance tax tools.,Entertainment,3257900,Expense
2023-05-26,Total market material transfer regular shop account.,Investment,17588200,Income
2023-05-26,Fee hospital.,Travel,11630500,Expense
2023-05-26,Pending travel mall.,Shopping,3111500,Expense
2023-05-26,Electricity renewal bill regular salary.,Utilities,5458800,Expense
2023-05-26,Parking hotel service.,Utilities,9972700,Expense
2023-05-26,Package economy invoice renewal.,Other,26510300,Income
2023-05-27,Charge project store.,Health & Fitness,13913400,Expense
2023-05-27,Balance bonus.,Health & Fitness,11523300,Expense
2023-05-27,Financial special freelance economy daily insurance.,Utilities,5100600,Expense
2023-05-27,Plan balance.,Health & Fitness,8666100,Expense
2023-05-27,Entertainment tools weekly support.,Salary,19142200,Income
2023-05-28,Advance train purchase salary software.,Rent,4017900,Expense
2023-05-28,Reduce hour fish him.,Entertainment,3336900,Expense
2023-05-28,Maintenance direct budget standard fee delivery clinic.,Food & Drink,4655200,Expense
2023-05-28,Transfer client special deposit.,Health & Fitness,16294300,Expense
2023-05-28,Special system parking salary service.,Health & Fitness,7118900,Expense
2023-05-28,Pharmacy deposit gross system deal contract household.,Travel,6378500,Expense
2023-05-28,Bus management deposit equipment.,Rent,6922600,Expense
2023-05-28,Bill platform.,Rent,4415500,Expense
2023-05-29,Parking monthly material app salary delivery pharmacy.,Other,7160100,Income
2023-05-29,Utility net online clinic loan weekly.,Food & Drink,13187300,Expense
2023-05-29,Nation production little could.,Investment,29150000,Income
2023-05-29,Digital charge entertainment flight discount.,Salary,19433100,Income
2023-05-29,Food credit app.,Utilities,11370700,Expense
2023-05-29,Style child young prove.,Other,13570000,Income
2023-05-30,Author administration.,Investment,35750000,Income
2023-05-30,Deal net debit deposit delivery freelance.,Shopping,6249800,Expense
2023-05-30,Deposit daily freelance standard.,Utilities,13301600,Expense
2023-05-30,Hospital booking system hospital plan.,Entertainment,7191900,Expense
2023-05-31,Account total.,Health & Fitness,14340800,Expense
2023-05-31,Delivery software bill plan discount daily.,Health & Fitness,3673300,Expense
2023-05-31,Discount balance store bill gross.,Entertainment,14612600,Expense
2023-05-31,Package daily personal vendor.,Rent,7988100,Expense
2023-05-31,Delivery bill grocery network management.,Rent,9771900,Expense
2023-05-31,Subscription vendor platform vendor internet plan.,Utilities,7985200,Expense
2023-05-31,Household freelance client.,Shopping,3213500,Expense
2023-05-31,Grocery network investment standard priority direct order.,Other,27124100,Income
2023-06-01,Discount reward mortgage store water water.,Shopping,11252300,Expense
2023-06-01,Household entertainment travel health account salary platform.,Entertainment,10553900,Expense
2023-06-01,Annual bus advance water.,Travel,11377500,Expense
2023-06-01,Utility weekly hospital health adjustment net.,Shopping,2456300,Expense
2023-06-01,System purchase adjustment bill adjustment.,Shopping,13138000,Expense
2023-06-01,Priority food net.,Shopping,12980300,Expense
2023-06-02,Window career case south.,Investment,49810000,Income
2023-06-02,Taxi regular deposit.,Utilities,12904600,Expense
2023-06-02,Processed household business household client invoice.,Salary,2106500,Income
2023-06-02,Booking entertainment premium.,Entertainment,171300,Expense
2023-06-02,Annual hospital parking weekly restaurant.,Travel,11956600,Expense
2023-06-02,Package service.,Shopping,11222600,Expense
2023-06-03,Grocery regular.,Shopping,10694500,Expense
2023-06-03,Us perhaps lawyer interest star.,Rent,6825200,Expense
2023-06-03,Train store economy personal personal project loan.,Investment,5208900,Income
2023-06-03,Gross material support invoice.,Shopping,8839800,Expense
2023-06-03,Tax material direct train pending parking budget.,Other,5515200,Income
2023-06-03,Annual internet credit direct premium.,Other,30051300,Income
2023-06-03,Purchase premium grocery.,Salary,8888100,Income
2023-06-04,Mall tax business direct invoice monthly grocery.,Other,5842100,Income
2023-06-04,Credit plan.,Food & Drink,10474300,Expense
2023-06-04,Mall fuel special savings.,Salary,13642800,Income
2023-06-04,Pharmacy project budget.,Other,20626200,Income
2023-06-04,Store transfer equipment transfer priority.,Utilities,6096000,Expense
2023-06-04,Entertainment financial booking.,Other,45073800,Income
2023-06-04,Internet salary investment project bus internet.,Shopping,6587400,Expense
2023-06-04,Premium health internet platform hospital order delivery.,Rent,19657500,Expense
2023-06-04,Difficult interesting account marriage.,Salary,14119600,Income
2023-06-05,Especially unit office almost.,Utilities,12185600,Expense
2023-06-05,Renewal invoice processed.,Food & Drink,16393600,Expense
2023-06-05,Financial mall platform mall gym insurance balance.,Other,23509200,Income
2023-06-05,Travel fee health.,Rent,17397600,Expense
2023-06-06,Insurance loan.,Investment,49757800,Income
2023-06-06,Fuel subscription salary balance bus hospital shop.,Other,21022400,Income
2023-06-06,Project freelance standard.,Entertainment,11922500,Expense
2023-06-06,Platform annual savings loan flight.,Food & Drink,2684200,Expense
2023-06-06,Express support support advance loan.,Investment,24586800,Income
2023-06-06,Bonus charge health food.,Health & Fitness,1627100,Expense
2023-06-06,App account pending fuel household management utility.,Food & Drink,12980900,Expense
2023-06-07,Restaurant fuel.,Travel,12541600,Expense
2023-06-07,Loan phone net market hospital water.,Rent,6758400,Expense
2023-06-07,Standard maintenance plan flight utility.,Investment,21320400,Income
2023-06-07,Equipment phone priority restaurant.,Health & Fitness,3757500,Expense
2023-06-07,Support tax online adjustment.,Shopping,2826000,Expense
2023-06-07,Automatic contract standard standard support restaurant.,Entertainment,13840500,Expense
2023-06-07,Pharmacy service business travel.,Investment,10640600,Income
2023-06-08,Food hotel maintenance system subscription transfer subscription.,Investment,21521000,Income
2023-06-08,Let back three.,Entertainment,8244700,Expense
2023-06-08,Fuel store market processed tax travel.,Salary,16270500,Income
2023-06-08,Reward insurance mall delivery health hospital health.,Shopping,15443100,Expense
2023-06-08,Mall account market.,Entertainment,7237600,Expense
2023-06-08,Low happy oil which bag.,Food & Drink,2115000,Expense
2023-06-08,Electricity automatic fuel household parking flight hospital.,Salary,4408800,Income
2023-06-09,Line score whether.,Travel,13245900,Expense
2023-06-09,Hospital management clinic annual subscription system.,Health & Fitness,18579600,Expense
2023-06-09,Salary charge purchase daily.,Rent,7834300,Expense
2023-06-09,Annual management vendor.,Health & Fitness,5447500,Expense
2023-06-09,Something fine apply gas sing.,Rent,1087700,Expense
2023-06-09,Electricity express phone digital.,Other,42128300,Income
2023-06-09,Water personal.,Rent,6400200,Expense
2023-06-09,Loan electricity phone digital electricity.,Health & Fitness,6020100,Expense
2023-06-09,Budget clinic electricity economy deal pharmacy shop.,Travel,13510600,Expense
2023-06-09,Clinic delivery.,Entertainment,7678200,Expense
2023-06-10,Weekly platform parking booking package investment freelance.,Travel,10401800,Expense
2023-06-10,Cold reason our.,Shopping,1843800,Expense
2023-06-10,Financial booking plan market adjustment budget priority.,Entertainment,5359800,Expense
2023-06-10,Equipment equipment salary utility.,Rent,9724500,Expense
2023-06-10,Bill digital monthly mortgage.,Food & Drink,19555700,Expense
2023-06-10,Mention light safe inside.,Salary,3156400,Income
2023-06-10,Bonus market purchase software business order.,Other,38106400,Income
2023-06-11,Automatic shop transfer store pharmacy contract.,Rent,6869700,Expense
2023-06-11,Mall pending water train.,Shopping,9475000,Expense
2023-06-11,Savings transfer loan daily equipment gym food.,Other,22294100,Income
2023-06-11,Software management.,Entertainment,18683100,Expense
2023-06-12,Tax regular hotel automatic mall.,Entertainment,3961500,Expense
2023-06-12,Water processed.,Rent,8006400,Expense
2023-06-12,Health weekly.,Other,38371400,Income
2023-06-13,Employee picture official of prevent.,Salary,4073500,Income
2023-06-13,Economy client hospital shop.,Entertainment,12971100,Expense
2023-06-13,Personal platform.,Travel,11057400,Expense
2023-06-13,Pending deposit shop direct.,Food & Drink,19496300,Expense
2023-06-13,Tools discount freelance adjustment order parking.,Travel,7504100,Expense
2023-06-14,Adjustment balance.,Investment,20127800,Income
2023-06-14,Deal pending support premium taxi.,Investment,40384600,Income
2023-06-14,Entertainment loan balance.,Rent,16204200,Expense
2023-06-14,Salary plan renewal network software bus.,Health & Fitness,4007100,Expense
2023-06-14,Charge grocery regular household vendor tax.,Shopping,3267500,Expense
2023-06-14,Personal pharmacy electricity parking maintenance.,Salary,11384700,Income
2023-06-15,Food weekly.,Entertainment,7682400,Expense
2023-06-15,Flight invoice parking economy.,Other,19786200,Income
2023-06-15,Delivery mall credit material.,Shopping,12847500,Expense
2023-06-15,Fee balance bill account.,Entertainment,12244700,Expense
2023-06-15,Agree machine camera baby six.,Investment,28900000,Income
2023-06-15,Support management payment.,Health & Fitness,4254900,Expense
2023-06-15,Deposit material interest gross.,Shopping,8315200,Expense
2023-06-15,Household plan invoice.,Investment,29378800,Income
2023-06-16,Business maintenance order purchase.,Other,11375700,Income
2023-06-16,Transfer insurance fee system monthly tools food.,Entertainment,8104100,Expense
2023-06-16,Train savings business digital daily phone.,Travel,19380000,Expense
2023-06-16,Charge payment.,Food & Drink,16224000,Expense
2023-06-16,Company option character land space.,Shopping,9471800,Expense
2023-06-16,Past every either.,Salary,16891000,Income
2023-06-16,Plan deposit household maintenance.,Investment,22413900,Income
2023-06-16,Loan personal regular net gym shop bus.,Food & Drink,10665200,Expense
2023-06-16,Travel vendor phone phone water contract electricity.,Health & Fitness,13447500,Expense
2023-06-16,Reward order bonus personal hotel app weekly.,Entertainment,16354400,Expense
2023-06-17,Plan clinic maintenance management.,Travel,8297000,Expense
2023-06-17,Weekly priority standard discount deal weekly pharmacy.,Entertainment,9824000,Expense
2023-06-17,Machine son television.,Travel,1913600,Expense
2023-06-17,Business platform phone contract online adjustment charge.,Travel,5196200,Expense
2023-06-17,Store delivery daily flight.,Entertainment,17697800,Expense
2023-06-17,Whose other.,Utilities,7483300,Expense
2023-06-17,Freelance economy management internet food.,Travel,10970200,Expense
2023-06-17,Adjustment budget adjustment insurance purchase annual.,Health & Fitness,13357000,Expense
2023-06-17,Grocery utility freelance digital market direct.,Utilities,16336200,Expense
2023-06-18,Booking clinic loan premium bill mall direct.,Travel,11284000,Expense
2023-06-18,Subscription pending savings internet.,Salary,3928600,Income
2023-06-18,App special bus plan shop hardware.,Shopping,7713100,Expense
2023-06-19,Subscription payment system.,Salary,10293000,Income
2023-06-19,Charge service parking account delivery.,Other,8869300,Income
2023-06-19,Transfer subscription account gym fee system.,Rent,13906500,Expense
2023-06-19,Support network grocery gym renewal.,Salary,2704700,Income
2023-06-19,Charge app service clinic.,Entertainment,14279800,Expense
2023-06-19,Plan grocery software special loan parking.,Entertainment,6642100,Expense
2023-06-19,Sell include himself produce.,Utilities,8970900,Expense
2023-06-19,Pending economy.,Shopping,5389400,Expense
2023-06-20,Monthly deal pharmacy credit delivery standard hospital.,Food & Drink,5412600,Expense
2023-06-20,Processed mall net client maintenance fee hardware.,Food & Drink,1581800,Expense
2023-06-20,Express shop health material parking.,Investment,16008900,Income
2023-06-20,Bus equipment.,Salary,12548600,Income
2023-06-20,Order deposit mall digital.,Utilities,4720100,Expense
2023-06-20,Advance app.,Shopping,15685300,Expense
2023-06-21,Processed credit freelance gross material credit.,Food & Drink,2473200,Expense
2023-06-21,Parking internet project credit.,Rent,15340100,Expense
2023-06-21,Official success approach.,Salary,5341700,Income
2023-06-21,Business personal financial.,Travel,1492700,Expense
2023-06-21,Budget electricity.,Rent,15866000,Expense
2023-06-21,Market subscription deposit monthly premium.,Food & Drink,13186200,Expense
2023-06-22,Apply less.,Food & Drink,3107500,Expense
2023-06-22,Live way two.,Rent,1805600,Expense
2023-06-22,Subscription parking maintenance purchase.,Utilities,2257800,Expense
2023-06-22,Booking delivery net.,Utilities,9658200,Expense
2023-06-22,Personal subscription.,Other,39308600,Income
2023-06-22,Taxi priority delivery.,Shopping,18185800,Expense
2023-06-22,Financial flight travel.,Health & Fitness,2626600,Expense
2023-06-22,Financial hardware.,Entertainment,14965100,Expense
2023-06-23,Electricity management software booking express premium.,Food & Drink,4655300,Expense
2023-06-23,Payment flight bill.,Health & Fitness,2767100,Expense
2023-06-23,Raise hope enjoy most.,Shopping,19417000,Expense
2023-06-23,Utility project processed investment phone premium.,Salary,15509700,Income
2023-06-23,Deposit express software payment tools.,Entertainment,10309200,Expense
2023-06-23,Fuel order.,Rent,10641300,Expense
2023-06-23,Network grocery.,Health & Fitness,693900,Expense
2023-06-24,Debit utility tools insurance management.,Entertainment,2620700,Expense
2023-06-24,Equipment network.,Food & Drink,8024200,Expense
2023-06-25,Eye something.,Food & Drink,16831900,Expense
2023-06-25,Health deposit bus direct express advance processed.,Salary,5181700,Income
2023-06-25,Online online.,Shopping,4384800,Expense
2023-06-25,Particular present evening establish.,Salary,11497000,Income
2023-06-25,Which raise american truth.,Shopping,19316000,Expense
2023-06-25,Renewal personal standard service vendor.,Rent,17694500,Expense
2023-06-25,Digital pharmacy economy adjustment charge balance bill.,Rent,4577200,Expense
2023-06-25,Electricity weekly.,Food & Drink,14536200,Expense
2023-06-25,Invoice processed interest hardware mall taxi app.,Utilities,13913400,Expense
2023-06-25,Charge economy maintenance contract debit delivery hospital.,Salary,12040800,Income
2023-06-26,Store budget plan entertainment.,Food & Drink,7819100,Expense
2023-06-26,Maintenance package hospital app package business gym.,Investment,7294700,Income
2023-06-26,Hospital weekly material vendor.,Other,18845100,Income
2023-06-26,Freelance maintenance automatic payment shop.,Shopping,13055800,Expense
2023-06-26,System tools train renewal.,Rent,4351700,Expense
2023-06-26,Pressure hospital significant.,Travel,1671200,Expense
2023-06-27,Interest hardware weekly entertainment online electricity.,Salary,5111900,Income
2023-06-27,Phone invoice balance equipment entertainment.,Shopping,9545700,Expense
2023-06-27,Flight monthly entertainment weekly pending mortgage.,Shopping,16637000,Expense
2023-06-27,Daily hardware bonus account.,Utilities,7516300,Expense
2023-06-28,Parking fuel financial maintenance order app advance.,Food & Drink,12586800,Expense
2023-06-28,Economy fee equipment.,Entertainment,7841800,Expense
2023-06-28,Regular tools insurance electricity network plan water.,Utilities,3780900,Expense
2023-06-28,Account savings household freelance.,Health & Fitness,11838600,Expense
2023-06-28,Electricity debit interest market internet.,Health & Fitness,12456400,Expense
2023-06-28,Subscription system business client.,Utilities,17874100,Expense
2023-06-28,Invoice economy loan charge shop entertainment train.,Other,22681600,Income
2023-06-29,Net service.,Shopping,3845300,Expense
2023-06-29,Weekly payment charge loan annual.,Utilities,19578900,Expense
2023-06-29,Insurance invoice net hospital electricity.,Investment,15454900,Income
2023-06-29,Charge project account financial economy bill.,Health & Fitness,7754200,Expense
2023-06-30,System personal.,Travel,18608600,Expense
2023-06-30,Transfer hardware network advance tax.,Utilities,1795000,Expense
2023-06-30,App equipment mortgage.,Rent,15797400,Expense
2023-06-30,Train plan fee charge fee budget.,Salary,3155600,Income
2023-06-30,Debit vendor charge credit adjustment.,Travel,7928000,Expense
2023-06-30,Store support economy special.,Entertainment,1587500,Expense
2023-06-30,Side mind question year finish.,Food & Drink,10091800,Expense
2023-06-30,Vendor transfer.,Entertainment,15037300,Expense
2023-07-01,Payment purchase support electricity advance charge booking.,Utilities,2452300,Expense
2023-07-01,Story activity.,Utilities,2493600,Expense
2023-07-01,Client payment premium transfer renewal invoice.,Investment,31256700,Income
2023-07-01,Service software automatic.,Health & Fitness,11035900,Expense
2023-07-01,Charge net.,Shopping,10383600,Expense
2023-07-01,Phone food.,Salary,10316000,Income
2023-07-01,Hospital taxi clinic parking purchase.,Health & Fitness,2938500,Expense
2023-07-02,Billion land detail exist cover.,Utilities,18986300,Expense
2023-07-02,Food discount tax financial freelance management.,Health & Fitness,10233600,Expense
2023-07-02,Food special network software.,Other,36555300,Income
2023-07-02,Express support.,Investment,18406000,Income
2023-07-02,Travel market monthly.,Salary,9144400,Income
2023-07-03,Subscription client mall.,Utilities,8049000,Expense
2023-07-03,Economy platform.,Health & Fitness,3164300,Expense
2023-07-03,Interest investment deal balance daily flight.,Food & Drink,14786000,Expense
2023-07-03,Financial bonus investment.,Health & Fitness,12032400,Expense
2023-07-04,Priority weekly network travel economy priority.,Investment,19342400,Income
2023-07-04,Client deposit fee subscription balance.,Entertainment,11367800,Expense
2023-07-04,Credit reward service management gross debit.,Salary,13503900,Income
2023-07-04,Health digital.,Shopping,7068800,Expense
2023-07-04,Travel insurance booking gross.,Rent,14612600,Expense
2023-07-04,Management deal train salary app daily.,Entertainment,3821900,Expense
2023-07-04,Tools digital.,Rent,7289300,Expense
2023-07-05,Annual automatic savings material deposit.,Travel,17386600,Expense
2023-07-05,Client bonus.,Investment,33024700,Income
2023-07-05,Gym system insurance app annual.,Entertainment,10792500,Expense
2023-07-05,Total package phone health entertainment total.,Food & Drink,10385500,Expense
2023-07-05,Beat painting heavy.,Other,11410000,Income
2023-07-05,Begin voice prevent structure wear.,Investment,20780000,Income
2023-07-05,Budget financial health subscription.,Entertainment,6426600,Expense
2023-07-05,Booking express annual service household.,Shopping,9608500,Expense
2023-07-05,Subscription delivery system salary monthly app.,Rent,14108200,Expense
2023-07-06,To receive education.,Shopping,4118200,Expense
2023-07-06,Fee deposit net automatic bill direct system.,Entertainment,1874800,Expense
2023-07-06,Insurance reward insurance.,Travel,3564800,Expense
2023-07-06,Client maintenance.,Food & Drink,16423800,Expense
2023-07-06,Investment food.,Shopping,11673800,Expense
2023-07-06,Payment standard project gym.,Entertainment,10490300,Expense
2023-07-06,Express discount interest.,Other,26671900,Income
2023-07-07,Processed market network freelance pharmacy delivery.,Utilities,6876700,Expense
2023-07-07,Standard platform.,Food & Drink,10399500,Expense
2023-07-07,Police two.,Utilities,16698800,Expense
2023-07-07,Hardware contract charge personal maintenance project train.,Health & Fitness,2569100,Expense
2023-07-07,Balance software taxi health digital debit internet.,Shopping,17392000,Expense
2023-07-07,Realize property show either.,Rent,1831800,Expense
2023-07-08,Store total taxi market standard store.,Utilities,1441300,Expense
2023-07-08,Utility premium annual booking.,Travel,9373300,Expense
2023-07-08,Restaurant transfer app renewal account tools.,Health & Fitness,16535500,Expense
2023-07-08,Flight interest online mortgage gross.,Utilities,13309200,Expense
2023-07-08,Advance delivery debit.,Rent,10430500,Expense
2023-07-08,Network hotel daily utility health order.,Shopping,5292700,Expense
2023-07-08,Subscription tax invoice order booking deposit.,Rent,10011000,Expense
2023-07-09,Mall bonus equipment service gross annual.,Utilities,9845100,Expense
2023-07-09,Maintenance pending shop savings deal.,Food & Drink,6598500,Expense
2023-07-09,Entertainment network renewal debit service flight store.,Shopping,4443400,Expense
2023-07-09,Reward debit pending support clinic credit entertainment.,Health & Fitness,6331800,Expense
2023-07-10,Particular condition man.,Shopping,2339100,Expense
2023-07-10,Vendor service total app.,Shopping,7789700,Expense
2023-07-10,Shoulder despite poor tree resource.,Investment,13650000,Income
2023-07-10,Since him four.,Health & Fitness,17146800,Expense
2023-07-10,Deposit debit material mortgage entertainment.,Food & Drink,17197500,Expense
2023-07-10,Purchase mall mortgage.,Shopping,9566000,Expense
2023-07-10,Balance business hotel.,Entertainment,9680300,Expense
2023-07-10,Western enough key.,Food & Drink,15752400,Expense
2023-07-10,Contract weekly material electricity.,Investment,25915900,Income
2023-07-11,System bill direct contract transfer interest.,Other,12879500,Income
2023-07-11,Advance debit financial fuel.,Other,35829400,Income
2023-07-11,Clinic service.,Other,19658500,Income
2023-07-11,Authority number.,Rent,15736300,Expense
2023-07-12,Advance credit.,Utilities,15085400,Expense
2023-07-12,Annual special hotel net package train transfer.,Food & Drink,12862600,Expense
2023-07-12,Transfer purchase processed.,Entertainment,12859800,Expense
2023-07-12,Booking renewal reward reward.,Rent,19604100,Expense
2023-07-13,Utility train delivery.,Travel,5553400,Expense
2023-07-13,Affect marriage present a.,Health & Fitness,17570100,Expense
2023-07-13,Economy app shop.,Entertainment,2110600,Expense
2023-07-14,Travel taxi project.,Entertainment,11315000,Expense
2023-07-14,Adjustment clinic internet annual charge fuel standard.,Entertainment,14440700,Expense
2023-07-14,Automatic hotel support weekly account bonus.,Salary,5535100,Income
2023-07-14,System entertainment priority.,Travel,7874100,Expense
2023-07-14,Savings transfer processed freelance market support.,Entertainment,9813300,Expense
2023-07-14,Renewal automatic investment platform fuel parking.,Travel,16336700,Expense
2023-07-14,Pending salary service total savings.,Utilities,16346200,Expense
2023-07-15,Movement which ball least.,Other,27000000,Income
2023-07-15,Four field area young.,Health & Fitness,13841200,Expense
2023-07-15,Difficult his ready sister building.,Other,8170000,Income
2023-07-15,Long identify road speech.,Utilities,5580700,Expense
2023-07-15,Personal restaurant economy health plan.,Investment,34833500,Income
2023-07-15,Entire record toward off.,Salary,11483300,Income
2023-07-15,Savings maintenance.,Entertainment,10871300,Expense
2023-07-16,Insurance water annual debit.,Salary,4908200,Income
2023-07-16,Vendor direct mortgage hotel economy support payment.,Entertainment,5051300,Expense
2023-07-16,Parking material.,Investment,25868100,Income
2023-07-16,Plan restaurant net online pending premium.,Shopping,12844500,Expense
2023-07-16,Computer always his.,Food & Drink,6823500,Expense
2023-07-16,Invoice system tools salary project hotel debit.,Rent,5914200,Expense
2023-07-17,Fuel debit.,Salary,7086200,Income
2023-07-17,Taxi account.,Food & Drink,8812400,Expense
2023-07-17,Debit discount hospital processed budget.,Health & Fitness,5850200,Expense
2023-07-17,Subscription online online pending project.,Health & Fitness,10272800,Expense
2023-07-17,Weekly app premium weekly.,Shopping,16767600,Expense
2023-07-17,Receive to piece.,Travel,5678900,Expense
2023-07-17,Utility financial.,Investment,35930900,Income
2023-07-18,Project software processed service grocery project.,Food & Drink,6321700,Expense
2023-07-18,Economy regular clinic priority standard insurance.,Other,23807400,Income
2023-07-18,Be plan same cause.,Rent,19452700,Expense
2023-07-18,Travel delivery payment.,Health & Fitness,15855900,Expense
2023-07-19,Rest or.,Travel,19487000,Expense
2023-07-19,As music film move.,Health & Fitness,5461500,Expense
2023-07-19,Daily health.,Rent,16231000,Expense
2023-07-20,Freelance utility insurance support parking order.,Food & Drink,11246200,Expense
2023-07-20,Food interest advance salary hospital.,Health & Fitness,11058400,Expense
2023-07-20,Project hotel.,Salary,9369000,Income
2023-07-20,Bill internet online tax bonus parking.,Rent,15307700,Expense
2023-07-20,Adjustment direct priority.,Shopping,15254000,Expense
2023-07-20,Vendor regular weekly shop tax.,Rent,5949800,Expense
2023-07-20,Standard account market pharmacy.,Travel,13893700,Expense
2023-07-20,Already argue.,Rent,3839900,Expense
2023-07-20,Balance direct.,Food & Drink,7734300,Expense
2023-07-20,Order loan.,Travel,13180100,Expense
2023-07-21,Internet business bonus premium project package fee.,Other,33941600,Income
2023-07-21,Hardware pharmacy vendor tools online software weekly.,Investment,36190400,Income
2023-07-21,Reward equipment pending phone.,Shopping,2884900,Expense
2023-07-21,Brother southern project learn.,Shopping,14844800,Expense
2023-07-21,Health tax reward.,Health & Fitness,17489400,Expense
2023-07-22,Adjustment tools.,Shopping,6596200,Expense
2023-07-22,Tools interest delivery.,Salary,10099300,Income
2023-07-23,Express loan taxi hardware.,Travel,11000800,Expense
2023-07-23,Pharmacy household restaurant train fee.,Travel,15360400,Expense
2023-07-23,Discount support personal pharmacy balance direct freelance.,Travel,3226000,Expense
2023-07-23,Scientist do author.,Health & Fitness,16438200,Expense
2023-07-24,Credit advance payment.,Food & Drink,2032300,Expense
2023-07-24,Net hardware automatic management.,Other,18706600,Income
2023-07-24,Loan advance fuel.,Rent,7283100,Expense
2023-07-24,Shop parking.,Entertainment,7473300,Expense
2023-07-24,Hardware household delivery booking system household budget.,Entertainment,4053600,Expense
2023-07-24,Order premium hardware premium.,Entertainment,14117700,Expense
2023-07-25,President likely truth animal.,Utilities,1405800,Expense
2023-07-25,Store transfer gym client express phone.,Travel,15322900,Expense
2023-07-25,Electricity business fee app loan automatic network.,Investment,22080300,Income
2023-07-25,Interest household hospital flight fuel direct deal.,Entertainment,12876000,Expense
2023-07-25,Tools weekly plan discount shop taxi.,Investment,11221200,Income
2023-07-25,Travel renewal business credit express utility special.,Food & Drink,9792500,Expense
2023-07-25,Order grocery.,Rent,1724900,Expense
2023-07-26,Plan express client.,Food & Drink,13964400,Expense
2023-07-26,Contract plan premium automatic parking deal.,Investment,24577000,Income
2023-07-26,Adjustment adjustment renewal restaurant.,Rent,5624600,Expense
2023-07-26,Daily transfer project app.,Utilities,10737400,Expense
2023-07-26,Taxi client.,Travel,13792600,Expense
2023-07-26,Common anyone.,Shopping,2799400,Expense
2023-07-27,Pharmacy advance financial monthly savings adjustment personal.,Entertainment,12741100,Expense
2023-07-27,Standard equipment.,Shopping,5294900,Expense
2023-07-27,Box organization.,Entertainment,16755800,Expense
2023-07-27,Project bus electricity.,Investment,20504500,Income
2023-07-27,Lay color.,Food & Drink,3557400,Expense
2023-07-28,Train total delivery special account.,Entertainment,1618000,Expense
2023-07-28,Charge pending.,Rent,10674000,Expense
2023-07-28,Net business.,Shopping,15879000,Expense
2023-07-28,Deposit support water personal bus household.,Entertainment,7681900,Expense
2023-07-28,Annual renewal transfer renewal.,Entertainment,4178900,Expense
2023-07-29,Hospital flight equipment shop.,Entertainment,7773100,Expense
2023-07-29,Adjustment software interest financial phone renewal gross.,Food & Drink,13432800,Expense
2023-07-29,Household software priority.,Health & Fitness,1623600,Expense
2023-07-29,Direct mortgage shop pending.,Utilities,9859800,Expense
2023-07-29,Advance clinic credit restaurant.,Other,24070900,Income
2023-07-30,Personal entertainment daily deal equipment fee.,Utilities,19469200,Expense
2023-07-30,Entertainment utility internet reward standard vendor net.,Salary,12932700,Income
2023-07-30,Train bonus mall parking pharmacy vendor financial.,Utilities,11930200,Expense
2023-07-30,Monthly priority travel contract hospital.,Health & Fitness,726400,Expense
2023-07-30,Taxi account fuel regular.,Salary,7337400,Income
2023-07-30,Source international.,Salary,1106100,Income
2023-07-30,Net processed tools water booking bus.,Shopping,15497300,Expense
2023-07-31,Software pending contract deposit budget water project.,Rent,6702500,Expense
2023-07-31,Payment system mall deposit.,Food & Drink,9661000,Expense
2023-07-31,Processed express fee hospital loan.,Entertainment,1983400,Expense
2023-07-31,Annual savings.,Salary,3967600,Income
2023-07-31,Premium discount total fuel purchase entertainment store.,Shopping,9612600,Expense
2023-08-01,Building range national focus.,Entertainment,5552200,Expense
2023-08-01,System fuel grocery gym weekly subscription regular.,Rent,18747100,Expense
2023-08-01,Purchase debit salary payment market electricity monthly.,Health & Fitness,8038500,Expense
2023-08-01,Taxi mall grocery deposit water flight.,Salary,7889100,Income
2023-08-01,Delivery service express plan.,Salary,15861500,Income
2023-08-01,Transfer food.,Salary,13931500,Income
2023-08-01,Service economy purchase payment food standard.,Shopping,14171700,Expense
2023-08-01,Utility clinic delivery express network.,Rent,15959100,Expense
2023-08-01,Interest weekly pending.,Entertainment,16323100,Expense
2023-08-01,Daily store renewal support.,Salary,15945500,Income
2023-08-01,Order premium net flight salary invoice.,Salary,3116200,Income
2023-08-01,Support parking account tax investment.,Food & Drink,3282000,Expense
2023-08-02,Deal restaurant water gross market fuel advance.,Utilities,15514500,Expense
2023-08-02,Renewal daily balance business software contract.,Utilities,4887800,Expense
2023-08-02,Express online investment.,Food & Drink,13510700,Expense
2023-08-02,Monthly pending renewal.,Shopping,14716400,Expense
2023-08-02,Gym digital travel water.,Travel,13025200,Expense
2023-08-02,Store grocery invoice taxi discount business insurance.,Food & Drink,1270100,Expense
2023-08-02,Hardware regular store hardware.,Other,8794900,Income
2023-08-03,Mortgage flight deal store.,Travel,8443800,Expense
2023-08-03,Special food purchase.,Investment,43365800,Income
2023-08-03,Debit hotel.,Shopping,11821700,Expense
2023-08-03,Freelance network travel priority standard subscription interest.,Utilities,6638400,Expense
2023-08-03,Platform food.,Salary,7724200,Income
2023-08-04,Savings project network financial client mall salary.,Health & Fitness,19624100,Expense
2023-08-04,Or friend.,Shopping,12744700,Expense
2023-08-04,Flight order subscription.,Investment,26822500,Income
2023-08-04,Freelance hospital direct.,Food & Drink,8160700,Expense
2023-08-04,Booking daily bonus material order bill.,Shopping,7582700,Expense
2023-08-04,Food mortgage household food balance.,Salary,14995800,Income
2023-08-04,Deposit material processed.,Travel,7685000,Expense
2023-08-05,Invoice investment charge charge priority savings.,Salary,7879800,Income
2023-08-05,Center indeed recent.,Investment,24810000,Income
2023-08-05,Platform train.,Food & Drink,19012200,Expense
2023-08-05,Package mortgage.,Travel,16803600,Expense
2023-08-05,Daily water annual interest charge.,Shopping,11092900,Expense
2023-08-05,Travel deal.,Shopping,16538100,Expense
2023-08-05,Gym standard travel.,Salary,2623000,Income
2023-08-05,Pending subscription.,Investment,31103600,Income
2023-08-05,Deal grocery utility.,Rent,4978800,Expense
2023-08-05,Utility project.,Other,8202500,Income
2023-08-05,App entertainment phone business package pending taxi.,Food & Drink,9611200,Expense
2023-08-06,App equipment loan hotel plan monthly.,Shopping,14719300,Expense
2023-08-06,Annual taxi platform service online balance project.,Entertainment,3502400,Expense
2023-08-06,Shop express client maintenance bill package delivery.,Food & Drink,6061200,Expense
2023-08-06,Gross advance software salary contract renewal.,Travel,13056500,Expense
2023-08-06,Special digital project shop subscription financial.,Rent,2984400,Expense
2023-08-06,Entertainment digital taxi payment balance shop.,Investment,9834200,Income
2023-08-06,Platform flight tax clinic utility daily hospital.,Travel,10708400,Expense
2023-08-07,Water personal network account.,Food & Drink,2122700,Expense
2023-08-07,Transfer charge regular package hospital.,Travel,14460300,Expense
2023-08-07,Just understand american.,Salary,3633900,Income
2023-08-07,Personal savings gross economy express.,Travel,2316100,Expense
2023-08-07,Partner sing administration main according.,Health & Fitness,6950600,Expense
2023-08-08,Clinic plan premium savings total grocery grocery.,Other,14988200,Income
2023-08-08,Net system.,Other,40822500,Income
2023-08-09,Package standard pending train plan.,Investment,37503000,Income
2023-08-09,Internet train.,Entertainment,12102000,Expense
2023-08-09,Train hospital grocery regular.,Other,28503000,Income
2023-08-09,Utility travel.,Health & Fitness,7155100,Expense
2023-08-09,Special hardware total account deal hardware.,Travel,7162700,Expense
2023-08-09,Really society live camera.,Travel,646300,Expense
2023-08-09,Gross payment bonus net.,Other,27450100,Income
2023-08-09,Bus budget gym deal bill credit balance.,Entertainment,18052800,Expense
2023-08-09,Direct delivery.,Entertainment,10973400,Expense
2023-08-09,Train discount salary.,Utilities,9727800,Expense
2023-08-09,Pending pharmacy transfer maintenance.,Rent,7663600,Expense
2023-08-09,Religious order.,Travel,15004300,Expense
2023-08-10,Mission include visit.,Investment,23130000,Income
2023-08-10,Digital balance bill booking maintenance online.,Shopping,8322900,Expense
2023-08-10,Conference matter wear physical site.,Entertainment,5454800,Expense
2023-08-10,Digital pharmacy.,Entertainment,15652500,Expense
2023-08-10,Debit priority savings.,Other,28278400,Income
2023-08-10,Fuel investment direct store.,Other,23925300,Income
2023-08-10,Mall freelance travel mortgage clinic.,Travel,9417900,Expense
2023-08-10,Client vendor debit financial digital mall booking.,Entertainment,6046800,Expense
2023-08-11,Tools management deposit material payment special.,Utilities,3898800,Expense
2023-08-11,Economy package.,Shopping,14736400,Expense
2023-08-11,Above dog brother morning.,Food & Drink,17306100,Expense
2023-08-11,Total internet economy platform network special bill.,Utilities,11031000,Expense
2023-08-12,Debit fee business tax contract economy support.,Food & Drink,11195400,Expense
2023-08-13,Bus project delivery fee daily business annual.,Shopping,4602500,Expense
2023-08-13,Deal discount tools salary premium automatic deal.,Shopping,12121100,Expense
2023-08-13,Freelance charge travel standard transfer premium standard.,Utilities,9355600,Expense
2023-08-13,Client special.,Salary,3104400,Income
2023-08-13,Investment household shop charge loan health gym.,Shopping,13522100,Expense
2023-08-13,Material travel fuel service hospital.,Investment,15351900,Income
2023-08-13,Personal bus weekly support.,Food & Drink,10362600,Expense
2023-08-13,Hotel reward platform bonus.,Other,14563000,Income
2023-08-13,Fee pending total discount.,Investment,37890300,Income
2023-08-13,Internet renewal payment.,Investment,48361500,Income
2023-08-14,Invoice online online market train payment pending.,Travel,10985300,Expense
2023-08-14,Insurance bill contract online platform.,Health & Fitness,19414800,Expense
2023-08-15,Loan travel flight phone.,Salary,17050600,Income
2023-08-15,Software parking debit phone food shop payment.,Health & Fitness,683300,Expense
2023-08-15,Utility hardware.,Entertainment,3492100,Expense
2023-08-15,Internet economy order premium support balance client.,Salary,1814400,Income
2023-08-15,Direct online salary system debit.,Rent,290100,Expense
2023-08-15,Package mall.,Other,20430900,Income
2023-08-15,Mortgage mortgage personal phone vendor network.,Food & Drink,12732200,Expense
2023-08-16,Regular premium discount processed weekly system.,Salary,3792200,Income
2023-08-16,Gun seven music despite show.,Food & Drink,9534500,Expense
2023-08-16,Credit advance express total tax.,Salary,8373400,Income
2023-08-16,Annual fee.,Travel,14068200,Expense
2023-08-16,Business digital maintenance phone food business order.,Shopping,13537200,Expense
2023-08-16,Tools mortgage contract freelance subscription.,Travel,11819200,Expense
2023-08-16,Financial mall.,Food & Drink,16886300,Expense
2023-08-17,Savings priority vendor water train processed.,Utilities,13586400,Expense
2023-08-17,Computer prove amount population.,Travel,14283500,Expense
2023-08-17,Investment online.,Investment,37280500,Income
2023-08-17,Apply both chance.,Investment,5690000,Income
2023-08-17,Project express hotel contract.,Utilities,12365100,Expense
2023-08-17,Delivery daily payment.,Entertainment,10541700,Expense
2023-08-18,Fuel electricity grocery.,Rent,11614900,Expense
2023-08-18,Store network daily water.,Other,5550400,Income
2023-08-18,Booking personal purchase deposit delivery.,Other,30301400,Income
2023-08-18,Transfer entertainment annual service.,Utilities,4656100,Expense
2023-08-18,Transfer gross network gym material total.,Health & Fitness,15195600,Expense
2023-08-18,Financial credit vendor.,Rent,7780400,Expense
2023-08-18,Store account booking fee gross platform.,Health & Fitness,12748800,Expense
2023-08-18,Hospital parking adjustment monthly adjustment budget.,Rent,12450300,Expense
2023-08-18,Deal insurance payment hotel.,Travel,17424000,Expense
2023-08-19,Payment reward digital client express.,Travel,9885700,Expense
2023-08-19,Monthly pharmacy bill entertainment maintenance.,Health & Fitness,12037400,Expense
2023-08-19,Contract health fuel.,Utilities,5616300,Expense
2023-08-19,Health order bus management purchase interest.,Salary,4927000,Income
2023-08-19,Mortgage priority.,Entertainment,12663000,Expense
2023-08-19,Market flight debit tax bus purchase.,Food & Drink,8889300,Expense
2023-08-19,Standard financial entertainment premium purchase payment food.,Shopping,11597300,Expense
2023-08-20,Interest software annual package.,Rent,18241000,Expense
2023-08-20,Train hospital annual reward.,Salary,15298100,Income
2023-08-20,Purchase mortgage business budget health premium taxi.,Travel,6040400,Expense
2023-08-20,System net store adjustment gross equipment renewal.,Health & Fitness,1462600,Expense
2023-08-21,Deal platform pending store taxi.,Rent,5740400,Expense
2023-08-21,Charge deposit pending.,Utilities,5946500,Expense
2023-08-21,Phone pharmacy.,Food & Drink,4914500,Expense
2023-08-21,Itself free source.,Travel,8533800,Expense
2023-08-21,Account discount hotel management entertainment.,Investment,6482500,Income
2023-08-21,Service gym hardware entertainment vendor.,Entertainment,4332700,Expense
2023-08-21,Flight grocery food train net.,Salary,6592400,Income
2023-08-21,Automatic vendor payment restaurant standard delivery insurance.,Salary,12582500,Income
2023-08-22,Network booking bus financial bill express.,Food & Drink,8533800,Expense
2023-08-22,Bit appear.,Health & Fitness,9234100,Expense
2023-08-22,Monthly total support package.,Other,25676000,Income
2023-08-23,Store hotel.,Rent,5521200,Expense
2023-08-23,Citizen ahead method.,Travel,13576200,Expense
2023-08-23,Parking store store credit charge investment.,Travel,15357000,Expense
2023-08-24,Invoice bus.,Investment,12065000,Income
2023-08-24,Business taxi train taxi bonus service priority.,Salary,6584100,Income
2023-08-25,Bill app reward mortgage.,Entertainment,17659600,Expense
2023-08-25,Business total.,Utilities,11886200,Expense
2023-08-25,Store tools insurance taxi annual.,Health & Fitness,14876100,Expense
2023-08-25,Debit pharmacy water utility gross electricity.,Investment,31463900,Income
2023-08-25,Return or for.,Shopping,11731300,Expense
2023-08-25,Material household invoice household entertainment utility premium.,Investment,10198600,Income
2023-08-25,Project regular utility system.,Other,22572500,Income
2023-08-25,Deposit store pharmacy.,Shopping,19356500,Expense
2023-08-26,Food travel bonus discount.,Food & Drink,14941100,Expense
2023-08-26,Deal pending.,Utilities,7166500,Expense
2023-08-26,Account adjustment loan client annual processed.,Food & Drink,19440000,Expense
2023-08-26,System advance vendor debit parking phone management.,Salary,13238700,Income
2023-08-26,Standard parking business subscription purchase special delivery.,Investment,11762100,Income
2023-08-27,Discover body direction down.,Other,28150000,Income
2023-08-27,Material discount.,Entertainment,7396900,Expense
2023-08-27,Express deposit fuel daily debit shop freelance.,Rent,16597300,Expense
2023-08-28,Investment network.,Health & Fitness,11343500,Expense
2023-08-28,Monthly delivery personal.,Utilities,7288300,Expense
2023-08-28,Mall delivery subscription software equipment.,Entertainment,12787200,Expense
2023-08-28,Interest hardware insurance.,Utilities,3673200,Expense
2023-08-28,Market special bill.,Food & Drink,18781600,Expense
2023-08-28,Electricity net shop invoice.,Health & Fitness,11468900,Expense
2023-08-28,Entertainment maintenance.,Investment,23083500,Income
2023-08-28,Account direct.,Utilities,10456700,Expense
2023-08-29,Payment platform internet special credit.,Other,43295700,Income
2023-08-29,Package entertainment hospital.,Food & Drink,15978500,Expense
2023-08-29,Phone fee.,Rent,19390800,Expense
2023-08-29,Platform account economy balance parking.,Entertainment,7146000,Expense
2023-08-30,Payment balance management travel entertainment taxi.,Utilities,9493600,Expense
2023-08-30,Three certain.,Travel,12847800,Expense
2023-08-30,Heart determine likely.,Rent,9686600,Expense
2023-08-30,Taxi store interest parking charge total.,Salary,16639600,Income
2023-08-30,Plan digital restaurant booking.,Shopping,18793800,Expense
2023-08-30,Utility delivery invoice discount processed.,Health & Fitness,2744900,Expense
2023-08-30,Dark camera realize.,Travel,3848400,Expense
2023-08-30,Hold carry rest.,Travel,13156800,Expense
2023-08-31,Express order hospital freelance charge service monthly.,Investment,7078800,Income
2023-08-31,Clinic restaurant food adjustment booking renewal.,Entertainment,991700,Expense
2023-08-31,Processed weekly account.,Health & Fitness,8992600,Expense
2023-08-31,Hotel debit household loan daily.,Shopping,1268400,Expense
2023-08-31,Transfer client tax.,Health & Fitness,929600,Expense
2023-08-31,Transfer savings subscription household automatic health.,Travel,6375600,Expense
2023-09-01,Project package debit processed.,Travel,9958300,Expense
2023-09-01,Carry surface learn.,Entertainment,18003800,Expense
2023-09-01,Booking premium gross hospital.,Investment,11276500,Income
2023-09-01,Budget store monthly salary.,Other,21230000,Income
2023-09-01,Contract invoice automatic digital system package.,Health & Fitness,9667200,Expense
2023-09-01,Detail far church some.,Shopping,13244600,Expense
2023-09-01,Pharmacy premium direct.,Food & Drink,7636800,Expense
2023-09-01,Balance daily vendor personal health.,Investment,23981700,Income
2023-09-01,Household flight internet support advance renewal pending.,Shopping,12265600,Expense
2023-09-02,Debit budget contract standard grocery mall invoice.,Food & Drink,7019800,Expense
2023-09-03,Digital maintenance business invoice delivery clinic bus.,Other,34997000,Income
2023-09-03,Equipment package investment.,Other,38405700,Income
2023-09-03,Loan account net.,Shopping,11044500,Expense
2023-09-03,Processed renewal.,Food & Drink,15092900,Expense
2023-09-03,Wife talk beat tax majority.,Food & Drink,13142500,Expense
2023-09-03,Shop pharmacy electricity.,Salary,3945900,Income
2023-09-04,Regular electricity travel premium advance fuel pending.,Travel,11422500,Expense
2023-09-04,Its develop until watch.,Food & Drink,11702200,Expense
2023-09-04,List leg address into their.,Travel,18147500,Expense
2023-09-04,Delivery monthly direct tax priority net.,Utilities,7934000,Expense
2023-09-04,Individual analysis.,Entertainment,6929000,Expense
2023-09-04,Project software client monthly mall shop.,Utilities,2138900,Expense
2023-09-04,Package food fuel platform restaurant.,Other,17585000,Income
2023-09-04,Internet savings balance electricity advance project purchase.,Salary,19009300,Income
2023-09-05,Standard app.,Investment,12006800,Income
2023-09-05,Management adjustment hardware deposit contract platform bonus.,Health & Fitness,16232700,Expense
2023-09-05,Network delivery client.,Entertainment,11855900,Expense
2023-09-05,Package business parking mall travel travel platform.,Health & Fitness,18101800,Expense
2023-09-05,Electricity processed order total contract water.,Rent,12503700,Expense
2023-09-05,Daily hotel.,Food & Drink,5354600,Expense
2023-09-05,Clinic shop health mall net tools grocery.,Shopping,19450200,Expense
2023-09-05,Bus bus.,Utilities,7945100,Expense
2023-09-05,Gym business.,Entertainment,5416300,Expense
2023-09-05,Online restaurant.,Investment,19350600,Income
2023-09-06,Purchase store pending.,Food & Drink,14797000,Expense
2023-09-06,Bill charge train bonus.,Investment,15330400,Income
2023-09-06,Invoice restaurant bus restaurant utility.,Other,28754900,Income
2023-09-06,Savings investment fee booking standard restaurant.,Travel,8140000,Expense
2023-09-07,Household annual economy processed.,Investment,28465700,Income
2023-09-07,Pharmacy priority renewal interest.,Rent,17920300,Expense
2023-09-07,Delivery client express adjustment grocery reward platform.,Utilities,13046800,Expense
2023-09-07,Business payment freelance charge.,Rent,10387900,Expense
2023-09-07,Almost most look something.,Salary,18139900,Income
2023-09-08,Credit contract automatic.,Salary,15841000,Income
2023-09-08,Gym travel.,Health & Fitness,6177100,Expense
2023-09-08,Tax credit.,Investment,33537500,Income
2023-09-08,Entertainment mortgage.,Food & Drink,15570200,Expense
2023-09-08,Advance delivery charge utility software savings.,Shopping,12944600,Expense
2023-09-08,Order hotel bill gross special.,Utilities,10614500,Expense
2023-09-08,Priority equipment transfer shop business.,Other,33564000,Income
2023-09-09,Standard total network payment loan.,Health & Fitness,10633700,Expense
2023-09-09,Renewal freelance weekly fee automatic package bonus.,Shopping,9976900,Expense
2023-09-09,Business account network.,Food & Drink,16660600,Expense
2023-09-09,Contract household automatic support client.,Rent,13649300,Expense
2023-09-09,Net budget hotel regular store.,Salary,14457800,Income
2023-09-09,Online software store bill credit client.,Other,24862600,Income
2023-09-10,Digital processed.,Rent,12967300,Expense
2023-09-10,Daily equipment processed weekly credit mortgage project.,Other,31269300,Income
2023-09-10,Internet support fuel weekly credit freelance weekly.,Food & Drink,13705200,Expense
2023-09-10,Entertainment support taxi fuel express.,Health & Fitness,12024200,Expense
2023-09-10,Manager bar send really.,Travel,16923800,Expense
2023-09-10,Project order gross water loan package.,Other,40908600,Income
2023-09-11,Car fast positive.,Utilities,5946300,Expense
2023-09-11,Health business renewal.,Other,24590200,Income
2023-09-11,Clinic food parking material entertainment express.,Entertainment,2511500,Expense
2023-09-11,Interest pending.,Shopping,14634300,Expense
2023-09-11,Equipment shop.,Salary,3381100,Income
2023-09-11,Deposit financial.,Entertainment,12802200,Expense
2023-09-11,Look fight.,Travel,14531200,Expense
2023-09-12,Material taxi.,Investment,25759100,Income
2023-09-12,Daily market.,Utilities,6683300,Expense
2023-09-12,Internet clinic health discount contract gross.,Other,29405000,Income
2023-09-12,Smile have less.,Rent,4522800,Expense
2023-09-12,Material online management deposit.,Other,43818100,Income
2023-09-12,Section agency lawyer sign them.,Utilities,18943800,Expense
2023-09-12,Mall investment booking reward grocery tax.,Investment,38665600,Income
2023-09-12,Business savings deal system.,Investment,28508300,Income
2023-09-12,Standard market.,Food & Drink,17502400,Expense
2023-09-12,Financial gross electricity software entertainment system online.,Utilities,12321800,Expense
2023-09-12,Investment client digital deal.,Entertainment,12991200,Expense
2023-09-12,Entertainment net adjustment pending.,Utilities,18824400,Expense
2023-09-13,Audience throw four allow international.,Travel,8467400,Expense
2023-09-13,Premium clinic.,Rent,18733700,Expense
2023-09-13,Utility taxi water bonus express.,Food & Drink,13546100,Expense
2023-09-14,War push thousand book half.,Rent,9463700,Expense
2023-09-14,Platform app hardware restaurant fee deposit.,Travel,2512500,Expense
2023-09-14,My some skin ball thing.,Health & Fitness,5285100,Expense
2023-09-14,Hand possible relate night.,Rent,9497200,Expense
2023-09-14,Invoice monthly.,Travel,9542200,Expense
2023-09-14,Financial bus order salary subscription food.,Rent,13084400,Expense
2023-09-14,Train tools contract.,Shopping,11096700,Expense
2023-09-14,Contract flight bill business.,Rent,3296100,Expense
2023-09-14,Food clinic order discount mortgage market deposit.,Travel,7864900,Expense
2023-09-15,Train economy plan regular travel personal.,Entertainment,6097800,Expense
2023-09-15,Charge total electricity tax.,Utilities,3977300,Expense
2023-09-15,Vendor monthly direct.,Health & Fitness,11362300,Expense
2023-09-15,Wonder draw box.,Investment,36260000,Income
2023-09-15,Equipment monthly project travel charge.,Health & Fitness,635100,Expense
2023-09-15,Management maintenance freelance debit support water.,Food & Drink,6343300,Expense
2023-09-15,Client plan savings electricity.,Health & Fitness,6440600,Expense
2023-09-15,Software software regular plan advance software.,Utilities,17817900,Expense
2023-09-15,Special maintenance digital clinic total net bill.,Entertainment,12343700,Expense
2023-09-15,Flight bonus booking.,Investment,36098800,Income
2023-09-15,That reflect send set fly.,Shopping,1175800,Expense
2023-09-15,Interest standard.,Rent,15470000,Expense
2023-09-16,Budget adjustment priority.,Investment,27700300,Income
2023-09-16,Fuel project transfer.,Salary,12112600,Income
2023-09-16,Money but report question.,Salary,2950200,Income
2023-09-16,Quite everyone as generation.,Utilities,19847700,Expense
2023-09-16,Net interest equipment standard special.,Food & Drink,7771000,Expense
2023-09-16,Market parking transfer hardware.,Investment,34359800,Income
2023-09-16,Credit hardware hardware gross service insurance processed.,Investment,25161100,Income
2023-09-16,Balance pending annual insurance.,Travel,3402000,Expense
2023-09-17,Maintenance vendor.,Health & Fitness,11461000,Expense
2023-09-17,Adjustment investment renewal tax gym renewal.,Salary,14253800,Income
2023-09-17,Parking automatic package deposit bus debit.,Rent,6903400,Expense
2023-09-17,Insurance household system savings water food.,Salary,6007000,Income
2023-09-17,Investment electricity daily market digital.,Travel,10594800,Expense
2023-09-17,Salary electricity mortgage.,Entertainment,7430700,Expense
2023-09-17,Financial hospital mall order.,Rent,13204200,Expense
2023-09-17,Credit flight utility.,Salary,8416800,Income
2023-09-17,Account contract hotel maintenance reward deal.,Utilities,12504800,Expense
2023-09-17,Credit invoice budget digital vendor client deal.,Utilities,13309100,Expense
2023-09-17,Platform contract payment grocery.,Salary,6010400,Income
2023-09-18,Bonus insurance electricity.,Travel,11467300,Expense
2023-09-18,Mortgage interest monthly plan reward.,Health & Fitness,11205300,Expense
2023-09-19,Train fuel project charge train platform savings.,Shopping,854100,Expense
2023-09-19,Priority package.,Shopping,8790900,Expense
2023-09-19,Order mall electricity equipment economy travel.,Food & Drink,15287800,Expense
2023-09-19,Electricity bus bus hospital interest household.,Salary,8921300,Income
2023-09-19,Deposit purchase entertainment app package household subscription.,Salary,12368900,Income
2023-09-19,Entertainment personal store.,Shopping,9097200,Expense
2023-09-19,Premium platform booking daily water annual bonus.,Shopping,13798100,Expense
2023-09-19,Market freelance support maintenance.,Utilities,9793600,Expense
2023-09-19,Transfer water project financial digital market health.,Food & Drink,5524700,Expense
2023-09-19,Purchase payment financial.,Rent,9415400,Expense
2023-09-20,Subscription online investment automatic.,Other,30090400,Income
2023-09-20,System reward.,Food & Drink,14070100,Expense
2023-09-20,Hospital travel processed.,Health & Fitness,7403500,Expense
2023-09-20,Deal adjustment.,Utilities,5157500,Expense
2023-09-20,Online business package.,Food & Drink,6293200,Expense
2023-09-20,Health management.,Utilities,6830400,Expense
2023-09-21,Platform debit food financial store payment deal.,Shopping,7466200,Expense
2023-09-21,Hardware priority pharmacy shop savings regular processed.,Food & Drink,7592200,Expense
2023-09-21,Salary monthly project tools phone.,Shopping,1619800,Expense
2023-09-21,Platform utility train vendor.,Salary,8434600,Income
2023-09-21,Electricity digital monthly freelance shop.,Travel,11541000,Expense
2023-09-21,Savings budget.,Investment,47010900,Income
2023-09-21,Throughout leader bag.,Utilities,6336900,Expense
2023-09-21,Daily debit gross freelance mall digital.,Rent,6131500,Expense
2023-09-21,Deal tools online material deposit debit.,Travel,11521400,Expense
2023-09-21,Later happy pull.,Utilities,15600900,Expense
2023-09-22,Savings express interest loan gym investment internet.,Salary,1231100,Income
2023-09-22,Discount deal regular financial advance renewal.,Travel,12978400,Expense
2023-09-22,Monthly internet phone health taxi taxi platform.,Rent,4212200,Expense
2023-09-22,Shop management renewal household.,Rent,3759600,Expense
2023-09-22,Tools tools interest debit parking debit utility.,Travel,19720600,Expense
2023-09-22,Flight system fee weekly express.,Shopping,9215000,Expense
2023-09-22,Hotel freelance.,Rent,10886300,Expense
2023-09-23,Annual business water mall gross.,Entertainment,9829000,Expense
2023-09-23,Hardware order.,Salary,9296300,Income
2023-09-23,When baby clearly.,Other,27400000,Income
2023-09-23,Pharmacy plan taxi weekly direct water service.,Shopping,9809500,Expense
2023-09-23,Bus net advance fuel credit.,Health & Fitness,4511300,Expense
2023-09-23,Renewal invoice entertainment service utility flight.,Health & Fitness,12446700,Expense
2023-09-23,Household utility budget premium plan standard order.,Rent,10608800,Expense
2023-09-23,Premium pharmacy restaurant.,Entertainment,3000600,Expense
2023-09-23,Electricity phone advance package.,Utilities,9946100,Expense
2023-09-23,Mall annual equipment restaurant charge annual financial.,Salary,4726000,Income
2023-09-24,Shop network balance health platform utility.,Entertainment,13732300,Expense
2023-09-24,Contract project standard budget platform subscription flight.,Rent,12041400,Expense
2023-09-24,Subscription interest phone support automatic entertainment project.,Travel,15063200,Expense
2023-09-24,Purchase business mall order package deal discount.,Travel,12127400,Expense
2023-09-24,Platform health bonus.,Rent,6186900,Expense
2023-09-24,Contract invoice express shop.,Travel,18530300,Expense
2023-09-24,Many themselves minute.,Utilities,11568000,Expense
2023-09-24,Charge electricity digital.,Rent,13308200,Expense
2023-09-24,Adjustment loan regular hardware contract.,Health & Fitness,9559300,Expense
2023-09-25,Food app online network loan.,Shopping,12835100,Expense
2023-09-25,Project purchase bill household payment travel express.,Travel,12506100,Expense
2023-09-25,Flight business pending contract.,Other,26480200,Income
2023-09-25,Freelance maintenance maintenance digital.,Utilities,16746200,Expense
2023-09-25,Train advance maintenance material electricity budget.,Shopping,12939900,Expense
2023-09-25,Grocery restaurant express premium.,Rent,5438800,Expense
2023-09-26,Loan bill app processed clinic invoice.,Travel,10505900,Expense
2023-09-26,Monthly deposit investment train client online.,Food & Drink,8619000,Expense
2023-09-26,Bus hardware special investment priority electricity bonus.,Investment,41512800,Income
2023-09-26,Online hardware personal maintenance phone.,Salary,9183300,Income
2023-09-26,Clinic direct water train daily app entertainment.,Rent,7471800,Expense
2023-09-26,Digital fuel maintenance subscription.,Investment,20380400,Income
2023-09-27,Discount app balance loan hospital market vendor.,Other,37428900,Income
2023-09-27,Renewal regular purchase app client.,Food & Drink,4728900,Expense
2023-09-27,Bonus maintenance freelance weekly management.,Shopping,3183300,Expense
2023-09-27,Mortgage contract savings interest deposit.,Health & Fitness,2644400,Expense
2023-09-28,Financial gross account bus total household.,Food & Drink,7796300,Expense
2023-09-28,Indicate radio use.,Investment,15600000,Income
2023-09-29,Fuel invoice.,Utilities,16798300,Expense
2023-09-29,Account special charge total utility interest.,Rent,8867300,Expense
2023-09-29,Loan mortgage economy gym.,Entertainment,6677200,Expense
2023-09-29,Vendor gym interest interest interest.,Investment,24683900,Income
2023-09-29,Market gross subscription premium restaurant grocery support.,Salary,9630700,Income
2023-09-29,Annual flight.,Rent,11240400,Expense
2023-09-29,Economy transfer app insurance.,Rent,9781800,Expense
2023-09-29,Information scene again country.,Shopping,8127500,Expense
2023-09-29,Support gross market bonus project.,Health & Fitness,1704100,Expense
2023-09-29,Clinic financial maintenance special contract.,Investment,29247600,Income
2023-09-30,Health reward total.,Rent,15562500,Expense
2023-09-30,Bill investment transfer payment.,Food & Drink,11743500,Expense
2023-09-30,Utility household.,Food & Drink,15706300,Expense
2023-09-30,Platform standard network entertainment package weekly annual.,Travel,7020900,Expense
2023-09-30,Gym gross phone.,Investment,16539700,Income
2023-09-30,Mortgage restaurant.,Travel,11776700,Expense
2023-10-01,Taxi mall parking grocery.,Travel,5453800,Expense
2023-10-01,Pharmacy package economy.,Entertainment,3454400,Expense
2023-10-01,Gym regular.,Shopping,8114600,Expense
2023-10-02,Salary reward vendor total.,Other,48656700,Income
2023-10-02,Mall tools weekly payment regular pending credit.,Salary,17104400,Income
2023-10-02,Express electricity.,Rent,14786500,Expense
2023-10-02,Tax invoice network.,Food & Drink,11955400,Expense
2023-10-02,Utility direct.,Food & Drink,3949800,Expense
2023-10-03,Strong mind from.,Shopping,192900,Expense
2023-10-04,Payment software.,Travel,12433200,Expense
2023-10-04,Train charge train tools booking.,Shopping,7420300,Expense
2023-10-04,Charge pharmacy.,Travel,3161200,Expense
2023-10-04,Pretty skin main program.,Health & Fitness,19006400,Expense
2023-10-04,Knowledge fight car smile commercial.,Entertainment,456500,Expense
2023-10-05,Clinic digital tax.,Shopping,3413000,Expense
2023-10-05,Adjustment investment weekly parking annual hotel app.,Travel,7276700,Expense
2023-10-05,Machine wife show.,Investment,23530000,Income
2023-10-06,Good lay coach.,Health & Fitness,6310600,Expense
2023-10-06,Adjustment transfer tax.,Food & Drink,19114600,Expense
2023-10-06,Tax online weekly internet.,Investment,44688700,Income
2023-10-06,Maintenance internet discount maintenance utility flight software.,Rent,3098300,Expense
2023-10-06,Market debit personal.,Health & Fitness,4107900,Expense
2023-10-07,Net subscription adjustment personal mortgage.,Salary,10448200,Income
2023-10-07,Support standard bonus regular business net.,Travel,4950200,Expense
2023-10-07,Fuel standard clinic debit economy bus.,Rent,10837600,Expense
2023-10-07,Discount pharmacy charge premium parking.,Travel,8363200,Expense
2023-10-07,Direct online booking clinic delivery deal.,Other,21628800,Income
2023-10-07,Mall financial client software service gross.,Rent,15724400,Expense
2023-10-07,Support taxi reward entertainment gross market charge.,Food & Drink,16427300,Expense
2023-10-08,Employee continue none alone.,Salary,14583900,Income
2023-10-08,Draw american first.,Investment,29420000,Income
2023-10-08,Automatic advance fee.,Food & Drink,10673700,Expense
2023-10-08,Expect win stuff realize project.,Other,18680000,Income
2023-10-09,Business annual plan.,Utilities,16781000,Expense
2023-10-09,Challenge large wish move.,Health & Fitness,8729900,Expense
2023-10-09,Daily train gym tools grocery economy entertainment.,Health & Fitness,7869600,Expense
2023-10-09,Plan business platform water shop.,Investment,41626000,Income
2023-10-09,Identify material.,Utilities,6920400,Expense
2023-10-10,Purchase utility express purchase food.,Entertainment,14829200,Expense
2023-10-10,Purchase tools renewal advance client.,Travel,13928800,Expense
2023-10-10,Salary restaurant parking insurance digital booking.,Other,16776500,Income
2023-10-10,Personal gym taxi train.,Entertainment,8084500,Expense
2023-10-10,Gross fuel household savings water salary.,Utilities,15133800,Expense
2023-10-10,Service daily subscription.,Other,21825200,Income
2023-10-10,Market clinic priority reward fee.,Travel,16111000,Expense
2023-10-11,Regular daily equipment taxi plan.,Shopping,15153900,Expense
2023-10-11,Until choose wife national.,Health & Fitness,15027300,Expense
2023-10-11,Monthly delivery loan.,Salary,11041600,Income
2023-10-11,Booking transfer savings.,Other,46532700,Income
2023-10-11,Bus payment.,Utilities,14307300,Expense
2023-10-12,Maintenance contract taxi adjustment health.,Shopping,16434300,Expense
2023-10-12,Taxi automatic purchase store.,Entertainment,10327900,Expense
2023-10-12,System gym mortgage network renewal.,Travel,15388900,Expense
2023-10-12,Payment travel network tools shop plan material.,Rent,18092300,Expense
2023-10-12,Special software gross discount investment.,Travel,12750700,Expense
2023-10-12,Subscription package adjustment.,Travel,12310500,Expense
2023-10-12,Health reward premium freelance.,Other,34626600,Income
2023-10-12,Management market business reward renewal hotel.,Investment,42410000,Income
2023-10-12,Balance electricity.,Food & Drink,16767100,Expense
2023-10-12,Booking internet client.,Investment,21232500,Income
2023-10-12,Personal daily delivery order debit.,Entertainment,7524600,Expense
2023-10-12,Management weekly.,Other,33000100,Income
2023-10-12,Parking interest annual software pending direct standard.,Food & Drink,13985000,Expense
2023-10-13,Phone invoice personal.,Entertainment,9045300,Expense
2023-10-13,App interest.,Food & Drink,10456500,Expense
2023-10-13,Financial booking pharmacy shop.,Rent,16372100,Expense
2023-10-13,Positive far time wide.,Other,6560000,Income
2023-10-13,Network pharmacy priority shop savings.,Travel,9917300,Expense
2023-10-14,Network discount.,Food & Drink,9543600,Expense
2023-10-14,Rule too.,Investment,15080000,Income
2023-10-14,Fee investment project.,Entertainment,3510100,Expense
2023-10-14,Son rock two.,Utilities,4302700,Expense
2023-10-14,Online service.,Salary,17593600,Income
2023-10-14,Health clinic freelance material.,Health & Fitness,8545200,Expense
2023-10-14,Deal taxi.,Food & Drink,17390800,Expense
2023-10-14,Bonus vendor.,Utilities,11864300,Expense
2023-10-14,Personal train economy restaurant plan economy.,Salary,18361300,Income
2023-10-14,Bus charge grocery fee entertainment booking material.,Travel,15159200,Expense
2023-10-14,System advance subscription package bill tools.,Travel,6488000,Expense
2023-10-14,Service account purchase invoice.,Salary,15683400,Income
2023-10-14,Annual debit priority.,Investment,11708400,Income
2023-10-15,Part crime.,Food & Drink,11919100,Expense
2023-10-15,Contract premium app clinic insurance business maintenance.,Food & Drink,12193700,Expense
2023-10-15,Financial discount train platform.,Other,33445500,Income
2023-10-15,Bring agent pay detail group.,Food & Drink,7566300,Expense
2023-10-15,Tools fuel processed app processed.,Health & Fitness,2282600,Expense
2023-10-16,Electricity discount.,Food & Drink,12252300,Expense
2023-10-16,Sit short cultural.,Investment,6610000,Income
2023-10-17,Economy daily network package app train.,Health & Fitness,5212100,Expense
2023-10-17,Financial credit pharmacy platform.,Investment,5347400,Income
2023-10-17,Owner memory argue project.,Rent,10990900,Expense
2023-10-17,Direct processed fee vendor.,Health & Fitness,17784600,Expense
2023-10-17,Insurance household annual water advance tools.,Salary,17742100,Income
2023-10-17,Renewal pending.,Salary,3904100,Income
2023-10-17,Support quality whatever wish hour.,Investment,39140000,Income
2023-10-18,Food gym delivery insurance management entertainment.,Shopping,13943400,Expense
2023-10-18,Package tools insurance.,Salary,6654000,Income
2023-10-18,Order market invoice delivery.,Health & Fitness,6406200,Expense
2023-10-18,Monthly investment phone.,Utilities,14692600,Expense
2023-10-18,Maintenance fee tools restaurant.,Salary,5297000,Income
2023-10-18,Account project gross standard market.,Utilities,8360300,Expense
2023-10-19,Total freelance train personal package.,Health & Fitness,4042700,Expense
2023-10-19,System network.,Investment,21386100,Income
2023-10-19,Subscription hotel regular financial business.,Utilities,8025100,Expense
2023-10-19,Client regular internet maintenance project.,Food & Drink,1301800,Expense
2023-10-19,Tax balance payment service fee hotel mortgage.,Shopping,13430400,Expense
2023-10-19,Grocery booking booking.,Travel,9934500,Expense
2023-10-19,Maintenance delivery deposit parking internet total.,Health & Fitness,8614700,Expense
2023-10-19,Premium balance software online household renewal.,Health & Fitness,15502600,Expense
2023-10-20,Weekly management household total support vendor economy.,Shopping,8754200,Expense
2023-10-20,Purchase entertainment reward daily credit adjustment electricity.,Shopping,302300,Expense
2023-10-20,Freelance budget hotel vendor special support.,Entertainment,17023500,Expense
2023-10-20,Flight contract.,Shopping,11783100,Expense
2023-10-20,Grocery platform.,Salary,13614000,Income
2023-10-20,Debit client package subscription credit app.,Food & Drink,13748200,Expense
2023-10-20,Grocery invoice bonus online subscription.,Salary,13622800,Income
2023-10-21,Automatic package business loan.,Shopping,572800,Expense
2023-10-21,Service net.,Entertainment,10479200,Expense
2023-10-21,Discount contract charge fee premium insurance.,Shopping,9440900,Expense
2023-10-21,Bill food order service delivery financial water.,Rent,12965500,Expense
2023-10-22,Platform debit.,Travel,6494300,Expense
2023-10-22,Service pending direct shop internet total gross.,Entertainment,5647400,Expense
2023-10-22,Water gym special.,Other,11927300,Income
2023-10-22,Daily platform balance booking automatic platform.,Health & Fitness,11392500,Expense
2023-10-22,Hotel household mortgage.,Entertainment,7952700,Expense
2023-10-23,Business flight bill.,Investment,44811400,Income
2023-10-23,Charge gross train.,Investment,24210600,Income
2023-10-23,Adjustment material.,Shopping,9821100,Expense
2023-10-23,Network project hardware internet network.,Salary,6666000,Income
2023-10-24,Economy flight bus salary debit weekly economy.,Shopping,1023200,Expense
2023-10-24,Net account delivery flight.,Travel,13165100,Expense
2023-10-24,Food discount monthly purchase monthly restaurant.,Rent,12291700,Expense
2023-10-24,Mortgage hardware restaurant hardware regular software.,Other,25834300,Income
2023-10-24,Grocery budget priority platform annual total.,Shopping,12244100,Expense
2023-10-24,Special grocery shop project hotel.,Utilities,1378400,Expense
2023-10-25,Vendor clinic vendor fuel regular.,Travel,12311200,Expense
2023-10-25,Standard processed flight order.,Salary,5349200,Income
2023-10-25,Contract direct order software parking.,Other,14429400,Income
2023-10-25,App maintenance.,Salary,14192000,Income
2023-10-25,Budget deposit taxi maintenance bill contract.,Entertainment,9229800,Expense
2023-10-26,Regular standard personal.,Investment,36499500,Income
2023-10-26,Loan flight utility debit tax.,Travel,1512400,Expense
2023-10-26,Mall daily platform.,Entertainment,11762800,Expense
2023-10-26,Freelance balance tools daily service pending mortgage.,Health & Fitness,10437100,Expense
2023-10-27,General final knowledge.,Food & Drink,6092200,Expense
2023-10-27,Contract bus grocery total.,Entertainment,9865600,Expense
2023-10-27,Mortgage service purchase internet.,Rent,12710400,Expense
2023-10-27,Savings total deal software automatic net discount.,Travel,9409000,Expense
2023-10-27,Annual total bill vendor discount.,Salary,6652600,Income
2023-10-27,Respond into history.,Utilities,4189300,Expense
2023-10-27,Special monthly daily market.,Shopping,4248300,Expense
2023-10-28,Internet shop daily gym mall.,Travel,10242800,Expense
2023-10-28,Special gym delivery budget special weekly account.,Other,24523800,Income
2023-10-28,Monthly deposit utility.,Health & Fitness,10638400,Expense
2023-10-28,Bus purchase support.,Salary,2796300,Income
2023-10-28,Hotel mortgage fuel clinic priority savings financial.,Entertainment,15379500,Expense
2023-10-28,Material hotel balance utility internet account online.,Other,25464700,Income
2023-10-28,Premium bonus market subscription savings delivery.,Rent,14113300,Expense
2023-10-28,Interest credit health bill invoice material discount.,Shopping,4124400,Expense
2023-10-29,Transfer shop.,Health & Fitness,12578600,Expense
2023-10-29,Democratic thousand.,Travel,12493700,Expense
2023-10-29,Electricity hardware.,Shopping,15663100,Expense
2023-10-29,Total service store.,Health & Fitness,3282100,Expense
2023-10-30,Payment mall.,Travel,11584300,Expense
2023-10-30,Shop mall reward hotel bill tools transfer.,Rent,4089600,Expense
2023-10-30,Online support total.,Investment,46005800,Income
2023-10-30,Special online reward advance adjustment.,Food & Drink,7780800,Expense
2023-10-30,System net daily subscription balance mall digital.,Rent,13545600,Expense
2023-10-30,Weekly monthly.,Shopping,5062400,Expense
2023-10-30,Eye south wife interest.,Shopping,16630000,Expense
2023-10-30,Store grocery gross parking plan.,Entertainment,6583200,Expense
2023-10-30,Structure our century.,Investment,28150000,Income
2023-10-30,Net bill account utility transfer discount client.,Rent,5731300,Expense
2023-11-01,Train interest renewal.,Food & Drink,18336300,Expense
2023-11-01,Water financial processed platform.,Utilities,9117400,Expense
2023-11-01,App tax.,Entertainment,9209300,Expense
2023-11-01,Charge balance insurance account advance direct.,Food & Drink,11656900,Expense
2023-11-01,Regular client daily material express mortgage.,Entertainment,10663600,Expense
2023-11-01,Discount pharmacy.,Investment,19858500,Income
2023-11-01,Water personal investment net.,Salary,9692600,Income
2023-11-01,Hardware package internet.,Investment,22463100,Income
2023-11-01,Adjustment equipment interest investment gym bonus investment.,Food & Drink,2704700,Expense
2023-11-01,Bonus mall package maintenance water loan parking.,Investment,25610300,Income
2023-11-02,Deal plan.,Health & Fitness,3481200,Expense
2023-11-02,Platform plan grocery app water credit.,Food & Drink,15929200,Expense
2023-11-02,Food material shop.,Salary,13389900,Income
2023-11-02,Salary interest total digital transfer monthly.,Health & Fitness,8569000,Expense
2023-11-02,Taxi order restaurant household.,Shopping,6071600,Expense
2023-11-02,Order weekly.,Rent,6191000,Expense
2023-11-02,Charge food train.,Rent,4708100,Expense
2023-11-02,Loan reward salary.,Shopping,12020200,Expense
2023-11-03,Pending service credit fee gym.,Shopping,2224200,Expense
2023-11-03,Net investment credit network bus annual train.,Health & Fitness,3530000,Expense
2023-11-03,Market weekly premium flight.,Other,26498900,Income
2023-11-03,Gross electricity annual adjustment software.,Investment,27963400,Income
2023-11-03,Gross material net parking delivery mall.,Utilities,10177700,Expense
2023-11-03,Store purchase economy.,Health & Fitness,12836900,Expense
2023-11-03,Household maintenance balance booking order direct.,Other,20446700,Income
2023-11-03,Processed tools personal flight.,Entertainment,13752100,Expense
2023-11-03,Balance investment order hotel food monthly fuel.,Salary,10501600,Income
2023-11-03,Bonus processed taxi delivery adjustment.,Food & Drink,13454400,Expense
2023-11-03,Store material digital bill.,Salary,15528100,Income
2023-11-04,Insurance express.,Entertainment,12226600,Expense
2023-11-04,Personal hospital electricity entertainment annual.,Salary,11902700,Income
2023-11-04,Gym debit vendor network annual.,Other,31383200,Income
2023-11-04,Write moment friend value.,Investment,45770000,Income
2023-11-04,Contract plan weekly software system budget.,Health & Fitness,13306700,Expense
2023-11-04,System shop hardware balance.,Health & Fitness,12008100,Expense
2023-11-04,Gross maintenance shop budget bonus.,Salary,10959100,Income
2023-11-04,Flight travel electricity bus adjustment pending hardware.,Travel,2059100,Expense
2023-11-04,Digital annual purchase.,Investment,29352800,Income
2023-11-05,Grocery service.,Rent,15278100,Expense
2023-11-05,Direct personal balance.,Salary,16245000,Income
2023-11-05,Client deposit parking.,Health & Fitness,6136200,Expense
2023-11-05,Maintenance processed.,Utilities,15590300,Expense
2023-11-05,Insurance phone project grocery digital.,Food & Drink,9951500,Expense
2023-11-05,Bus monthly fuel salary deposit internet.,Food & Drink,13586100,Expense
2023-11-05,According police.,Investment,26540000,Income
2023-11-05,Health software personal.,Other,33355200,Income
2023-11-05,System budget budget premium project digital water.,Utilities,13532500,Expense
2023-11-06,Savings transfer.,Shopping,13233700,Expense
2023-11-06,Gross pending deposit.,Entertainment,10186300,Expense
2023-11-06,System taxi gym health.,Food & Drink,9076300,Expense
2023-11-07,Software total deposit contract.,Salary,5271600,Income
2023-11-07,Grocery client.,Rent,17047000,Expense
2023-11-08,Account reward balance deposit shop pharmacy pharmacy.,Salary,7826000,Income
2023-11-08,Strategy face make.,Utilities,884200,Expense
2023-11-08,Market payment pending priority store flight purchase.,Health & Fitness,3127000,Expense
2023-11-08,Company left nothing trip.,Entertainment,7222600,Expense
2023-11-08,Project advance account gym investment.,Other,24899400,Income
2023-11-08,Purchase fuel daily gym.,Travel,8648000,Expense
2023-11-08,Fight nice less agree able.,Entertainment,13795300,Expense
2023-11-08,Annual balance.,Entertainment,9281400,Expense
2023-11-08,Fee charge software client economy standard.,Travel,14487900,Expense
2023-11-09,Grocery total hardware loan service.,Rent,7697100,Expense
2023-11-09,Conference trade population agreement.,Rent,16721100,Expense
2023-11-09,Monthly network invoice.,Utilities,13817000,Expense
2023-11-09,Digital salary delivery daily.,Other,29991300,Income
2023-11-09,What strong line.,Entertainment,154500,Expense
2023-11-09,Parking vendor deposit.,Salary,8950300,Income
2023-11-09,Grocery travel project grocery.,Travel,18120700,Expense
2023-11-10,Investment net order support total invoice.,Rent,9408100,Expense
2023-11-10,Special economy.,Rent,4564700,Expense
2023-11-10,Tax gross hotel.,Rent,4628000,Expense
2023-11-10,Order client health payment.,Salary,6197300,Income
2023-11-10,Taxi train renewal pharmacy train deposit.,Shopping,12095200,Expense
2023-11-10,Subscription support charge investment.,Rent,8968400,Expense
2023-11-10,Household network.,Utilities,10000100,Expense
2023-11-10,Budget online debit balance project electricity.,Health & Fitness,17294300,Expense
2023-11-10,Monthly service service deal material salary weekly.,Rent,10289800,Expense
2023-11-11,Bonus vendor health deposit food processed.,Health & Fitness,12320200,Expense
2023-11-11,Package total electricity hotel management.,Food & Drink,11780900,Expense
2023-11-11,Store freelance tax hotel deposit.,Travel,13927000,Expense
2023-11-11,Monthly fuel support reward.,Entertainment,8478000,Expense
2023-11-11,Than physical live reason.,Rent,14498900,Expense
2023-11-11,Internet transfer priority priority savings.,Other,20460100,Income
2023-11-11,Yes at seat ok.,Utilities,18994000,Expense
2023-11-11,Adjustment subscription pending net debit household monthly.,Salary,16109800,Income
2023-11-11,Bus pending shop package investment tax personal.,Investment,25768800,Income
2023-11-11,Hotel mall travel deal balance contract.,Food & Drink,11124600,Expense
2023-11-12,Network financial interest fee project invoice.,Investment,33968100,Income
2023-11-12,Annual purchase plan premium.,Shopping,5641100,Expense
2023-11-12,Advance express bill charge grocery pharmacy.,Entertainment,4084400,Expense
2023-11-12,Salary management support service.,Rent,18999700,Expense
2023-11-12,Budget hotel utility charge.,Travel,6719700,Expense
2023-11-12,Deal reward total.,Other,15556100,Income
2023-11-12,Subscription entertainment management support.,Food & Drink,10789900,Expense
2023-11-12,Taxi net balance account bill payment.,Rent,11322300,Expense
2023-11-12,Salary mortgage.,Other,39286300,Income
2023-11-12,Reward internet water fuel mortgage.,Travel,19686900,Expense
2023-11-12,Mall account grocery management savings order digital.,Salary,4928500,Income
2023-11-13,Mention offer suddenly clear.,Other,23930000,Income
2023-11-13,Package mall bus weekly savings.,Health & Fitness,12075800,Expense
2023-11-13,Vendor client client clinic net monthly transfer.,Food & Drink,12883200,Expense
2023-11-13,Project plan delivery taxi.,Salary,9116100,Income
2023-11-13,Delivery household.,Food & Drink,7000500,Expense
2023-11-13,Advance entertainment.,Travel,13802200,Expense
2023-11-14,Evening information.,Investment,8230000,Income
2023-11-14,Support travel automatic contract invoice.,Rent,5805500,Expense
2023-11-14,Floor there career.,Travel,5356100,Expense
2023-11-14,Store platform payment.,Health & Fitness,9179300,Expense
2023-11-14,Project pending flight.,Health & Fitness,14775200,Expense
2023-11-14,Gym balance electricity utility travel mall credit.,Travel,7655000,Expense
2023-11-14,Booking store net debit household network.,Rent,5699200,Expense
2023-11-14,Payment flight.,Travel,11180800,Expense
2023-11-14,Market taxi delivery account invoice credit.,Investment,47342700,Income
2023-11-15,Account freelance account household material transfer.,Food & Drink,7917600,Expense
2023-11-15,Support debit direct regular internet.,Food & Drink,11606200,Expense
2023-11-15,Online salary restaurant parking.,Investment,27904800,Income
2023-11-15,Parking train economy contract plan pharmacy.,Health & Fitness,7942400,Expense
2023-11-15,Utility net bonus bonus economy.,Utilities,19519400,Expense
2023-11-15,Face morning.,Health & Fitness,16051800,Expense
2023-11-15,Special bonus.,Health & Fitness,8196000,Expense
2023-11-15,Utility subscription purchase software.,Other,39085700,Income
2023-11-15,Contract support electricity.,Shopping,6926600,Expense
2023-11-16,Daily payment bonus food.,Other,22102000,Income
2023-11-17,Hotel special.,Shopping,17311400,Expense
2023-11-17,Salary economy restaurant household loan.,Other,33462500,Income
2023-11-17,Create physical share out cold.,Rent,1990500,Expense
2023-11-18,Equipment service pending daily.,Entertainment,9462800,Expense
2023-11-18,Annual shop water deal equipment regular hotel.,Utilities,14331700,Expense
2023-11-18,Budget interest personal adjustment clinic mall.,Entertainment,13955200,Expense
2023-11-18,Net salary fee daily charge weekly adjustment.,Salary,5145000,Income
2023-11-18,Step rate feeling rate.,Food & Drink,292500,Expense
2023-11-19,Plan monthly booking package grocery.,Entertainment,5814600,Expense
2023-11-19,Financial pending premium order network daily personal.,Entertainment,7283000,Expense
2023-11-20,Gross fuel renewal special household invoice booking.,Health & Fitness,3023500,Expense
2023-11-20,Hotel premium restaurant advance tax payment system.,Entertainment,16368700,Expense
2023-11-20,Fuel investment travel hospital.,Entertainment,17159400,Expense
2023-11-20,Insurance support tools savings gross monthly net.,Travel,10279900,Expense
2023-11-20,Plan platform pharmacy weekly booking pending financial.,Food & Drink,7719900,Expense
2023-11-20,Support hardware hardware tools special.,Health & Fitness,18238700,Expense
2023-11-20,Economy software material hotel monthly network tools.,Health & Fitness,17195100,Expense
2023-11-20,Electricity food account store monthly clinic.,Rent,5368200,Expense
2023-11-21,Deposit express priority tax pending hardware.,Rent,10139900,Expense
2023-11-21,Move goal.,Investment,31920000,Income
2023-11-21,Health gym bus purchase utility.,Food & Drink,11668300,Expense
2023-11-21,Water market.,Salary,7905800,Income
2023-11-21,Carry example.,Salary,19106300,Income
2023-11-21,Monthly invoice network mall investment standard.,Food & Drink,10060400,Expense
2023-11-21,Premium deposit restaurant online entertainment restaurant electricity.,Food & Drink,13934300,Expense
2023-11-21,Train hotel gym market.,Salary,10890300,Income
2023-11-21,Charge taxi system.,Shopping,4623100,Expense
2023-11-22,Future treat bill choice.,Rent,7515200,Expense
2023-11-22,Insurance health.,Utilities,12452900,Expense
2023-11-22,Savings daily pending.,Travel,9492700,Expense
2023-11-22,Platform grocery water.,Shopping,6083300,Expense
2023-11-22,Renewal special debit.,Entertainment,1420300,Expense
2023-11-22,Plan client bill net credit internet.,Utilities,10209600,Expense
2023-11-22,Restaurant entertainment deposit maintenance regular.,Salary,6325600,Income
2023-11-23,System shop project transfer.,Utilities,9955000,Expense
2023-11-23,Somebody next ready.,Rent,8075500,Expense
2023-11-23,Republican reduce sort individual trouble.,Travel,16730600,Expense
2023-11-23,Order priority interest software.,Travel,12461500,Expense
2023-11-23,Bill economy health tax.,Other,32227400,Income
2023-11-23,Equipment electricity advance software market.,Food & Drink,18594400,Expense
2023-11-23,Weekly express tax.,Rent,16289400,Expense
2023-11-24,Investment reward daily fee hospital budget utility.,Shopping,6999400,Expense
2023-11-24,Grocery entertainment pending deposit total train personal.,Other,34042500,Income
2023-11-24,Market equipment flight weekly management deposit tools.,Rent,11890400,Expense
2023-11-24,Net tools household monthly pharmacy online.,Health & Fitness,8252300,Expense
2023-11-25,Loan savings standard financial system advance.,Travel,7372900,Expense
2023-11-25,Premium adjustment investment equipment taxi savings.,Food & Drink,5182900,Expense
2023-11-25,Project booking priority.,Shopping,19522300,Expense
2023-11-25,Credit equipment maintenance train charge delivery client.,Travel,4883100,Expense
2023-11-25,Electricity project system.,Salary,11999500,Income
2023-11-25,Network tools electricity fee clinic.,Food & Drink,13559000,Expense
2023-11-25,Daily credit restaurant mortgage mortgage charge.,Other,24845600,Income
2023-11-26,Household mall restaurant deposit mall.,Travel,13785100,Expense
2023-11-26,Adjustment flight taxi annual vendor hardware.,Other,34231200,Income
2023-11-26,Plan automatic bill bus project deposit.,Food & Drink,12454800,Expense
2023-11-26,Stage threat our.,Utilities,2349800,Expense
2023-11-26,Report agreement sport.,Food & Drink,19633200,Expense
2023-11-26,Task central dinner.,Rent,8379000,Expense
2023-11-26,Food discount plan premium app digital premium.,Health & Fitness,15223000,Expense
2023-11-26,Type look find.,Salary,16018000,Income
2023-11-27,Hotel delivery fee software travel salary phone.,Investment,28851700,Income
2023-11-27,Freelance clinic salary monthly daily weekly premium.,Rent,15696000,Expense
2023-11-27,Affect machine.,Health & Fitness,12266000,Expense
2023-11-27,Tax health advance.,Rent,1616200,Expense
2023-11-27,Adjustment economy freelance.,Salary,11904200,Income
2023-11-27,Insurance client plan plan priority pending household.,Travel,8955600,Expense
2023-11-27,Candidate bad real.,Salary,3707100,Income
2023-11-27,Interest account personal booking entertainment.,Shopping,5152800,Expense
2023-11-28,Business pending direct deposit priority annual clinic.,Investment,22631300,Income
2023-11-28,Tax gross.,Salary,17792500,Income
2023-11-28,Arrive budget education at property.,Shopping,8869700,Expense
2023-11-28,Cultural allow.,Utilities,9713300,Expense
2023-11-28,Internet budget mortgage.,Utilities,913900,Expense
2023-11-28,System account savings reward grocery project.,Health & Fitness,13219700,Expense
2023-11-28,Software equipment automatic pending advance charge.,Travel,10550000,Expense
2023-11-28,Entertainment equipment.,Travel,8195000,Expense
2023-11-28,Utility mortgage deposit maintenance.,Health & Fitness,10474800,Expense
2023-11-28,Travel taxi balance adjustment economy monthly.,Food & Drink,14954800,Expense
2023-11-29,Budget train purchase support.,Investment,31105300,Income
2023-11-29,Balance hotel maintenance deal renewal tools.,Health & Fitness,19220200,Expense
2023-11-29,Turn day top.,Other,6010000,Income
2023-11-29,Phone budget delivery contract train.,Shopping,7136600,Expense
2023-11-29,Balance daily equipment deposit gross.,Travel,11783600,Expense
2023-11-30,Bill package subscription market.,Entertainment,17493500,Expense
2023-11-30,Vendor client client food.,Utilities,11896600,Expense
2023-12-01,Fee salary shop daily.,Shopping,5690000,Expense
2023-12-01,Charge payment grocery deposit gross loan hospital.,Rent,15610700,Expense
2023-12-01,Gross daily project entertainment gym flight priority.,Utilities,8371000,Expense
2023-12-01,Personal phone fee software loan total.,Travel,6090300,Expense
2023-12-01,Digital network digital tax hotel.,Salary,6884100,Income
2023-12-01,Automatic debit.,Utilities,14600500,Expense
2023-12-02,Package savings tools software delivery.,Utilities,12106900,Expense
2023-12-02,Delivery charge electricity service booking advance contract.,Rent,13992500,Expense
2023-12-03,Balance tax monthly reward utility online pharmacy.,Rent,12855600,Expense
2023-12-03,App flight salary bill.,Salary,12046100,Income
2023-12-04,Credit direct contract household client taxi.,Shopping,13566700,Expense
2023-12-04,Parking network annual account fee material project.,Shopping,9826000,Expense
2023-12-04,Salary gym.,Health & Fitness,4233600,Expense
2023-12-04,Entertainment fee health standard.,Food & Drink,17312800,Expense
2023-12-04,Hardware material savings store.,Food & Drink,14413000,Expense
2023-12-04,Total daily regular hotel phone service plan.,Salary,16847500,Income
2023-12-05,Ahead certainly second everyone.,Entertainment,19560100,Expense
2023-12-05,Taxi online salary economy app.,Other,31807500,Income
2023-12-05,Bonus network reward tax client.,Health & Fitness,4815800,Expense
2023-12-05,Goal talk sit party.,Health & Fitness,10430100,Expense
2023-12-06,Salary adjustment.,Health & Fitness,3582400,Expense
2023-12-06,Parking material client phone.,Shopping,3940200,Expense
2023-12-06,Booking investment budget platform train regular payment.,Rent,3852800,Expense
2023-12-06,Personal software shop equipment.,Salary,7884800,Income
2023-12-06,Reward parking deal plan digital pharmacy phone.,Other,25398200,Income
2023-12-06,Business delivery charge flight weekly.,Shopping,9671300,Expense
2023-12-06,Pharmacy app savings material renewal discount total.,Rent,9482500,Expense
2023-12-06,App booking transfer subscription.,Investment,33970000,Income
2023-12-06,Attention standard shake more respond.,Rent,8713700,Expense
2023-12-07,Mall utility.,Rent,17351000,Expense
2023-12-07,Entertainment platform annual.,Shopping,6486700,Expense
2023-12-07,Material deal.,Salary,14008200,Income
2023-12-07,Automatic delivery.,Shopping,11360700,Expense
2023-12-07,Weekly net household.,Food & Drink,16256500,Expense
2023-12-07,Gross fuel deal regular client.,Travel,6236900,Expense
2023-12-07,Pending charge household.,Health & Fitness,12174600,Expense
2023-12-07,Order train clinic order.,Travel,3366200,Expense
2023-12-08,Credit material service.,Travel,15915600,Expense
2023-12-08,Annual tax subscription charge deposit.,Salary,10325300,Income
2023-12-08,Travel household salary renewal.,Health & Fitness,6058800,Expense
2023-12-08,Top mr wind.,Salary,6980400,Income
2023-12-09,Turn surface listen.,Shopping,3058200,Expense
2023-12-09,Business client order.,Investment,25207200,Income
2023-12-09,Flight monthly support transfer hotel service plan.,Rent,10558800,Expense
2023-12-09,Fuel equipment.,Shopping,14011200,Expense
2023-12-09,Annual water.,Shopping,11624400,Expense
2023-12-09,Gym interest clinic hospital salary management.,Utilities,11581100,Expense
2023-12-09,Pull blue strong wonder.,Food & Drink,331700,Expense
2023-12-09,Software clinic order daily electricity.,Rent,1439200,Expense
2023-12-10,Freelance grocery package gym deposit travel deposit.,Other,40703400,Income
2023-12-10,Entertainment shop reward electricity support pending.,Rent,6579100,Expense
2023-12-10,Regular fuel gym freelance fuel hardware.,Salary,10545600,Income
2023-12-10,Hospital purchase charge special.,Investment,29173900,Income
2023-12-10,Priority platform deal material debit parking bonus.,Food & Drink,15922400,Expense
2023-12-10,Method imagine seven.,Salary,17052200,Income
2023-12-10,Tax plan order system phone payment balance.,Travel,15807800,Expense
2023-12-10,Salary net booking travel food.,Shopping,13619800,Expense
2023-12-11,Online software contract credit special renewal.,Shopping,5395900,Expense
2023-12-11,Letter mind many.,Rent,15053500,Expense
2023-12-11,Automatic credit mall network internet deposit.,Rent,2568700,Expense
2023-12-11,Software utility plan grocery mall deal.,Salary,3575000,Income
2023-12-11,Deal deal priority savings investment.,Investment,16481600,Income
2023-12-11,Restaurant investment parking.,Health & Fitness,4868500,Expense
2023-12-11,Express loan economy app bill.,Investment,7826400,Income
2023-12-12,Tax tools software priority food.,Health & Fitness,18859800,Expense
2023-12-12,Total client financial delivery balance clinic processed.,Investment,11820700,Income
2023-12-12,Purchase budget savings reward.,Investment,18554700,Income
2023-12-12,Annual shop debit financial purchase.,Health & Fitness,11347400,Expense
2023-12-13,Financial grocery mortgage standard bonus renewal.,Shopping,15038700,Expense
2023-12-13,Parking delivery.,Utilities,5761800,Expense
2023-12-13,Mortgage tools software premium savings budget insurance.,Utilities,6831700,Expense
2023-12-13,Freelance market express budget fee debit total.,Food & Drink,7712200,Expense
2023-12-13,Phone subscription account.,Utilities,7383800,Expense
2023-12-13,Savings vendor hospital charge maintenance investment.,Utilities,15683600,Expense
2023-12-13,News american foreign.,Health & Fitness,19405900,Expense
2023-12-13,Regular hospital.,Investment,18944700,Income
2023-12-13,Premium market bus tools savings weekly digital.,Entertainment,11973500,Expense
2023-12-13,Entertainment fuel freelance.,Entertainment,18651800,Expense
2023-12-13,Interest software express taxi.,Health & Fitness,7033600,Expense
2023-12-14,System restaurant advance loan.,Entertainment,12195800,Expense
2023-12-14,Booking water support credit.,Food & Drink,6965100,Expense
2023-12-14,Market digital investment debit hardware total gym.,Utilities,4731900,Expense
2023-12-14,Gym health gross priority train salary monthly.,Rent,6779600,Expense
2023-12-14,Gym taxi.,Other,46716500,Income
2023-12-14,Pending mortgage daily train market phone.,Food & Drink,11141600,Expense
2023-12-14,Pending system balance special express.,Health & Fitness,9563800,Expense
2023-12-14,Network fact talk.,Entertainment,1668700,Expense
2023-12-14,Exist outside find wish.,Investment,36010000,Income
2023-12-16,Restaurant invoice booking premium pending food.,Shopping,11406300,Expense
2023-12-16,Train internet water loan.,Health & Fitness,15112900,Expense
2023-12-17,Balance app platform.,Other,17630900,Income
2023-12-17,Entertainment mortgage hotel hospital.,Rent,2719600,Expense
2023-12-17,Train hardware.,Food & Drink,3940000,Expense
2023-12-17,Shop project.,Utilities,7460700,Expense
2023-12-17,Pending savings special package business hotel.,Rent,3901700,Expense
2023-12-17,Gym reward economy flight network digital software.,Investment,20720000,Income
2023-12-17,Budget weekly financial direct entertainment purchase.,Investment,41468200,Income
2023-12-18,Online hotel charge weekly annual phone budget.,Utilities,1487600,Expense
2023-12-18,Interest package bus deal business interest travel.,Entertainment,12620300,Expense
2023-12-18,Thus sort.,Salary,1851600,Income
2023-12-18,Purchase bus discount tax.,Health & Fitness,12804900,Expense
2023-12-19,Management savings material utility annual.,Health & Fitness,10166100,Expense
2023-12-19,Mall fuel salary equipment system automatic.,Investment,9367200,Income
2023-12-19,Maintenance project interest system hardware interest monthly.,Salary,15300700,Income
2023-12-20,Monthly pending tax parking priority.,Entertainment,8097000,Expense
2023-12-20,Balance deal digital vendor store.,Utilities,3150500,Expense
2023-12-20,Personal plan contract.,Utilities,12989700,Expense
2023-12-20,Actually purpose public.,Health & Fitness,2462300,Expense
2023-12-20,Weekly phone insurance economy.,Travel,11270800,Expense
2023-12-21,Mall system maintenance salary.,Food & Drink,14697100,Expense
2023-12-21,Network equipment hardware.,Rent,16697100,Expense
2023-12-21,Market online payment.,Shopping,6928900,Expense
2023-12-21,Monthly grocery tools priority bill.,Entertainment,797200,Expense
2023-12-21,Vendor pharmacy purchase standard material fee service.,Other,27313300,Income
2023-12-21,Mission put budget house.,Food & Drink,2142600,Expense
2023-12-22,Entertainment electricity online deal bill special.,Investment,18514200,Income
2023-12-22,Vendor market special fuel electricity mall network.,Rent,16715100,Expense
2023-12-22,Premium insurance taxi food market.,Food & Drink,10015400,Expense
2023-12-22,Purchase contract reward premium.,Travel,7479900,Expense
2023-12-22,Hardware reward freelance vendor fee.,Shopping,5892900,Expense
2023-12-22,Online management direct investment payment discount equipment.,Shopping,7565200,Expense
2023-12-22,Renewal client health app reward balance.,Investment,18519300,Income
2023-12-22,Maintenance financial.,Investment,33017700,Income
2023-12-22,Contract travel hospital insurance package.,Entertainment,4358700,Expense
2023-12-22,Ask window full.,Food & Drink,16535600,Expense
2023-12-22,Investment deposit standard subscription.,Shopping,3782500,Expense
2023-12-23,Order daily.,Travel,12214600,Expense
2023-12-23,Renewal insurance special pharmacy charge water charge.,Utilities,12017400,Expense
2023-12-23,Do interesting material.,Travel,17813200,Expense
2023-12-23,Balance support hospital material bonus.,Food & Drink,7638100,Expense
2023-12-23,Advance pending freelance.,Travel,7892600,Expense
2023-12-23,Platform travel advance.,Rent,18943200,Expense
2023-12-23,Daily client discount.,Investment,47437800,Income
2023-12-23,Travel renewal grocery hospital.,Entertainment,13135300,Expense
2023-12-23,Hospital client purchase.,Entertainment,11168800,Expense
2023-12-23,Discount maintenance water internet household.,Rent,8675300,Expense
2023-12-23,Financial food monthly.,Other,37558300,Income
2023-12-24,Loan net.,Travel,8028300,Expense
2023-12-24,Total equipment pharmacy order personal.,Utilities,2703000,Expense
2023-12-24,Deal economy.,Investment,11474900,Income
2023-12-24,Balance payment hotel.,Entertainment,10918800,Expense
2023-12-24,Water bonus travel hospital.,Utilities,9591000,Expense
2023-12-25,Deposit equipment support management monthly.,Investment,37992900,Income
2023-12-25,Deal economy regular discount order support equipment.,Utilities,7163400,Expense
2023-12-25,Event smile popular hundred live.,Salary,19012100,Income
2023-12-25,System adjustment.,Other,49729000,Income
2023-12-25,Grocery management annual daily advance subscription shop.,Rent,8369200,Expense
2023-12-25,Reward platform software.,Health & Fitness,4131300,Expense
2023-12-25,Monthly software project.,Food & Drink,15203300,Expense
2023-12-26,System mortgage project financial express.,Utilities,9389900,Expense
2023-12-26,Memory challenge lawyer business.,Food & Drink,16350100,Expense
2023-12-26,Health grocery taxi shop network business.,Salary,9646700,Income
2023-12-26,Store business weekly shop.,Travel,10078400,Expense
2023-12-26,Client platform electricity contract phone project premium.,Food & Drink,11703300,Expense
2023-12-26,Special electricity special budget app.,Rent,13036300,Expense
2023-12-26,Fuel network client bus account premium utility.,Travel,14788300,Expense
2023-12-27,Economy charge.,Health & Fitness,11924700,Expense
2023-12-27,Discuss wall ahead scene.,Health & Fitness,11247000,Expense
2023-12-27,Weekly standard food hardware loan.,Rent,18987500,Expense
2023-12-27,Bus management tax market priority.,Shopping,13065900,Expense
2023-12-27,Hotel clinic client payment subscription mall reward.,Food & Drink,8110300,Expense
2023-12-27,Savings food system equipment business.,Utilities,9655200,Expense
2023-12-27,Maintenance financial bill.,Salary,7337700,Income
2023-12-27,Business hospital service water.,Salary,9087400,Income
2023-12-27,Hospital material tax.,Shopping,10516500,Expense
2023-12-28,Weekly flight material.,Entertainment,13183400,Expense
2023-12-28,Standard purchase service train premium personal.,Utilities,9537600,Expense
2023-12-28,Invoice train gross management.,Rent,3728800,Expense
2023-12-28,Financial express entertainment contract.,Health & Fitness,13917900,Expense
2023-12-28,Net bus purchase freelance health.,Investment,19230500,Income
2023-12-28,Regular household annual service management.,Other,24663300,Income
2023-12-29,Parking contract phone phone special.,Shopping,8366500,Expense
2023-12-29,Freelance freelance discount.,Other,19709000,Income
2023-12-29,Question will him quickly.,Salary,14361500,Income
2023-12-29,Client priority bill fee.,Food & Drink,17041200,Expense
2023-12-29,Society dark product make.,Entertainment,143700,Expense
2023-12-29,Grocery financial.,Rent,11293800,Expense
2023-12-29,Restaurant financial loan management fee app.,Investment,11574600,Income
2023-12-29,Perform benefit baby.,Salary,2369100,Income
2023-12-29,Utility mortgage system special food.,Utilities,8134400,Expense
2023-12-29,Renewal store platform water transfer material.,Investment,31151200,Income
2023-12-30,Bonus total personal.,Rent,11619400,Expense
2023-12-30,Health charge annual budget business advance charge.,Salary,10504300,Income
2023-12-30,Account total premium taxi account.,Travel,8629900,Expense
2023-12-30,Interest processed household.,Shopping,7123300,Expense
2023-12-31,Internet mall.,Rent,15987000,Expense
2023-12-31,Gym system hospital household.,Salary,6980300,Income
2023-12-31,Deposit debit.,Entertainment,4751500,Expense
2023-12-31,Maintenance annual entertainment.,Food & Drink,4381700,Expense
2024-01-01,Train debit internet business network plan gross.,Shopping,5065700,Expense
2024-01-01,Personal payment invoice food salary.,Utilities,13190800,Expense
2024-01-01,Credit health travel monthly payment.,Salary,9001600,Income
2024-01-01,Network mall business pending.,Travel,18997200,Expense
2024-01-01,Renewal material total household annual market annual.,Food & Drink,3445500,Expense
2024-01-02,Fuel system app daily.,Shopping,9437400,Expense
2024-01-02,Discount vendor health reward material health gym.,Other,38244500,Income
2024-01-02,Annual vendor clinic budget.,Salary,9009000,Income
2024-01-02,Gas teacher national weight all.,Travel,10999000,Expense
2024-01-02,Himself fire heavy.,Rent,1011000,Expense
2024-01-02,Savings grocery software adjustment.,Entertainment,9344300,Expense
2024-01-03,Insurance regular fuel deal.,Entertainment,12218800,Expense
2024-01-03,Service loan maintenance savings internet.,Investment,26548000,Income
2024-01-04,Fuel discount delivery.,Entertainment,4753300,Expense
2024-01-04,Account booking deal annual standard savings tools.,Shopping,17187600,Expense
2024-01-04,Shop special loan platform personal.,Travel,2661800,Expense
2024-01-04,Grocery processed savings special express net business.,Travel,14380500,Expense
2024-01-04,Allow news.,Investment,38520000,Income
2024-01-04,Man care resource.,Investment,20360000,Income
2024-01-04,Household hospital budget savings.,Utilities,10429100,Expense
2024-01-04,Regular payment booking taxi account.,Shopping,9337700,Expense
2024-01-04,Booking weekly.,Utilities,7448600,Expense
2024-01-05,App loan purchase water equipment processed.,Food & Drink,9093000,Expense
2024-01-05,Hospital priority water budget package hotel financial.,Salary,13084100,Income
2024-01-05,Tax fuel.,Rent,13779100,Expense
2024-01-05,Equipment package financial adjustment management internet shop.,Other,24025300,Income
2024-01-05,Household platform salary transfer savings equipment project.,Investment,31514400,Income
2024-01-05,Project salary bonus.,Food & Drink,2143700,Expense
2024-01-06,Investment booking internet.,Salary,17687300,Income
2024-01-06,Salary savings train.,Other,32837000,Income
2024-01-06,Clinic delivery equipment budget automatic.,Food & Drink,13517200,Expense
2024-01-06,Entertainment management.,Travel,7573500,Expense
2024-01-07,Electricity deposit.,Food & Drink,2158600,Expense
2024-01-07,Notice make.,Other,22660000,Income
2024-01-07,Plan net support project health.,Food & Drink,6050300,Expense
2024-01-08,Health daily booking market deal maintenance.,Health & Fitness,12486000,Expense
2024-01-08,Freelance balance budget.,Salary,2264500,Income
2024-01-08,Pending store regular regular equipment.,Entertainment,13417900,Expense
2024-01-08,Premium contract client annual travel purchase annual.,Shopping,7961700,Expense
2024-01-08,Contract total package savings.,Rent,9098600,Expense
2024-01-08,Advance priority credit total internet.,Rent,5107500,Expense
2024-01-09,Occur live take media hot.,Entertainment,14364100,Expense
2024-01-09,Gym financial digital.,Salary,19704200,Income
2024-01-09,Bus platform.,Investment,23672700,Income
2024-01-09,Annual net automatic pending tools.,Utilities,10711600,Expense
2024-01-09,Total delivery economy client.,Investment,23406600,Income
2024-01-09,Tools hospital platform contract investment personal premium.,Health & Fitness,4266500,Expense
2024-01-09,Tax package fuel package fee.,Travel,18233700,Expense
2024-01-09,Project pending.,Rent,10953700,Expense
2024-01-09,Wife pay good within fly.,Other,8800000,Income
2024-01-10,Processed invoice hospital.,Health & Fitness,10295700,Expense
2024-01-10,Weekly priority electricity deal project bill utility.,Shopping,4562900,Expense
2024-01-10,Tax client store insurance.,Other,26652000,Income
2024-01-10,Contract entertainment special clinic equipment.,Entertainment,2418800,Expense
2024-01-10,And student give score agree.,Rent,15465700,Expense
2024-01-10,Monthly delivery material parking.,Travel,16843900,Expense
2024-01-11,Contract order hotel gross.,Other,29913800,Income
2024-01-11,Booking clinic.,Health & Fitness,14839100,Expense
2024-01-11,Electricity automatic bus purchase interest.,Travel,12995700,Expense
2024-01-11,Purchase regular automatic taxi internet express train.,Entertainment,10850200,Expense
2024-01-11,Boy college mrs.,Salary,18495000,Income
2024-01-11,Invoice electricity interest contract hardware pending health.,Rent,6306200,Expense
2024-01-11,Gym pharmacy market booking gym platform.,Utilities,6995800,Expense
2024-01-11,Pending freelance special parking premium online.,Rent,10109800,Expense
2024-01-11,Best generation group goal.,Utilities,19280700,Expense
2024-01-11,Market grocery.,Health & Fitness,15351200,Expense
2024-01-11,Doctor fine be.,Investment,40450000,Income
2024-01-11,Clinic gym debit support household investment financial.,Food & Drink,12872900,Expense
2024-01-11,Annual automatic maintenance annual discount contract.,Rent,5855000,Expense
2024-01-12,Net material adjustment travel tax.,Investment,41913800,Income
2024-01-12,Price institution method inside.,Utilities,13867200,Expense
2024-01-12,Train transfer clinic platform restaurant.,Rent,9891400,Expense
2024-01-12,Bus balance.,Rent,10675100,Expense
2024-01-12,Bus transfer economy.,Health & Fitness,5143700,Expense
2024-01-12,Management savings system management.,Utilities,4948200,Expense
2024-01-12,Train hospital standard parking debit weekly.,Shopping,11583100,Expense
2024-01-12,Phone food reward equipment regular annual travel.,Health & Fitness,3459700,Expense
2024-01-12,Tax savings transfer mall.,Other,33501000,Income
2024-01-12,Electricity taxi.,Food & Drink,6410900,Expense
2024-01-13,Onto worry help hope.,Investment,13480000,Income
2024-01-13,Renewal transfer bill vendor.,Investment,29276000,Income
2024-01-13,Equipment gym management economy weekly total project.,Rent,15822700,Expense
2024-01-13,Household reward gross transfer regular.,Travel,7181200,Expense
2024-01-13,Charge personal water priority package support order.,Utilities,7795700,Expense
2024-01-13,Balance client travel regular payment mortgage.,Entertainment,2972400,Expense
2024-01-14,Space beyond.,Health & Fitness,10131800,Expense
2024-01-14,Direct processed order charge fee.,Salary,871500,Income
2024-01-14,Invoice hardware electricity.,Other,29637200,Income
2024-01-14,Insurance phone automatic clinic regular total salary.,Investment,31606000,Income
2024-01-15,Utility annual automatic invoice freelance.,Utilities,12936300,Expense
2024-01-15,Renewal daily transfer.,Shopping,8126200,Expense
2024-01-15,Regular renewal grocery system management.,Other,10293000,Income
2024-01-15,Freelance mall platform gym bonus.,Utilities,5753000,Expense
2024-01-15,Transfer bus.,Entertainment,2403000,Expense
2024-01-15,Market specific property coach.,Entertainment,5544600,Expense
2024-01-15,App pharmacy premium internet.,Salary,4306800,Income
2024-01-15,Hotel annual hospital.,Food & Drink,18839800,Expense
2024-01-16,Deposit delivery economy invoice automatic utility train.,Health & Fitness,6345500,Expense
2024-01-16,Behind front attack song little.,Health & Fitness,14266300,Expense
2024-01-16,Adjustment charge weekly gross account.,Utilities,5419200,Expense
2024-01-16,Degree enter father of source.,Other,46960000,Income
2024-01-16,Wide cut player wind.,Travel,9111600,Expense
2024-01-16,Weekly invoice tax fuel.,Other,41737300,Income
2024-01-17,Fuel net transfer management support daily.,Shopping,19600300,Expense
2024-01-17,Platform bus regular package gross app.,Utilities,10071800,Expense
2024-01-17,Processed tax loan train software direct special.,Health & Fitness,3933200,Expense
2024-01-17,Financial software payment.,Shopping,12096500,Expense
2024-01-17,Hospital express app interest total.,Utilities,9922600,Expense
2024-01-17,Bus shop hospital deal.,Salary,18842400,Income
2024-01-17,Somebody prepare few sound.,Entertainment,4097700,Expense
2024-01-17,Total regular regular grocery personal gym discount.,Shopping,1346900,Expense
2024-01-17,Delivery store weekly package gym.,Salary,10318300,Income
2024-01-17,Savings network.,Rent,8160300,Expense
2024-01-17,Taxi client health.,Salary,10672400,Income
2024-01-18,Tax gross flight financial service bonus.,Other,24580700,Income
2024-01-18,Express flight payment food market debit tools.,Rent,10807000,Expense
2024-01-18,Plan loan bus.,Health & Fitness,7553400,Expense
2024-01-18,Special phone annual plan utility account platform.,Shopping,1989400,Expense
2024-01-18,Store advance subscription financial taxi grocery.,Travel,17671600,Expense
2024-01-18,Discount monthly regular bill water daily.,Rent,14916300,Expense
2024-01-18,Personal fee system.,Entertainment,7724200,Expense
2024-01-19,Finish increase economy middle public.,Travel,13763600,Expense
2024-01-19,Vendor insurance.,Food & Drink,11173200,Expense
2024-01-19,Plan special financial fuel priority.,Entertainment,1871900,Expense
2024-01-19,Balance special management.,Rent,11082900,Expense
2024-01-19,Entertainment train delivery savings regular fuel transfer.,Travel,16675100,Expense
2024-01-19,Table trade various risk art.,Health & Fitness,14236000,Expense
2024-01-19,Thing physical might.,Utilities,19628600,Expense
2024-01-19,Material produce station visit environmental.,Utilities,10127500,Expense
2024-01-19,Hotel app debit.,Shopping,14286600,Expense
2024-01-19,Flight electricity pharmacy renewal adjustment booking.,Investment,18049600,Income
2024-01-19,Travel premium regular purchase internet reward interest.,Other,30296900,Income
2024-01-19,Hotel service train.,Health & Fitness,10630900,Expense
2024-01-20,Store invoice store gym automatic.,Travel,10809200,Expense
2024-01-20,Leg drive second she.,Salary,11697800,Income
2024-01-20,Pending bonus.,Travel,11172400,Expense
2024-01-20,Plan order.,Travel,11729700,Expense
2024-01-20,Deposit invoice.,Investment,39599500,Income
2024-01-21,Gym balance taxi.,Travel,17672700,Expense
2024-01-21,Water hospital economy store clinic.,Shopping,11042300,Expense
2024-01-21,Store weekly express net budget plan.,Shopping,10151300,Expense
2024-01-21,Train package.,Other,32836700,Income
2024-01-21,Internet parking fuel advance flight.,Entertainment,14231200,Expense
2024-01-22,Flight water deal.,Shopping,18675500,Expense
2024-01-22,Salary food package platform.,Investment,19764700,Income
2024-01-22,Material equipment taxi pharmacy utility discount premium.,Food & Drink,17472300,Expense
2024-01-22,Subscription restaurant renewal order.,Salary,11639900,Income
2024-01-22,Pending regular phone flight travel gross deposit.,Utilities,6601300,Expense
2024-01-22,Reward reward.,Food & Drink,15552900,Expense
2024-01-22,Utility restaurant.,Utilities,2734400,Expense
2024-01-22,Bonus automatic.,Salary,4121700,Income
2024-01-22,Order automatic mall phone payment service.,Utilities,12512300,Expense
2024-01-22,Five store ask data.,Shopping,13517400,Expense
2024-01-23,Travel plan gross.,Entertainment,5837300,Expense
2024-01-23,Household processed interest.,Utilities,12051900,Expense
2024-01-23,Charge hospital market.,Rent,9755700,Expense
2024-01-23,Internet clinic train restaurant daily.,Shopping,10974300,Expense
2024-01-23,Reward parking vendor standard clinic booking online.,Utilities,7839700,Expense
2024-01-23,Project pharmacy pending credit investment.,Rent,2317600,Expense
2024-01-23,Statement position either.,Travel,17561800,Expense
2024-01-23,Total regular.,Entertainment,7675600,Expense
2024-01-23,Adjustment weekly charge tools pending special.,Utilities,9292200,Expense
2024-01-24,Health financial account internet clinic.,Health & Fitness,17783900,Expense
2024-01-24,Monthly deposit electricity electricity service financial.,Travel,5444700,Expense
2024-01-24,Plan internet fuel.,Other,22144100,Income
2024-01-24,Express reward contract loan total investment.,Salary,7853800,Income
2024-01-24,Account store booking system payment fuel delivery.,Investment,16409000,Income
2024-01-24,Premium weekly.,Health & Fitness,6625000,Expense
2024-01-24,Tax budget digital phone business financial.,Investment,38483600,Income
2024-01-24,Draw change agree someone.,Food & Drink,10502300,Expense
2024-01-24,Weekly travel pending standard processed freelance software.,Entertainment,8586900,Expense
2024-01-24,Personal weekly.,Salary,18121200,Income
2024-01-24,Food package package gross contract deal fee.,Investment,24786500,Income
2024-01-25,Priority clinic automatic flight maintenance fuel.,Entertainment,12561900,Expense
2024-01-25,Net app app.,Rent,8218800,Expense
2024-01-25,Magazine yard instead town.,Investment,9340000,Income
2024-01-25,Package plan.,Rent,12154500,Expense
2024-01-26,Evening ahead smile.,Entertainment,5412900,Expense
2024-01-26,Mall maintenance taxi app mall deal delivery.,Shopping,4318500,Expense
2024-01-26,Compare system white magazine after.,Travel,13699500,Expense
2024-01-26,Own test too imagine.,Investment,29170000,Income
2024-01-26,Mortgage platform system.,Salary,2186300,Income
2024-01-27,Direct management pending deal shop.,Investment,18530000,Income
2024-01-27,Water flight fee.,Utilities,3517100,Expense
2024-01-27,Deal direct discount online store equipment.,Food & Drink,13408100,Expense
2024-01-27,Platform digital phone.,Rent,10146100,Expense
2024-01-27,Delivery network insurance monthly taxi.,Travel,15818400,Expense
2024-01-27,Booking priority plan bus insurance electricity.,Entertainment,4219500,Expense
2024-01-27,Monthly package bill booking delivery client discount.,Investment,27944400,Income
2024-01-27,Hotel freelance priority processed total.,Investment,16812400,Income
2024-01-27,However style.,Food & Drink,7237800,Expense
2024-01-28,Born same usually.,Entertainment,14874000,Expense
2024-01-28,Equipment material bonus monthly.,Entertainment,4918100,Expense
2024-01-28,Mall invoice regular business renewal loan.,Investment,23892400,Income
2024-01-28,Pharmacy delivery vendor utility booking reward fee.,Rent,12752800,Expense
2024-01-28,Equipment plan subscription.,Food & Drink,10311800,Expense
2024-01-29,Mortgage parking total fee electricity gym network.,Food & Drink,10241700,Expense
2024-01-29,Discount investment order.,Salary,9903400,Income
2024-01-29,Debit equipment equipment.,Other,22109300,Income
2024-01-29,Financial entertainment.,Salary,13005400,Income
2024-01-29,Automatic personal salary discount freelance credit.,Health & Fitness,9107000,Expense
2024-01-29,Pending equipment delivery mall grocery personal.,Utilities,6491800,Expense
2024-01-30,Project interest tax bill online discount.,Travel,10845100,Expense
2024-01-30,Advance online hospital contract platform.,Utilities,7745000,Expense
2024-01-30,Wear use edge this draw.,Entertainment,10267400,Expense
2024-01-30,Hardware internet.,Food & Drink,6781400,Expense
2024-01-30,Daily annual direct monthly special.,Shopping,10384500,Expense
2024-01-30,Fee clinic weekly direct.,Investment,18135100,Income
2024-01-30,Platform economy.,Utilities,8881200,Expense
2024-01-31,Store parking flight vendor salary electricity freelance.,Food & Drink,11983600,Expense
2024-01-31,Booking charge.,Travel,5404600,Expense
2024-01-31,Total pharmacy store clinic interest business.,Entertainment,11272100,Expense
2024-01-31,Clinic utility salary flight bus.,Utilities,8380400,Expense
2024-01-31,Shop electricity.,Investment,21003800,Income
2024-01-31,Insurance delivery.,Other,16871200,Income
2024-02-01,Forget once hope security.,Travel,13889400,Expense
2024-02-01,Annual hardware monthly.,Travel,6574700,Expense
2024-02-01,Reward booking electricity transfer network.,Entertainment,1825100,Expense
2024-02-01,Phone bus total special subscription household.,Shopping,5497300,Expense
2024-02-01,Client vendor discount online.,Utilities,7822300,Expense
2024-02-01,Mortgage reward.,Entertainment,6931300,Expense
2024-02-01,Market order taxi plan hotel.,Utilities,4510000,Expense
2024-02-01,Purchase management shop.,Other,23769600,Income
2024-02-02,Package budget hotel processed mortgage hospital.,Rent,1221900,Expense
2024-02-02,Hospital discount freelance freelance renewal service vendor.,Entertainment,14022700,Expense
2024-02-02,Deal hotel express gross taxi freelance weekly.,Travel,5585600,Expense
2024-02-02,Order charge utility purchase personal maintenance.,Investment,25954100,Income
2024-02-02,Priority pharmacy fuel investment economy hospital balance.,Other,17102600,Income
2024-02-02,Utility fuel.,Food & Drink,14613800,Expense
2024-02-03,Internet advance train.,Food & Drink,5854300,Expense
2024-02-03,Debit train.,Rent,12516100,Expense
2024-02-03,Health material.,Entertainment,12223200,Expense
2024-02-03,Network gross parking financial account loan pharmacy.,Food & Drink,7423900,Expense
2024-02-03,Software debit.,Travel,14101900,Expense
2024-02-04,Budget project fuel net monthly support.,Food & Drink,7994100,Expense
2024-02-04,Equipment deposit household.,Rent,11789800,Expense
2024-02-04,Charge economy shop processed special.,Utilities,8700700,Expense
2024-02-04,Savings bonus maintenance.,Entertainment,15544100,Expense
2024-02-05,App app travel account household health account.,Salary,10749600,Income
2024-02-05,Train special.,Entertainment,6598800,Expense
2024-02-05,Delivery management market.,Food & Drink,15681100,Expense
2024-02-05,Order bonus special salary personal contract store.,Food & Drink,17117600,Expense
2024-02-05,Travel bill travel equipment.,Entertainment,11488100,Expense
2024-02-05,Health transfer priority.,Utilities,18987500,Expense
2024-02-05,Economy transfer interest project.,Rent,11442900,Expense
2024-02-05,Adjustment loan deal transfer.,Entertainment,6117000,Expense
2024-02-06,Design blood degree ever.,Other,36740000,Income
2024-02-06,Household order internet.,Utilities,7528800,Expense
2024-02-06,Electricity tools grocery mall delivery food.,Salary,4062500,Income
2024-02-06,Network adjustment.,Entertainment,14000800,Expense
2024-02-07,Health support.,Other,27565600,Income
2024-02-07,Hospital monthly.,Health & Fitness,4752200,Expense
2024-02-07,Restaurant deposit hospital.,Travel,11406800,Expense
2024-02-07,Television argue mouth.,Health & Fitness,19320100,Expense
2024-02-07,Vendor investment taxi phone deposit net special.,Shopping,6896600,Expense
2024-02-07,Nation little east everyone.,Other,21630000,Income
2024-02-07,Interest vendor system interest account credit.,Utilities,3489700,Expense
2024-02-07,Client renewal.,Other,36985300,Income
2024-02-07,Internet debit standard freelance.,Other,32644700,Income
2024-02-08,Utility monthly booking.,Rent,8838400,Expense
2024-02-08,Digital pending electricity.,Shopping,11036600,Expense
2024-02-08,Hotel processed bonus.,Shopping,9741500,Expense
2024-02-08,Software electricity payment direct health entertainment household.,Travel,7933900,Expense
2024-02-09,Restaurant grocery phone plan app.,Utilities,3486700,Expense
2024-02-09,Delivery budget equipment.,Entertainment,4711300,Expense
2024-02-09,Deal plan contract investment utility.,Travel,9552400,Expense
2024-02-09,Project plan special online parking delivery management.,Rent,12960000,Expense
2024-02-09,Project transfer bonus subscription store software.,Investment,21630300,Income
2024-02-09,Equipment client balance health business electricity annual.,Travel,13762900,Expense
2024-02-09,Express regular service hotel standard grocery.,Entertainment,14108400,Expense
2024-02-09,Advance savings mortgage vendor.,Investment,31120500,Income
2024-02-10,Entertainment mortgage.,Health & Fitness,7814400,Expense
2024-02-10,Real small.,Health & Fitness,15126600,Expense
2024-02-10,Need finally when.,Entertainment,15545300,Expense
2024-02-10,Little happy final population.,Salary,16616700,Income
2024-02-10,Plan train.,Investment,39726400,Income
2024-02-10,Deposit utility water balance discount online.,Entertainment,14674200,Expense
2024-02-10,Pharmacy vendor taxi savings market.,Other,37302500,Income
2024-02-10,Order online shop debit electricity budget.,Utilities,15308200,Expense
2024-02-10,Plan maintenance bus personal client.,Shopping,15891100,Expense
2024-02-11,Plan account.,Utilities,1140000,Expense
2024-02-11,Entertainment hospital management market.,Food & Drink,8277900,Expense
2024-02-11,Vendor vendor store total app direct direct.,Salary,1088800,Income
2024-02-11,Total automatic personal loan water bus.,Shopping,1706500,Expense
2024-02-11,Investment balance support system.,Health & Fitness,9065700,Expense
2024-02-11,Bus balance payment.,Utilities,13729700,Expense
2024-02-11,Internet monthly direct mortgage grocery.,Food & Drink,8536700,Expense
2024-02-12,Material package utility booking project.,Food & Drink,11505600,Expense
2024-02-12,Hospital renewal.,Utilities,7967400,Expense
2024-02-13,Payment hospital daily hospital subscription system.,Salary,4434900,Income
2024-02-13,Management purchase clinic charge balance material economy.,Salary,17219000,Income
2024-02-13,Bonus entertainment.,Salary,4406700,Income
2024-02-13,Fee digital fee order clinic.,Other,45672300,Income
2024-02-13,Loan entertainment loan material.,Shopping,14254700,Expense
2024-02-13,Mortgage material project utility.,Travel,1961000,Expense
2024-02-13,Bill charge.,Other,44824900,Income
2024-02-13,Payment software equipment maintenance hospital support health.,Shopping,3954800,Expense
2024-02-13,Freelance delivery equipment order.,Utilities,13761500,Expense
2024-02-14,Hospital store reward client invoice annual network.,Entertainment,16339300,Expense
2024-02-14,Internet monthly.,Food & Drink,14817700,Expense
2024-02-14,Business contract train client insurance.,Investment,38748900,Income
2024-02-14,Daily balance purchase internet online interest.,Salary,9972500,Income
2024-02-14,Until truth feeling view.,Rent,3820800,Expense
2024-02-14,Loan taxi invoice salary credit gym.,Health & Fitness,8961100,Expense
2024-02-14,Processed platform.,Entertainment,7280600,Expense
2024-02-14,Management gross service total.,Shopping,9189800,Expense
2024-02-14,Household investment taxi account.,Shopping,15759100,Expense
2024-02-14,Freelance insurance.,Shopping,12664500,Expense
2024-02-14,Movement door kind.,Travel,9031400,Expense
2024-02-15,Decision three trouble.,Investment,35900000,Income
2024-02-15,Equipment adjustment mall net pending hardware debit.,Salary,11710600,Income
2024-02-15,Processed adjustment gym charge.,Salary,19285700,Income
2024-02-15,Train support advance.,Utilities,14043000,Expense
2024-02-16,Smile ever bag single.,Other,26640000,Income
2024-02-16,Internet subscription pharmacy management material.,Shopping,2785900,Expense
2024-02-16,Internet store tax delivery processed.,Salary,11305500,Income
2024-02-17,Vendor deposit market vendor.,Shopping,934600,Expense
2024-02-17,Economy contract express monthly.,Travel,14678000,Expense
2024-02-17,Say unit four institution.,Other,5460000,Income
2024-02-17,Deposit utility premium order invoice.,Rent,6843600,Expense
2024-02-17,Booking household order total daily insurance.,Other,24925300,Income
2024-02-17,Personal regular vendor store payment fee.,Investment,16199700,Income
2024-02-17,Priority hotel system equipment.,Rent,15473100,Expense
2024-02-18,Package express hospital grocery hotel.,Investment,29827900,Income
2024-02-18,Clinic hospital special train advance express daily.,Travel,2085700,Expense
2024-02-18,Total system vendor client plan tax taxi.,Travel,10319200,Expense
2024-02-18,Advance total bill gross.,Rent,1210800,Expense
2024-02-18,Project platform.,Rent,12361800,Expense
2024-02-18,Package bonus train plan delivery.,Shopping,7122600,Expense
2024-02-18,Daily priority freelance bonus food interest debit.,Other,27305400,Income
2024-02-18,Digital package special purchase regular.,Other,33955500,Income
2024-02-18,Fee order processed food plan grocery total.,Shopping,5853800,Expense
2024-02-19,Recognize media goal.,Utilities,894800,Expense
2024-02-19,Software monthly equipment subscription invoice discount maintenance.,Salary,14282900,Income
2024-02-19,Discount insurance investment.,Food & Drink,11674600,Expense
2024-02-19,Entertainment credit bus bonus.,Shopping,4792400,Expense
2024-02-19,Financial taxi train service digital pending.,Health & Fitness,5086200,Expense
2024-02-20,Financial client market taxi.,Entertainment,7169800,Expense
2024-02-20,Delivery electricity standard budget.,Utilities,9539800,Expense
2024-02-20,Discount automatic gym internet order.,Shopping,12985300,Expense
2024-02-20,Balance discount gym gross.,Rent,13572300,Expense
2024-02-20,Market fuel insurance hardware app.,Other,46276300,Income
2024-02-20,Standard service bonus phone.,Entertainment,8463800,Expense
2024-02-20,Purchase express balance.,Entertainment,15663000,Expense
2024-02-20,Hospital savings financial special equipment order.,Health & Fitness,2259700,Expense
2024-02-20,Insurance special debit.,Entertainment,2974700,Expense
2024-02-21,Regular deposit order equipment mall.,Rent,10274600,Expense
2024-02-21,Express water store.,Utilities,4870200,Expense
2024-02-21,Budget hardware automatic discount freelance.,Rent,12876100,Expense
2024-02-21,Law agree appear political.,Food & Drink,15495900,Expense
2024-02-21,Able customer figure.,Travel,9862000,Expense
2024-02-21,Book economic.,Health & Fitness,1550300,Expense
2024-02-22,Household bill annual reward booking.,Entertainment,14608100,Expense
2024-02-22,Client regular software gross net weekly water.,Investment,31402900,Income
2024-02-22,Platform standard processed project management train annual.,Health & Fitness,6285500,Expense
2024-02-22,Insurance hardware pending.,Salary,12265500,Income
2024-02-22,Rate society floor long same.,Entertainment,19144100,Expense
2024-02-22,Freelance express budget client.,Shopping,15152900,Expense
2024-02-22,Contract account subscription online.,Other,10297500,Income
2024-02-22,Taxi water purchase taxi advance account food.,Investment,38745100,Income
2024-02-22,Savings restaurant direct material.,Salary,8726000,Income
2024-02-22,Deal freelance interest system.,Other,19184100,Income
2024-02-23,Booking savings.,Utilities,11006300,Expense
2024-02-23,Store hotel hospital total train vendor store.,Other,9556400,Income
2024-02-23,Maintenance store client digital.,Other,17153200,Income
2024-02-23,Software material renewal.,Travel,8784400,Expense
2024-02-23,Train tools.,Utilities,17385800,Expense
2024-02-23,Increase consider.,Rent,7053100,Expense
2024-02-23,Flight system.,Rent,1429400,Expense
2024-02-23,Reach step son.,Utilities,8377000,Expense
2024-02-24,Pending monthly household client.,Food & Drink,8682800,Expense
2024-02-24,Package debit advance balance health deposit.,Food & Drink,4451500,Expense
2024-02-24,Household standard service.,Entertainment,15435100,Expense
2024-02-24,Project parking management bill special mall.,Other,46909700,Income
2024-02-24,Cup red collection husband.,Salary,19933000,Income
2024-02-24,Difference way type positive phone.,Health & Fitness,6688200,Expense
2024-02-24,Hardware market parking bonus fuel bus.,Investment,12093100,Income
2024-02-24,Discount digital.,Rent,10152900,Expense
2024-02-24,Store discount.,Rent,7313600,Expense
2024-02-25,Tax standard renewal total automatic automatic.,Food & Drink,12493400,Expense
2024-02-25,Flight interest flight software automatic bill hospital.,Other,32045200,Income
2024-02-25,Software app plan.,Entertainment,7739700,Expense
2024-02-25,Processed electricity adjustment annual direct.,Salary,7215200,Income
2024-02-25,Employee become happy water bring.,Food & Drink,2383000,Expense
2024-02-25,Premium hospital premium processed standard.,Rent,6314500,Expense
2024-02-26,Health special plan.,Salary,12126300,Income
2024-02-26,Savings food equipment clinic tax utility.,Other,25397200,Income
2024-02-26,Household financial special project package.,Rent,5235800,Expense
2024-02-26,Order economy.,Travel,10779600,Expense
2024-02-26,Utility travel weekly savings parking delivery adjustment.,Investment,17662200,Income
2024-02-27,Course technology site.,Entertainment,19182000,Expense
2024-02-27,Savings bill mall business balance charge grocery.,Shopping,6270700,Expense
2024-02-27,Flight deposit investment automatic.,Utilities,15163100,Expense
2024-02-27,High issue deal democratic.,Health & Fitness,7689300,Expense
2024-02-27,Electricity charge phone investment.,Salary,9517700,Income
2024-02-27,Significant up still management.,Entertainment,18099500,Expense
2024-02-27,Express bonus fee budget store.,Food & Drink,8196600,Expense
2024-02-27,Service tools water system parking train.,Investment,39029600,Income
2024-02-27,Transfer deposit parking.,Rent,13363800,Expense
2024-02-28,Mall bonus debit network.,Investment,24736100,Income
2024-02-28,Monthly hardware.,Health & Fitness,10055300,Expense
2024-02-28,Health fee clinic invoice contract business.,Utilities,327600,Expense
2024-02-28,Electricity support total entertainment adjustment reward phone.,Investment,28272000,Income
2024-02-28,Maintenance plan standard weekly gym premium grocery.,Entertainment,10879500,Expense
2024-02-28,Tax mortgage monthly shop hospital software.,Salary,10215700,Income
2024-02-28,Industry impact certainly.,Rent,7778900,Expense
2024-02-29,Utility restaurant bonus.,Shopping,3110000,Expense
2024-02-29,Deal adjustment daily bonus total app charge.,Utilities,3384800,Expense
2024-02-29,Internet phone hardware utility hardware mortgage.,Utilities,15518000,Expense
2024-02-29,Dog late eat.,Travel,591600,Expense
2024-02-29,Water subscription utility.,Salary,6341500,Income
2024-02-29,Hospital daily travel subscription electricity health.,Health & Fitness,7726100,Expense
2024-02-29,Digital online annual shop fuel financial.,Investment,30559100,Income
2024-02-29,Bus daily deposit grocery mall.,Rent,8639000,Expense
2024-03-01,Mall express payment.,Salary,16673400,Income
2024-03-01,Food service interest travel travel.,Health & Fitness,6480500,Expense
2024-03-01,Service investment gross mall service.,Health & Fitness,4109900,Expense
2024-03-01,Parking bill net daily reward automatic.,Travel,749700,Expense
2024-03-01,Order salary tools savings hospital pharmacy.,Health & Fitness,16243400,Expense
2024-03-01,Personal standard food.,Investment,25171600,Income
2024-03-01,Automatic train freelance loan.,Food & Drink,17474300,Expense
2024-03-02,Equipment water.,Food & Drink,1709500,Expense
2024-03-02,Beat light the window.,Health & Fitness,10334800,Expense
2024-03-02,Fuel bus credit savings.,Investment,26590000,Income
2024-03-02,Travel subscription entertainment.,Utilities,11171100,Expense
2024-03-02,Adjustment clinic travel standard.,Other,19954200,Income
2024-03-03,Train food advance credit hardware platform.,Utilities,2625200,Expense
2024-03-03,Standard deal mall reward order.,Food & Drink,19655100,Expense
2024-03-03,Vendor online budget app market.,Other,35049800,Income
2024-03-03,Pharmacy package interest interest regular interest mall.,Health & Fitness,12072200,Expense
2024-03-03,Material digital gym order deal electricity charge.,Salary,13726800,Income
2024-03-03,Digital charge bus online direct vendor renewal.,Shopping,8090300,Expense
2024-03-03,Store bill health transfer pharmacy renewal.,Rent,13898300,Expense
2024-03-03,Salary market.,Entertainment,3116800,Expense
2024-03-03,Adjustment platform package processed standard.,Investment,28974900,Income
2024-03-03,Require remain save.,Salary,972600,Income
2024-03-04,Restaurant parking savings service.,Food & Drink,16600900,Expense
2024-03-04,Gross utility project online annual.,Shopping,8419000,Expense
2024-03-04,Platform insurance maintenance.,Travel,14582500,Expense
2024-03-04,Weekly savings.,Health & Fitness,4827100,Expense
2024-03-04,Contract fee phone mall pharmacy taxi reward.,Rent,11771700,Expense
2024-03-04,Project renewal.,Other,27153900,Income
2024-03-04,Plan online gym.,Utilities,16863600,Expense
2024-03-04,Net entertainment travel.,Food & Drink,15862200,Expense
2024-03-04,Equipment account personal store support total.,Salary,8137600,Income
2024-03-05,Likely great paper.,Investment,18710000,Income
2024-03-05,Believe arrive.,Entertainment,6474200,Expense
2024-03-05,Travel deal priority.,Salary,7319300,Income
2024-03-05,Health network health bus payment.,Entertainment,2220400,Expense
2024-03-05,Package renewal service credit financial.,Travel,10264800,Expense
2024-03-05,Standard monthly support.,Food & Drink,15655300,Expense
2024-03-05,System taxi household adjustment net processed annual.,Rent,16070800,Expense
2024-03-05,Digital annual.,Shopping,16369200,Expense
2024-03-06,Entertainment total debit digital monthly plan.,Travel,11834400,Expense
2024-03-06,Salary express monthly parking market.,Investment,31800200,Income
2024-03-06,Taxi train gym flight.,Health & Fitness,16998400,Expense
2024-03-06,Salary special.,Shopping,6413600,Expense
2024-03-06,Effect people.,Food & Drink,12576000,Expense
2024-03-06,Advance store processed account.,Food & Drink,13158900,Expense
2024-03-06,Freelance freelance investment equipment train.,Salary,14327200,Income
2024-03-06,College manage fund.,Rent,4191000,Expense
2024-03-06,Provide car throughout american.,Entertainment,17312500,Expense
2024-03-06,Delivery monthly premium.,Rent,4728700,Expense
2024-03-06,Clinic tools package online invoice travel management.,Shopping,12189000,Expense
2024-03-07,Finish without.,Utilities,572700,Expense
2024-03-07,Payment project.,Salary,18222400,Income
2024-03-07,Bed report item.,Shopping,12966600,Expense
2024-03-07,Insurance interest personal.,Food & Drink,10337700,Expense
2024-03-07,Digital order invoice fee.,Food & Drink,14572800,Expense
2024-03-07,Deposit booking payment transfer network clinic.,Investment,43135700,Income
2024-03-07,Renewal service direct renewal.,Entertainment,6531400,Expense
2024-03-07,Water insurance contract system pending system.,Rent,12907800,Expense
2024-03-08,Security unit executive.,Food & Drink,1841700,Expense
2024-03-08,Booking special online.,Entertainment,2584700,Expense
2024-03-08,Bonus adjustment network.,Salary,12050500,Income
2024-03-08,Maintenance fee insurance phone credit total.,Salary,4725400,Income
2024-03-08,Clinic hotel payment.,Health & Fitness,12252500,Expense
2024-03-08,Invoice software priority water standard restaurant deposit.,Rent,1396200,Expense
2024-03-08,Deal restaurant entertainment.,Entertainment,8358100,Expense
2024-03-09,Parking standard.,Utilities,15147300,Expense
2024-03-09,Interest gym direct maintenance economy taxi.,Travel,5042800,Expense
2024-03-09,Plan support maintenance gym advance.,Entertainment,6572100,Expense
2024-03-09,Gross delivery debit financial.,Shopping,18752600,Expense
2024-03-10,Equipment utility advance grocery economy deposit loan.,Health & Fitness,14594900,Expense
2024-03-10,Contract tax payment software personal bill.,Utilities,970600,Expense
2024-03-10,Restaurant fee.,Health & Fitness,5718800,Expense
2024-03-10,Software advance budget equipment salary advance online.,Food & Drink,10187300,Expense
2024-03-11,Debit online daily.,Investment,22566100,Income
2024-03-11,Stop unit might job close.,Other,10770000,Income
2024-03-11,Pharmacy processed interest system subscription shop.,Rent,5460300,Expense
2024-03-11,Invoice package bus gross.,Utilities,17784900,Expense
2024-03-11,Project invoice.,Utilities,982400,Expense
2024-03-12,Monthly platform.,Utilities,7677300,Expense
2024-03-12,Tools tax regular debit special.,Other,43611000,Income
2024-03-12,Store account salary.,Health & Fitness,14332300,Expense
2024-03-12,Hardware restaurant parking phone.,Food & Drink,13199500,Expense
2024-03-13,Fuel total electricity interest.,Travel,15927100,Expense
2024-03-13,Electricity payment processed salary purchase parking internet.,Investment,41176200,Income
2024-03-13,New type pm.,Entertainment,18228600,Expense
2024-03-13,Support gym online.,Entertainment,18383100,Expense
2024-03-14,Management order online pending.,Other,29447000,Income
2024-03-14,Renewal adjustment vendor.,Investment,20417100,Income
2024-03-14,Project platform.,Health & Fitness,4755300,Expense
2024-03-14,Processed interest internet.,Shopping,7901800,Expense
2024-03-15,Taxi hospital.,Rent,9936800,Expense
2024-03-15,Water daily mall household.,Travel,7707800,Expense
2024-03-15,Country approach.,Salary,12641300,Income
2024-03-15,Hospital transfer purchase taxi.,Rent,4533000,Expense
2024-03-15,Hospital savings.,Travel,2232500,Expense
2024-03-15,Economy budget utility total priority.,Travel,11584200,Expense
2024-03-15,Material travel online maintenance bill.,Other,43090000,Income
2024-03-16,Discount water shop.,Investment,16230100,Income
2024-03-16,Health priority market tools client.,Health & Fitness,8886700,Expense
2024-03-16,Daily network reward.,Health & Fitness,16793400,Expense
2024-03-16,Like clear.,Food & Drink,7851100,Expense
2024-03-16,Internet delivery health express freelance transfer material.,Utilities,6928400,Expense
2024-03-16,Pharmacy tools monthly.,Other,27044700,Income
2024-03-16,Processed food mortgage mall.,Other,12060800,Income
2024-03-16,Regular weekly.,Health & Fitness,11149400,Expense
2024-03-16,Material reward.,Other,37338800,Income
2024-03-17,Digital subscription personal software food equipment.,Travel,4127500,Expense
2024-03-17,Phone plan.,Utilities,10675600,Expense
2024-03-17,Premium payment client household.,Travel,15382400,Expense
2024-03-18,Pharmacy shop management.,Other,38700800,Income
2024-03-18,Fuel clinic booking.,Other,35568000,Income
2024-03-18,Booking pending.,Investment,26898100,Income
2024-03-18,Break time manager kid.,Investment,10180000,Income
2024-03-18,Client standard system health.,Utilities,9465200,Expense
2024-03-18,Entertainment premium system service plan contract.,Other,6910100,Income
2024-03-19,System hotel total deposit regular.,Entertainment,13933300,Expense
2024-03-19,Maintenance electricity loan project entertainment.,Travel,6846000,Expense
2024-03-19,Net renewal.,Investment,33026800,Income
2024-03-19,Savings phone interest clinic.,Other,33375100,Income
2024-03-19,Package delivery taxi client subscription processed.,Shopping,13373700,Expense
2024-03-20,Utility maintenance material express interest household.,Shopping,6704200,Expense
2024-03-20,Health tax parking.,Utilities,8366900,Expense
2024-03-20,Project special processed service.,Investment,22632300,Income
2024-03-20,Service system insurance.,Travel,12729000,Expense
2024-03-20,Pharmacy gym taxi project.,Health & Fitness,6466400,Expense
2024-03-20,Service system taxi daily store shop savings.,Food & Drink,4831200,Expense
2024-03-20,Deposit financial.,Salary,9805100,Income
2024-03-21,Loan pending economy.,Investment,24628000,Income
2024-03-21,Train parking project.,Travel,585300,Expense
2024-03-22,Order project.,Salary,12189300,Income
2024-03-22,Project reward utility pending.,Other,11180600,Income
2024-03-22,Premium charge.,Rent,9901400,Expense
2024-03-22,Charge pending payment savings.,Utilities,5276500,Expense
2024-03-22,Order food investment advance tax app.,Other,27736300,Income
2024-03-22,Savings debit personal order management water.,Utilities,6285700,Expense
2024-03-23,Processed delivery automatic transfer clinic.,Food & Drink,6915400,Expense
2024-03-23,Salary business deal special interest.,Food & Drink,3731300,Expense
2024-03-23,Maintenance software mortgage.,Travel,17036700,Expense
2024-03-23,Shop maintenance insurance market household network.,Other,25225200,Income
2024-03-23,Market equipment salary premium mall utility.,Utilities,7811900,Expense
2024-03-24,Direct app digital shop charge.,Rent,4234500,Expense
2024-03-24,Processed tax grocery tax investment contract.,Salary,8035300,Income
2024-03-24,Deal service priority taxi tax hotel.,Shopping,15728700,Expense
2024-03-24,Balance software net balance.,Entertainment,15099300,Expense
2024-03-24,Deposit credit account gym discount.,Investment,37879100,Income
2024-03-24,Entertainment shop processed system project salary salary.,Other,31456100,Income
2024-03-24,Fee fee grocery.,Utilities,9353700,Expense
2024-03-25,Net reward flight material.,Utilities,16368400,Expense
2024-03-25,Processed phone hardware standard train.,Entertainment,12850400,Expense
2024-03-25,Plan digital investment.,Shopping,16934300,Expense
2024-03-25,Pending hospital project.,Salary,12752100,Income
2024-03-25,Adjustment market economy mortgage gym insurance deal.,Shopping,12569700,Expense
2024-03-25,Platform charge business.,Salary,12723200,Income
2024-03-26,Parking payment direct booking platform.,Entertainment,13006800,Expense
2024-03-26,Leader both rest challenge.,Food & Drink,14047600,Expense
2024-03-26,Personal express management parking processed store taxi.,Food & Drink,16610700,Expense
2024-03-26,Flight priority water.,Salary,3646200,Income
2024-03-26,Online food processed.,Salary,12241800,Income
2024-03-26,Health client mall travel tools invoice plan.,Salary,4039600,Income
2024-03-27,Adjustment hospital.,Shopping,10123200,Expense
2024-03-27,Payment bill gross.,Rent,15011700,Expense
2024-03-27,Clinic clinic utility advance.,Rent,11298000,Expense
2024-03-27,Delivery app.,Food & Drink,19102600,Expense
2024-03-27,Mortgage total business service credit contract.,Other,32118300,Income
2024-03-27,Data exist.,Investment,28740000,Income
2024-03-27,Fee travel store gross premium.,Rent,5570700,Expense
2024-03-27,Software food monthly mall deal mortgage investment.,Rent,3759900,Expense
2024-03-27,Direct freelance project support management.,Utilities,12307300,Expense
2024-03-28,Delivery online interest adjustment total phone processed.,Salary,3283000,Income
2024-03-28,Reward market online grocery hospital total.,Rent,13041200,Expense
2024-03-28,Equipment payment investment equipment.,Utilities,6379400,Expense
2024-03-28,Gross purchase entertainment business platform.,Investment,39915200,Income
2024-03-28,Order food.,Investment,24247700,Income
2024-03-28,State none production defense your.,Travel,12170700,Expense
2024-03-29,Travel bus support travel.,Health & Fitness,14547500,Expense
2024-03-29,Express clinic payment booking priority deposit.,Other,20306400,Income
2024-03-29,Weekly health invoice digital market.,Food & Drink,10412400,Expense
2024-03-29,Health network daily direct bus salary express.,Travel,16226800,Expense
2024-03-29,Short congress turn east marriage.,Salary,7690100,Income
2024-03-29,Regular software transfer investment delivery automatic package.,Travel,16377100,Expense
2024-03-29,Bus market gross credit payment purchase.,Rent,10427900,Expense
2024-03-29,Travel fee automatic invoice credit pending.,Investment,8578500,Income
2024-03-30,Child ball store process.,Utilities,14960400,Expense
2024-03-30,Travel direct.,Food & Drink,12011200,Expense
2024-03-30,Balance net weekly.,Health & Fitness,9434000,Expense
2024-03-30,Ago race quite hour.,Food & Drink,9532400,Expense
2024-03-30,Shop fee hospital.,Entertainment,6416300,Expense
2024-03-30,Balance support.,Rent,6160000,Expense
2024-03-31,Deposit tax advance subscription charge.,Travel,12783900,Expense
2024-03-31,Financial debit gross restaurant hardware.,Investment,13497200,Income
2024-03-31,Plan platform direct entertainment service regular deal.,Shopping,15466000,Expense
2024-03-31,Financial premium deposit market savings.,Shopping,10136500,Expense
2024-03-31,Plan fee internet personal contract store travel.,Entertainment,15302600,Expense
2024-03-31,Payment app gross savings utility standard software.,Investment,29145800,Income
2024-04-01,Shop entertainment phone plan invoice project.,Investment,24214300,Income
2024-04-01,Store app bonus.,Salary,12975600,Income
2024-04-01,Pending regular phone tools discount water.,Health & Fitness,16948000,Expense
2024-04-01,Booking digital package app monthly pharmacy.,Investment,38759200,Income
2024-04-01,Annual loan discount order premium loan.,Shopping,5934700,Expense
2024-04-01,Debit contract management management phone renewal.,Rent,8188800,Expense
2024-04-01,Investment deal renewal daily account budget priority.,Salary,11351400,Income
2024-04-02,Delivery automatic pending hardware.,Food & Drink,11236300,Expense
2024-04-02,Deal freelance hardware daily health internet.,Food & Drink,4263800,Expense
2024-04-02,Loan market order gross mortgage project loan.,Investment,30166100,Income
2024-04-02,Loan invoice electricity mortgage payment discount.,Other,26678000,Income
2024-04-02,Monthly budget annual clinic hospital.,Travel,7875500,Expense
2024-04-02,Shop gym electricity net taxi discount.,Travel,19164700,Expense
2024-04-02,Direct order train household.,Utilities,14132600,Expense
2024-04-02,Travel material.,Health & Fitness,1820800,Expense
2024-04-03,Fuel store daily payment digital debit deal.,Investment,11810600,Income
2024-04-03,Total balance net weekly special entertainment.,Shopping,9022000,Expense
2024-04-03,Loan internet train.,Health & Fitness,14487700,Expense
2024-04-03,Western order accept wide prevent.,Travel,19206700,Expense
2024-04-04,Fee purchase project freelance health.,Salary,2213700,Income
2024-04-04,Tools account support digital vendor account.,Travel,18532200,Expense
2024-04-04,Phone flight financial.,Investment,25151600,Income
2024-04-04,Transfer processed.,Rent,1951000,Expense
2024-04-04,Adjustment service.,Other,25131600,Income
2024-04-04,Electricity package hospital reward budget fee.,Travel,5090100,Expense
2024-04-04,Automatic processed booking shop package.,Shopping,9194700,Expense
2024-04-04,Water yourself trade someone.,Other,5910000,Income
2024-04-04,Support personal service platform annual hardware reward.,Utilities,10154800,Expense
2024-04-04,Special automatic hospital insurance hotel.,Travel,15567100,Expense
2024-04-04,Gross renewal freelance.,Other,44988300,Income
2024-04-04,Electricity travel financial food.,Entertainment,4341000,Expense
2024-04-04,Deal express mortgage order household parking.,Investment,28371500,Income
2024-04-04,Reward train maintenance equipment utility.,Utilities,10463500,Expense
2024-04-05,Booking vendor.,Investment,40839700,Income
2024-04-05,Net food management.,Health & Fitness,11906800,Expense
2024-04-06,Flight utility processed health fee account hotel.,Entertainment,7170000,Expense
2024-04-06,Tell soon executive.,Utilities,2552400,Expense
2024-04-06,App annual transfer clinic.,Investment,34293700,Income
2024-04-06,Automatic software.,Salary,6467500,Income
2024-04-06,Gym internet service network monthly contract subscription.,Rent,12199900,Expense
2024-04-07,Monthly phone debit support.,Food & Drink,10069300,Expense
2024-04-07,Loan debit adjustment.,Shopping,6445600,Expense
2024-04-07,Direct phone account service booking.,Other,24677200,Income
2024-04-07,Payment restaurant digital utility.,Shopping,1509400,Expense
2024-04-07,Natural own.,Other,49000000,Income
2024-04-07,Parking economy mortgage bonus equipment.,Health & Fitness,13785600,Expense
2024-04-08,System total account economy.,Other,42571500,Income
2024-04-08,Service purchase salary.,Investment,30551100,Income
2024-04-08,Flight adjustment advance digital.,Travel,4849600,Expense
2024-04-08,Effort drive side human.,Rent,6163400,Expense
2024-04-08,Insurance bus software material bill premium.,Shopping,2062500,Expense
2024-04-08,Regular reward water credit.,Travel,9085700,Expense
2024-04-08,Reward food payment priority.,Shopping,16243600,Expense
2024-04-08,Interest entertainment water reward store client clinic.,Travel,3982200,Expense
2024-04-09,Fear song save.,Utilities,3303000,Expense
2024-04-09,Clear single expect.,Health & Fitness,4313600,Expense
2024-04-09,Business reward adjustment phone parking deal.,Rent,9340000,Expense
2024-04-09,Annual premium water software net mortgage pending.,Food & Drink,5890200,Expense
2024-04-09,Taxi travel household credit health.,Rent,11947400,Expense
2024-04-10,Capital program story mention majority.,Travel,3967100,Expense
2024-04-10,Environmental outside bed institution.,Investment,49960000,Income
2024-04-10,Hotel service total hospital.,Investment,10842800,Income
2024-04-10,Personal vendor invoice automatic.,Shopping,11590300,Expense
2024-04-10,Monthly total clinic.,Food & Drink,9300100,Expense
2024-04-10,Train contract pending.,Other,22453800,Income
2024-04-10,Deposit bill deal premium phone project salary.,Travel,12443600,Expense
2024-04-11,Advance premium account taxi.,Utilities,12864200,Expense
2024-04-11,Bonus investment mall invoice platform.,Health & Fitness,5861100,Expense
2024-04-11,Control piece behavior message wind.,Rent,5884000,Expense
2024-04-11,System vendor grocery freelance order.,Entertainment,13562100,Expense
2024-04-11,Gym bonus pending.,Travel,10831900,Expense
2024-04-11,Savings direct payment fee special.,Salary,14278100,Income
2024-04-11,Parking charge charge food app reward.,Shopping,868800,Expense
2024-04-11,Clinic network.,Investment,38808600,Income
2024-04-11,Subscription charge hotel mortgage processed.,Investment,46325100,Income
2024-04-12,Network debit.,Rent,4261500,Expense
2024-04-12,Bill maintenance utility freelance budget.,Travel,2461500,Expense
2024-04-12,Project monthly invoice budget vendor.,Food & Drink,11034300,Expense
2024-04-12,Net bonus reward daily mortgage equipment maintenance.,Utilities,14234700,Expense
2024-04-13,Us money positive.,Investment,21170000,Income
2024-04-13,Mall insurance.,Health & Fitness,9243300,Expense
2024-04-13,Reward plan flight.,Utilities,15443000,Expense
2024-04-13,Bonus material subscription support regular.,Food & Drink,13403500,Expense
2024-04-13,Store restaurant food.,Food & Drink,18043400,Expense
2024-04-14,Client express fuel business salary management.,Utilities,1173000,Expense
2024-04-14,Package mall bonus.,Shopping,9336200,Expense
2024-04-15,Priority special restaurant total daily mortgage.,Salary,13136500,Income
2024-04-15,Balance grocery premium express special material maintenance.,Travel,12934600,Expense
2024-04-15,Reward store pharmacy bus internet entertainment economy.,Shopping,14737900,Expense
2024-04-15,Budget fuel purchase equipment salary account.,Salary,6854600,Income
2024-04-15,Bus interest standard digital client.,Other,34687100,Income
2024-04-15,Transfer utility hotel project savings food personal.,Travel,12989800,Expense
2024-04-15,Electricity premium interest gym adjustment business.,Rent,9441200,Expense
2024-04-16,Subscription management.,Investment,23918200,Income
2024-04-16,Tax system freelance weekly.,Travel,14319100,Expense
2024-04-16,Total annual internet software.,Investment,25601800,Income
2024-04-16,Contract support insurance hardware order renewal.,Food & Drink,377000,Expense
2024-04-16,Life bad soon.,Salary,19035600,Income
2024-04-16,Hardware fuel delivery utility travel purchase.,Health & Fitness,5976400,Expense
2024-04-16,Personal reward platform system.,Travel,11601000,Expense
2024-04-17,Into notice necessary true message.,Entertainment,6423900,Expense
2024-04-17,Worker range feel.,Entertainment,2090900,Expense
2024-04-17,Including let result spend.,Travel,13899800,Expense
2024-04-17,Tax personal fuel direct bonus.,Other,29694100,Income
2024-04-17,Travel management budget.,Entertainment,10160700,Expense
2024-04-17,Network platform.,Entertainment,10130400,Expense
2024-04-17,Account service support shop parking gross.,Food & Drink,10968700,Expense
2024-04-17,Bus financial store material.,Entertainment,9549700,Expense
2024-04-17,Bus water debit health balance.,Travel,12687800,Expense
2024-04-17,Total annual loan package material plan.,Travel,5199400,Expense
2024-04-18,Health deposit mall mall total order app.,Travel,13211600,Expense
2024-04-18,Market deposit system food vendor total.,Food & Drink,13051300,Expense
2024-04-18,Parking express train service purchase.,Investment,40512200,Income
2024-04-18,One shoulder administration.,Other,30910000,Income
2024-04-19,Project hospital priority account freelance market.,Salary,11257800,Income
2024-04-19,Priority material.,Rent,6726000,Expense
2024-04-19,Delivery tax service project household restaurant loan.,Utilities,5918000,Expense
2024-04-19,Household debit entertainment maintenance.,Salary,3110800,Income
2024-04-19,Restaurant market reward adjustment payment.,Food & Drink,10892700,Expense
2024-04-19,Gross equipment internet contract.,Investment,26343800,Income
2024-04-20,Skill successful and.,Utilities,196200,Expense
2024-04-20,Salary charge management.,Rent,15096100,Expense
2024-04-21,Online contract pending charge.,Salary,17341700,Income
2024-04-21,Material special restaurant deposit priority pending.,Other,30155800,Income
2024-04-21,Finish right serious.,Entertainment,14272800,Expense
2024-04-21,Store bus management clinic mall.,Shopping,5702500,Expense
2024-04-21,Payment charge parking software personal direct bus.,Travel,8316500,Expense
2024-04-22,Parking financial.,Food & Drink,6833300,Expense
2024-04-22,Daily pharmacy travel insurance system software processed.,Food & Drink,13234800,Expense
2024-04-22,Shop fee plan interest balance fee.,Utilities,14519200,Expense
2024-04-22,Space game truth special decision.,Travel,16818200,Expense
2024-04-22,Digital clinic.,Food & Drink,13098800,Expense
2024-04-22,Software transfer payment.,Other,42057600,Income
2024-04-22,Management deal tax bill investment deal.,Salary,11825400,Income
2024-04-22,Debit savings.,Travel,9647700,Expense
2024-04-22,Direct processed train balance mall app.,Investment,36993500,Income
2024-04-23,Debit deposit automatic tax online client.,Salary,10606400,Income
2024-04-23,Digital loan business bonus.,Rent,7765400,Expense
2024-04-23,Savings gym direct subscription automatic tax.,Health & Fitness,8611300,Expense
2024-04-23,Payment purchase plan system total package taxi.,Entertainment,18074400,Expense
2024-04-23,Gross loan online insurance charge.,Salary,1277900,Income
2024-04-23,Internet health client.,Health & Fitness,521600,Expense
2024-04-23,Else pull its adult house.,Other,44310000,Income
2024-04-23,Regular material.,Investment,18816000,Income
2024-04-23,Online deposit credit network.,Shopping,5178200,Expense
2024-04-24,Management phone.,Shopping,13959400,Expense
2024-04-24,Discount package fuel renewal reward loan pending.,Utilities,15584000,Expense
2024-04-24,Bill client system restaurant project entertainment.,Shopping,8227700,Expense
2024-04-24,Direct freelance.,Entertainment,15945600,Expense
2024-04-25,Express total parking.,Food & Drink,17253900,Expense
2024-04-25,Hardware software online automatic.,Salary,4858900,Income
2024-04-25,Mortgage direct weekly vendor delivery premium.,Food & Drink,15453700,Expense
2024-04-25,Pretty least if.,Health & Fitness,15517900,Expense
2024-04-26,Payment hardware flight charge priority.,Travel,7930900,Expense
2024-04-26,Credit travel economy taxi financial advance restaurant.,Other,24101600,Income
2024-04-26,Reward processed booking mall market.,Salary,5101900,Income
2024-04-26,App contract invoice.,Travel,7519400,Expense
2024-04-26,Regular pharmacy.,Salary,7979100,Income
2024-04-26,Delivery tax.,Rent,16141200,Expense
2024-04-26,Peace wind guess.,Rent,3597800,Expense
2024-04-26,Pending grocery tax discount.,Utilities,5427600,Expense
2024-04-26,Because career course.,Travel,17188400,Expense
2024-04-27,Special booking vendor investment.,Travel,12037900,Expense
2024-04-27,Service freelance package.,Rent,14753000,Expense
2024-04-27,Food freelance invoice invoice water net.,Salary,8518200,Income
2024-04-27,Direct subscription bonus debit priority management hotel.,Rent,15433100,Expense
2024-04-27,Grocery health flight utility.,Entertainment,13257800,Expense
2024-04-27,Processed plan pending.,Salary,15963300,Income
2024-04-27,Charge health train flight entertainment parking contract.,Travel,11153700,Expense
2024-04-28,Balance gym standard entertainment flight.,Entertainment,3920700,Expense
2024-04-28,Project management credit entertainment utility.,Food & Drink,13101300,Expense
2024-04-28,Charge flight fee digital.,Other,13622000,Income
2024-04-28,Contract management app account utility equipment.,Salary,17278400,Income
2024-04-28,Regular tax online tools order.,Utilities,11678500,Expense
2024-04-28,Business standard restaurant business tax.,Health & Fitness,4284800,Expense
2024-04-28,Shop insurance credit deposit standard transfer tools.,Entertainment,7659500,Expense
2024-04-28,Personal invoice bus hotel system advance.,Investment,35278500,Income
2024-04-29,Hotel parking account market software.,Shopping,10331700,Expense
2024-04-29,Health plan insurance project project order parking.,Utilities,15263900,Expense
2024-04-29,Parking credit salary invoice deposit management.,Utilities,2087900,Expense
2024-04-29,Hardware renewal budget equipment balance daily direct.,Food & Drink,1278200,Expense
2024-04-29,Invoice standard bill freelance.,Food & Drink,4544000,Expense
2024-04-29,Health standard charge advance.,Utilities,19196600,Expense
2024-04-29,Fuel economy deal tax standard maintenance vendor.,Food & Drink,16853500,Expense
2024-04-29,Food network business adjustment contract.,Entertainment,14195700,Expense
2024-04-29,Special app interest special bill.,Other,23234500,Income
2024-04-30,Plan management household app order service.,Utilities,1531000,Expense
2024-04-30,Utility store.,Investment,25961800,Income
2024-04-30,Bus gym subscription.,Utilities,14423000,Expense
2024-04-30,Teacher decide possible.,Investment,26560000,Income
2024-04-30,Freelance household processed utility network.,Entertainment,5673200,Expense
2024-04-30,App pharmacy payment online express balance express.,Health & Fitness,3208500,Expense
2024-04-30,Network business special water savings pending account.,Health & Fitness,5888900,Expense
2024-04-30,Support bill travel processed personal.,Salary,17756300,Income
2024-04-30,Market total tools store daily digital.,Health & Fitness,13172400,Expense
2024-04-30,Client personal parking online gym train salary.,Travel,17532800,Expense
2024-04-30,Balance deal weekly contract online gross.,Food & Drink,8303400,Expense
2024-04-30,Adjustment digital.,Food & Drink,5593900,Expense
2024-05-01,Bus grocery service delivery.,Rent,15953400,Expense
2024-05-01,Internet material express taxi package contract mall.,Rent,12896100,Expense
2024-05-01,Mortgage express automatic mall app advance market.,Utilities,18905600,Expense
2024-05-01,Net deposit.,Other,45654800,Income
2024-05-01,Budget invoice taxi automatic advance salary daily.,Shopping,11296200,Expense
2024-05-01,Bonus pending investment processed salary.,Salary,12384700,Income
2024-05-01,Charge deposit service monthly shop.,Shopping,8219600,Expense
2024-05-01,Bus regular budget budget personal.,Entertainment,6518700,Expense
2024-05-02,Grocery phone network entertainment.,Investment,21630300,Income
2024-05-02,Travel direct purchase vendor network booking travel.,Other,28724300,Income
2024-05-02,Standard credit economy investment premium system.,Health & Fitness,11020300,Expense
2024-05-02,Success teach mrs beat.,Rent,14575800,Expense
2024-05-02,Purchase gym software contract automatic client.,Health & Fitness,7015900,Expense
2024-05-02,Plan plan deal.,Health & Fitness,10078100,Expense
2024-05-02,Booking discount clinic water client.,Utilities,7222400,Expense
2024-05-03,Charge clinic hardware online.,Salary,12291900,Income
2024-05-03,Support platform platform renewal contract investment online.,Utilities,7543600,Expense
2024-05-03,Listen against coach.,Food & Drink,16271600,Expense
2024-05-03,Hardware restaurant travel interest bill.,Health & Fitness,14306000,Expense
2024-05-04,Notice street anything.,Salary,13112800,Income
2024-05-04,Reward hotel adjustment.,Travel,8170900,Expense
2024-05-04,White likely teacher one.,Entertainment,18135400,Expense
2024-05-05,Say other never fact.,Travel,2764200,Expense
2024-05-05,Platform contract household reward.,Travel,11403000,Expense
2024-05-05,Water booking platform deposit.,Shopping,11029000,Expense
2024-05-05,Booking charge.,Other,10276200,Income
2024-05-05,Express transfer delivery economy insurance.,Rent,7377500,Expense
2024-05-05,Flight online reward financial management deal.,Investment,37560500,Income
2024-05-05,Piece require.,Other,23290000,Income
2024-05-05,Economy flight discount discount order bill taxi.,Travel,5342400,Expense
2024-05-05,Reward online budget weekly hardware.,Other,14846500,Income
2024-05-05,Internet transfer account gross.,Rent,4209800,Expense
2024-05-06,Hospital economy support fee.,Utilities,11489000,Expense
2024-05-06,Tools investment electricity flight.,Travel,14438600,Expense
2024-05-06,Health package business market debit shop priority.,Investment,46013300,Income
2024-05-06,Material economy travel water vendor food restaurant.,Rent,5920900,Expense
2024-05-06,Processed entertainment account express mall package.,Entertainment,3490900,Expense
2024-05-06,Hospital processed mall reward health clinic food.,Shopping,17245800,Expense
2024-05-07,Invoice hotel taxi.,Salary,7420000,Income
2024-05-07,Material account internet pending.,Utilities,13166100,Expense
2024-05-07,Hospital daily account vendor train project.,Food & Drink,10545200,Expense
2024-05-07,Personal daily direct transfer annual reward network.,Rent,13510300,Expense
2024-05-07,Internet network gym.,Travel,11012300,Expense
2024-05-07,Service invoice delivery freelance.,Food & Drink,11443600,Expense
2024-05-07,Total hotel client adjustment client contract.,Shopping,12323400,Expense
2024-05-07,Delivery investment utility daily maintenance store transfer.,Salary,8872500,Income
2024-05-08,Salary deal pharmacy internet parking.,Investment,15709900,Income
2024-05-08,Regular deposit bus salary.,Travel,18283300,Expense
2024-05-08,Network parking business app.,Rent,7883500,Expense
2024-05-08,Bill regular savings train restaurant hotel maintenance.,Travel,5158900,Expense
2024-05-08,Hotel contract deal hotel maintenance.,Entertainment,3089400,Expense
2024-05-08,Charge credit store.,Salary,4943700,Income
2024-05-08,Credit tax.,Entertainment,5782800,Expense
2024-05-08,Service discount plan platform hospital market.,Investment,12791100,Income
2024-05-09,Health gross.,Utilities,12600900,Expense
2024-05-09,Financial digital personal parking.,Travel,12239300,Expense
2024-05-10,Budget water vendor.,Salary,8042600,Income
2024-05-11,Subscription payment account.,Travel,13099000,Expense
2024-05-11,Net freelance grocery premium household pending direct.,Travel,6721700,Expense
2024-05-11,Annual credit fuel hospital.,Salary,17691300,Income
2024-05-11,System purchase contract purchase discount.,Salary,2916500,Income
2024-05-11,Invoice bill phone.,Shopping,6738000,Expense
2024-05-12,Delivery budget client electricity business subscription.,Entertainment,13811700,Expense
2024-05-12,Account pending maintenance investment monthly maintenance.,Utilities,12111400,Expense
2024-05-12,Personal flight order debit support gross.,Travel,16707100,Expense
2024-05-12,Mall market shop online material.,Rent,10125200,Expense
2024-05-12,Automatic train processed flight electricity personal purchase.,Utilities,10709100,Expense
2024-05-13,Booking adjustment vendor package advance.,Rent,11249200,Expense
2024-05-13,Premium reward flight mall investment bus charge.,Entertainment,7793600,Expense
2024-05-13,Account credit investment.,Investment,20918100,Income
2024-05-13,Charge tax loan direct.,Investment,18802800,Income
2024-05-13,Investment deal special system.,Rent,4421600,Expense
2024-05-14,Personal package shop regular payment project.,Utilities,8549800,Expense
2024-05-14,Freelance pharmacy annual loan weekly.,Food & Drink,14235900,Expense
2024-05-14,Main opportunity particularly question.,Rent,7996000,Expense
2024-05-14,Subscription reward.,Other,31123700,Income
2024-05-14,Platform tax train invoice.,Utilities,17075800,Expense
2024-05-14,Charge direct reward digital.,Rent,5384300,Expense
2024-05-15,Deposit contract.,Utilities,6243700,Expense
2024-05-15,Credit parking charge.,Health & Fitness,8610500,Expense
2024-05-15,Fuel renewal system pending deposit economy.,Entertainment,17033900,Expense
2024-05-15,Research month instead.,Entertainment,16974800,Expense
2024-05-15,Account pending.,Health & Fitness,6081900,Expense
2024-05-15,Reward shop gym balance special purchase bonus.,Other,25990300,Income
2024-05-15,Monthly transfer.,Shopping,7729300,Expense
2024-05-15,Loan interest salary.,Travel,4197300,Expense
2024-05-16,Taxi credit booking net total equipment.,Investment,30553400,Income
2024-05-16,Subscription hardware.,Travel,6172100,Expense
2024-05-17,Parking phone project economy.,Rent,8425600,Expense
2024-05-17,Delivery material hospital app utility mall.,Investment,40918900,Income
2024-05-17,As throughout individual list manager.,Utilities,15168400,Expense
2024-05-18,Hardware business.,Health & Fitness,4088100,Expense
2024-05-18,Food gross entertainment economy advance internet pending.,Food & Drink,7530000,Expense
2024-05-18,Weekly processed restaurant bill restaurant interest utility.,Utilities,3521100,Expense
2024-05-18,Travel platform fee.,Health & Fitness,14112400,Expense
2024-05-18,Online special special weekly grocery.,Health & Fitness,15349300,Expense
2024-05-18,Material shop business balance special pharmacy.,Travel,12716000,Expense
2024-05-18,Network special pending delivery tax.,Shopping,14064100,Expense
2024-05-18,Direct utility economy business gym project.,Utilities,2493500,Expense
2024-05-18,Market deposit network daily subscription booking weekly.,Utilities,15221900,Expense
2024-05-19,Delivery daily contract pharmacy.,Salary,9868700,Income
2024-05-19,Booking debit contract client total.,Food & Drink,14082400,Expense
2024-05-19,Special gross pharmacy market loan.,Health & Fitness,11050800,Expense
2024-05-19,Internet daily direct balance.,Shopping,4808800,Expense
2024-05-19,Household insurance express train electricity.,Travel,12028300,Expense
2024-05-19,Food annual.,Food & Drink,4019300,Expense
2024-05-19,Internet parking.,Other,19164300,Income
2024-05-19,Software delivery flight.,Shopping,19054100,Expense
2024-05-19,Online account.,Other,35382100,Income
2024-05-19,Reward system order bus.,Health & Fitness,10541900,Expense
2024-05-20,Priority package special freelance.,Travel,17476100,Expense
2024-05-20,Recently again explain court.,Investment,19670000,Income
2024-05-20,Loan investment network.,Rent,5702700,Expense
2024-05-20,Bonus hospital interest budget system online bill.,Entertainment,8053200,Expense
2024-05-20,Standard standard train phone.,Investment,36379800,Income
2024-05-21,Utility system special platform.,Health & Fitness,7933700,Expense
2024-05-21,Vendor water support insurance parking hardware bill.,Other,39554800,Income
2024-05-21,Parking phone maintenance flight.,Health & Fitness,7030400,Expense
2024-05-22,Special pharmacy material budget equipment renewal household.,Food & Drink,11148900,Expense
2024-05-22,Phone system salary.,Rent,9934700,Expense
2024-05-22,Fee direct special interest clinic.,Investment,22273000,Income
2024-05-22,Regular store.,Food & Drink,8236500,Expense
2024-05-22,Discussion detail training fund.,Utilities,14744800,Expense
2024-05-23,Processed bill train network deposit tools.,Shopping,5984000,Expense
2024-05-23,Third rich hospital.,Health & Fitness,904400,Expense
2024-05-24,Vendor account direct.,Utilities,3583300,Expense
2024-05-24,Insurance maintenance store system restaurant app.,Travel,10414600,Expense
2024-05-24,Account health hospital food salary.,Shopping,14754000,Expense
2024-05-24,Investment express contract mall hospital.,Entertainment,12028000,Expense
2024-05-24,Processed maintenance equipment priority management.,Health & Fitness,2370000,Expense
2024-05-24,Shop phone fee discount electricity market fuel.,Utilities,2400200,Expense
2024-05-24,Grocery software total.,Investment,30292400,Income
2024-05-24,Daily deal network client electricity hospital hardware.,Investment,14637500,Income
2024-05-24,Debit debit priority hardware store premium advance.,Travel,7308100,Expense
2024-05-25,Booking market app budget contract taxi.,Travel,9932100,Expense
2024-05-25,Travel shop special freelance discount.,Salary,15740400,Income
2024-05-25,App food plan subscription.,Travel,14262500,Expense
2024-05-25,Mortgage bill mall processed travel parking.,Other,23805100,Income
2024-05-25,Somebody son suddenly perform.,Entertainment,1350900,Expense
2024-05-26,Adjustment debit.,Other,41398700,Income
2024-05-26,Project can.,Food & Drink,13404900,Expense
2024-05-26,Restaurant total payment investment express maintenance.,Investment,18012500,Income
2024-05-26,Project credit hospital tools delivery insurance weekly.,Utilities,2691400,Expense
2024-05-26,Economy insurance plan interest app household.,Rent,11879900,Expense
2024-05-27,Net phone insurance payment economy total.,Health & Fitness,709800,Expense
2024-05-27,Fuel credit.,Health & Fitness,7348800,Expense
2024-05-27,Doctor news yourself.,Food & Drink,894100,Expense
2024-05-27,Paper beyond indeed.,Health & Fitness,7823100,Expense
2024-05-27,Clinic weekly.,Utilities,14363400,Expense
2024-05-28,Grocery processed vendor.,Travel,5136800,Expense
2024-05-28,Fee parking account premium online utility.,Rent,13147900,Expense
2024-05-29,Market mall reward deposit budget salary debit.,Other,45318000,Income
2024-05-29,Utility order grocery freelance bus direct.,Rent,5425200,Expense
2024-05-29,Shop hospital monthly taxi.,Salary,18728700,Income
2024-05-29,Balance maintenance.,Travel,9020000,Expense
2024-05-29,Mall interest hospital reward business platform.,Shopping,12383100,Expense
2024-05-30,Savings automatic.,Salary,391800,Income
2024-05-30,Special internet standard monthly.,Utilities,11988800,Expense
2024-05-30,Deal equipment network processed online payment.,Shopping,6971100,Expense
2024-05-30,Shop pharmacy vendor priority.,Shopping,12184100,Expense
2024-05-30,Annual debit mortgage total.,Investment,34994800,Income
2024-05-30,Gym business.,Investment,39397200,Income
2024-05-30,Taxi network bus water.,Investment,24463900,Income
2024-05-31,Ground city still.,Rent,14104400,Expense
2024-05-31,Freelance payment.,Rent,9423500,Expense
2024-05-31,Train project economy hospital contract entertainment digital.,Travel,10281800,Expense
2024-05-31,Salary advance management bill.,Shopping,9600500,Expense
2024-06-01,Tools insurance hardware gym electricity processed daily.,Investment,25780700,Income
2024-06-01,Southern front.,Travel,16714000,Expense
2024-06-01,Express personal.,Food & Drink,2272500,Expense
2024-06-02,Hospital utility debit pharmacy.,Investment,21700400,Income
2024-06-02,Processed store interest mortgage tax restaurant adjustment.,Food & Drink,7607800,Expense
2024-06-02,Environment character real middle prove.,Rent,10381600,Expense
2024-06-02,Utility water advance management vendor app.,Other,30224700,Income
2024-06-02,Hospital total system pharmacy parking.,Utilities,18603400,Expense
2024-06-02,Investment weekly.,Rent,6159400,Expense
2024-06-02,Dinner no main year size.,Utilities,7595500,Expense
2024-06-03,Software pharmacy salary.,Travel,18976300,Expense
2024-06-03,Payment weekly internet charge transfer.,Utilities,13576600,Expense
2024-06-03,Subscription mall.,Utilities,11326300,Expense
2024-06-03,Utility material regular entertainment savings.,Other,9984100,Income
2024-06-03,Sometimes while sense window.,Entertainment,10375800,Expense
2024-06-03,Store contract express.,Other,35897100,Income
2024-06-03,Network standard interest.,Health & Fitness,7536200,Expense
2024-06-04,App fee order network pending software app.,Food & Drink,13794800,Expense
2024-06-04,Order mortgage.,Salary,12513800,Income
2024-06-04,Payment economy platform direct package.,Health & Fitness,2549000,Expense
2024-06-04,Flight interest equipment daily taxi contract.,Travel,2586600,Expense
2024-06-04,Service fuel budget digital.,Health & Fitness,9745000,Expense
2024-06-04,Among black picture that treat.,Health & Fitness,9788500,Expense
2024-06-04,System software investment hospital.,Entertainment,19567800,Expense
2024-06-04,Booking health internet.,Utilities,4448800,Expense
2024-06-04,Mortgage clinic app express insurance adjustment.,Food & Drink,15981200,Expense
2024-06-04,Bill tax electricity gym phone.,Salary,10354500,Income
2024-06-05,Food annual app internet regular water automatic.,Travel,13641700,Expense
2024-06-05,Priority pending payment advance.,Investment,26566900,Income
2024-06-05,Total transfer parking entertainment entertainment.,Health & Fitness,13416700,Expense
2024-06-05,Mall express.,Utilities,14927900,Expense
2024-06-05,Insurance automatic daily investment network.,Investment,16875000,Income
2024-06-05,Invoice net salary hotel software platform.,Rent,3090400,Expense
2024-06-05,Investment digital gross material salary express.,Investment,40150200,Income
2024-06-06,Debit vendor credit payment priority.,Rent,15105400,Expense
2024-06-06,Business taxi.,Travel,18303900,Expense
2024-06-06,Travel insurance tools interest.,Rent,13781700,Expense
2024-06-06,Economy train.,Utilities,16563900,Expense
2024-06-06,Network deposit parking.,Shopping,14820900,Expense
2024-06-06,Remain seven marriage.,Food & Drink,10086600,Expense
2024-06-06,Online regular.,Other,40070500,Income
2024-06-07,Monthly automatic.,Other,43461200,Income
2024-06-07,Loan network service platform network economy pharmacy.,Entertainment,13157200,Expense
2024-06-07,Investment material discount advance.,Entertainment,13259600,Expense
2024-06-07,Online mall processed economy economy restaurant gross.,Travel,11598400,Expense
2024-06-07,Advance fuel electricity.,Health & Fitness,13031700,Expense
2024-06-07,Positive free case.,Investment,23840000,Income
2024-06-07,Parking hardware mortgage account premium hardware.,Rent,12343600,Expense
2024-06-07,Gross restaurant tools freelance.,Investment,27963000,Income
2024-06-07,Hospital booking entertainment.,Utilities,6170800,Expense
2024-06-07,App restaurant.,Health & Fitness,3577100,Expense
2024-06-08,Utility charge deal balance app project.,Health & Fitness,3286100,Expense
2024-06-08,Charge tax premium entertainment business restaurant travel.,Food & Drink,9053900,Expense
2024-06-08,Equipment balance pending.,Shopping,14395100,Expense
2024-06-09,Account total personal.,Health & Fitness,4295200,Expense
2024-06-09,Monthly hospital.,Entertainment,4881500,Expense
2024-06-09,Equipment advance package bus economy.,Other,28838100,Income
2024-06-09,Wide shoulder according strong.,Other,22320000,Income
2024-06-09,Platform discount water pharmacy freelance mall app.,Other,28129900,Income
2024-06-09,Market gross grocery.,Utilities,9487700,Expense
2024-06-09,Financial bonus bus freelance internet financial.,Entertainment,9368000,Expense
2024-06-10,Invoice platform personal budget bonus monthly.,Utilities,4420400,Expense
2024-06-10,Freelance phone management.,Rent,15463000,Expense
2024-06-10,Renewal tools parking.,Utilities,5511900,Expense
2024-06-10,Purchase shop.,Entertainment,11430600,Expense
2024-06-10,Expert commercial entire resource.,Investment,34670000,Income
2024-06-10,Internet gross account tax bonus special food.,Rent,5221900,Expense
2024-06-10,Health app project standard discount balance.,Rent,7049900,Expense
2024-06-10,Savings delivery.,Food & Drink,6163200,Expense
2024-06-10,Phone mall monthly.,Rent,11050400,Expense
2024-06-10,Travel restaurant daily restaurant store plan pharmacy.,Rent,4495000,Expense
2024-06-11,Standard project daily economy.,Shopping,3781700,Expense
2024-06-11,Financial service budget bus standard.,Health & Fitness,3598000,Expense
2024-06-11,Interest net tools reward fee software.,Investment,6678100,Income
2024-06-11,Service renewal economy priority discount.,Investment,32365400,Income
2024-06-11,Grocery network hospital freelance booking.,Investment,43087000,Income
2024-06-11,Personal electricity deal transfer train automatic.,Health & Fitness,8612400,Expense
2024-06-12,Deposit fee fuel discount.,Travel,11684600,Expense
2024-06-12,Picture early send morning.,Rent,13256100,Expense
2024-06-12,Entertainment online loan taxi.,Other,28798400,Income
2024-06-12,Salary deposit discount support financial fee software.,Shopping,9082700,Expense
2024-06-12,Priority annual daily system electricity.,Salary,11957100,Income
2024-06-12,Tools tax parking vendor.,Health & Fitness,11031600,Expense
2024-06-12,Health interest personal.,Rent,17444100,Expense
2024-06-12,App automatic management.,Rent,1547200,Expense
2024-06-12,Food clinic bill internet special service market.,Entertainment,3043500,Expense
2024-06-13,Loan pharmacy adjustment electricity deposit.,Entertainment,11866700,Expense
2024-06-13,Gross utility travel tools.,Investment,16106900,Income
2024-06-13,Digital direct salary.,Utilities,8735100,Expense
2024-06-13,Discount invoice health store.,Utilities,7108700,Expense
2024-06-13,Some gun ahead certainly act.,Salary,9632500,Income
2024-06-13,Advance hardware daily pending.,Health & Fitness,17149900,Expense
2024-06-13,Soon including important.,Health & Fitness,14433100,Expense
2024-06-14,Total booking parking renewal.,Entertainment,14167300,Expense
2024-06-14,Standard utility store.,Health & Fitness,13742800,Expense
2024-06-14,Net tools household deposit interest invoice.,Food & Drink,9304900,Expense
2024-06-14,Hardware account.,Health & Fitness,5780700,Expense
2024-06-14,Be fire.,Shopping,546700,Expense
2024-06-15,Monthly loan hospital hotel subscription charge economy.,Entertainment,18973800,Expense
2024-06-15,Software platform direct fuel.,Food & Drink,7355200,Expense
2024-06-15,Article service produce political.,Investment,16030000,Income
2024-06-15,Express premium delivery tax market.,Salary,5536700,Income
2024-06-15,Standard hospital processed contract.,Utilities,13093600,Expense
2024-06-16,Interest market internet.,Entertainment,16513900,Expense
2024-06-16,Within woman.,Food & Drink,17826900,Expense
2024-06-16,Automatic renewal network hospital net health savings.,Food & Drink,7746000,Expense
2024-06-16,Store food mortgage loan freelance express.,Investment,7299900,Income
2024-06-16,Electricity hardware fuel household bus travel.,Other,10477400,Income
2024-06-16,Management priority utility app pending app pharmacy.,Salary,9791000,Income
2024-06-17,Information though red.,Investment,26150000,Income
2024-06-17,Travel net advance water.,Other,30318800,Income
2024-06-18,Regular charge investment interest grocery health support.,Shopping,8232800,Expense
2024-06-18,Taxi app support hotel purchase hotel gym.,Health & Fitness,16131400,Expense
2024-06-18,Shop subscription weekly system tools.,Entertainment,19359100,Expense
2024-06-18,Balance platform platform deposit savings salary express.,Food & Drink,14289000,Expense
2024-06-18,Project business.,Salary,11101100,Income
2024-06-18,Monthly mortgage purchase advance order deposit.,Food & Drink,16882400,Expense
2024-06-18,Weekly gross train household booking utility.,Utilities,6768300,Expense
2024-06-18,Salary client bonus.,Entertainment,9594700,Expense
2024-06-19,Bonus app.,Investment,13843400,Income
2024-06-19,Renewal charge tools loan investment contract gym.,Food & Drink,13708500,Expense
2024-06-19,Bus renewal grocery.,Utilities,18285600,Expense
2024-06-19,Health booking train equipment credit.,Shopping,10107100,Expense
2024-06-19,Debit discount pending deal.,Rent,2567000,Expense
2024-06-19,Software renewal booking.,Investment,36236200,Income
2024-06-20,Gross bonus delivery client market hotel fee.,Health & Fitness,6487800,Expense
2024-06-20,Premium pending financial annual support standard.,Salary,2857100,Income
2024-06-20,Processed budget charge.,Travel,12394600,Expense
2024-06-21,Land day name small.,Food & Drink,17582300,Expense
2024-06-21,Support package fee automatic.,Utilities,8224200,Expense
2024-06-21,Training account evidence month.,Shopping,12027200,Expense
2024-06-21,Charge entertainment invoice plan health market renewal.,Travel,11587100,Expense
2024-06-21,Subscription contract hardware water payment account.,Utilities,6544900,Expense
2024-06-21,Deal renewal management vendor delivery service entertainment.,Entertainment,13017400,Expense
2024-06-21,Total account plan salary bonus charge health.,Utilities,7304600,Expense
2024-06-21,Standard freelance maintenance gym restaurant.,Other,42039100,Income
2024-06-21,Booking material subscription.,Shopping,13002000,Expense
2024-06-22,Economy booking bus bill monthly daily monthly.,Utilities,2870200,Expense
2024-06-22,Train budget support electricity gym.,Other,21755700,Income
2024-06-22,Net credit.,Shopping,15550000,Expense
2024-06-22,Network client business phone financial.,Health & Fitness,14287600,Expense
2024-06-22,Thought sit identify culture.,Travel,18950400,Expense
2024-06-22,Client monthly software budget platform.,Utilities,16821500,Expense
2024-06-23,Entertainment client tools online client pharmacy.,Health & Fitness,11498200,Expense
2024-06-23,Maintenance monthly savings savings investment.,Utilities,15576500,Expense
2024-06-23,Rule success.,Salary,11971000,Income
2024-06-23,Online pending.,Other,28335800,Income
2024-06-23,Fuel digital weekly order monthly material charge.,Health & Fitness,19065300,Expense
2024-06-23,Already free.,Salary,17359300,Income
2024-06-23,Yeah exist behavior necessary miss.,Other,16690000,Income
2024-06-23,Agreement someone.,Utilities,12501900,Expense
2024-06-23,Strategy fight institution.,Utilities,14511300,Expense
2024-06-23,Bonus debit bonus hotel.,Salary,8717100,Income
2024-06-23,Freelance interest maintenance invoice.,Rent,13062200,Expense
2024-06-23,Online balance order economy mortgage account.,Rent,3856600,Expense
2024-06-24,Booking daily app balance automatic processed debit.,Health & Fitness,10349700,Expense
2024-06-24,Loan mall utility freelance material.,Rent,11322600,Expense
2024-06-24,Package mall net service savings bonus.,Food & Drink,12084800,Expense
2024-06-25,Insurance bus app processed processed interest.,Entertainment,16955000,Expense
2024-06-25,Personal business plan payment parking invoice.,Rent,6699900,Expense
2024-06-25,Mall deal mall internet express freelance parking.,Travel,15437200,Expense
2024-06-25,Restaurant deposit market shop shop invoice fee.,Travel,14595200,Expense
2024-06-25,Personal premium freelance travel package credit.,Health & Fitness,7649000,Expense
2024-06-25,Store credit deposit bus booking.,Food & Drink,7455200,Expense
2024-06-25,Restaurant software.,Utilities,10768700,Expense
2024-06-26,Bonus financial renewal freelance.,Utilities,10643700,Expense
2024-06-26,Premium express.,Investment,29721300,Income
2024-06-26,Mortgage store clinic phone.,Salary,11451500,Income
2024-06-26,Water salary.,Salary,10213100,Income
2024-06-27,Renewal adjustment digital invoice.,Food & Drink,14304200,Expense
2024-06-27,Shop special.,Shopping,4463200,Expense
2024-06-27,Regular weekly.,Entertainment,6994400,Expense
2024-06-27,Internet payment savings material electricity management.,Entertainment,9120200,Expense
2024-06-27,Plan vendor system balance.,Salary,6787400,Income
2024-06-27,Automatic entertainment booking freelance delivery hotel parking.,Rent,7485000,Expense
2024-06-27,Standard payment delivery system mall total.,Travel,10833200,Expense
2024-06-27,Health charge charge renewal.,Utilities,6852200,Expense
2024-06-28,Credit regular platform budget freelance delivery.,Investment,19379600,Income
2024-06-28,Water insurance business tools.,Health & Fitness,11564800,Expense
2024-06-28,Express parking bus.,Travel,16728000,Expense
2024-06-28,Advance flight.,Rent,12011200,Expense
2024-06-28,Software interest.,Investment,32861000,Income
2024-06-29,Balance tools order express transfer entertainment management.,Utilities,8445300,Expense
2024-06-29,Mall project mall household.,Entertainment,5276200,Expense
2024-06-29,Order automatic investment personal delivery annual purchase.,Investment,9544100,Income
2024-06-29,Loan taxi.,Health & Fitness,1340800,Expense
2024-06-30,Premium weekly regular express.,Utilities,11083200,Expense
2024-06-30,Deposit daily.,Health & Fitness,11066300,Expense
2024-06-30,Train food package advance bus.,Rent,1828200,Expense
2024-06-30,Business gross priority restaurant salary water.,Utilities,12931700,Expense
2024-06-30,Water clinic payment deposit account hospital business.,Food & Drink,5013700,Expense
2024-06-30,Economy monthly.,Entertainment,8600300,Expense
2024-06-30,Adjustment booking online bus economy.,Utilities,1654700,Expense
2024-07-01,Electricity premium entertainment.,Entertainment,4665500,Expense
2024-07-01,Medical buy series walk large.,Other,36570000,Income
2024-07-01,Train restaurant shop grocery market.,Utilities,15529600,Expense
2024-07-01,Internet vendor economy.,Entertainment,8068200,Expense
2024-07-02,Reward service regular contract automatic.,Other,21985200,Income
2024-07-02,Maintenance order debit.,Travel,12894500,Expense
2024-07-02,Flight booking delivery water tax.,Investment,27680300,Income
2024-07-02,Mall subscription.,Travel,7190300,Expense
2024-07-02,Loan store phone fee mall plan personal.,Salary,5244200,Income
2024-07-02,Fuel travel plan pharmacy flight contract premium.,Shopping,8979600,Expense
2024-07-02,Transfer hotel bill.,Other,31260600,Income
2024-07-02,Water material salary gym account bus.,Travel,7667700,Expense
2024-07-02,Shop bus package standard network.,Food & Drink,17026700,Expense
2024-07-02,Payment electricity automatic insurance total tax.,Rent,1633600,Expense
2024-07-02,Hospital app platform reward mortgage health.,Utilities,7695200,Expense
2024-07-03,Bus bus flight.,Shopping,15268200,Expense
2024-07-03,Client subscription flight software processed deposit order.,Utilities,2158100,Expense
2024-07-03,Purchase hospital.,Utilities,561100,Expense
2024-07-03,Fee mall business balance grocery adjustment.,Salary,2787200,Income
2024-07-03,Loan clinic payment weekly pharmacy regular.,Utilities,8251000,Expense
2024-07-03,Standard annual debit debit booking.,Rent,17690300,Expense
2024-07-03,Platform premium hardware health restaurant.,Utilities,7123700,Expense
2024-07-04,Salary online platform.,Entertainment,3589700,Expense
2024-07-04,Bus train food app.,Food & Drink,14845500,Expense
2024-07-04,Hardware internet plan pending fuel net.,Salary,9019100,Income
2024-07-05,Reward vendor vendor.,Utilities,17625500,Expense
2024-07-05,Management service.,Salary,16496900,Income
2024-07-05,Tax invoice.,Other,20995200,Income
2024-07-05,Household network invoice taxi grocery.,Rent,14107500,Expense
2024-07-05,Market food purchase clinic.,Rent,11104500,Expense
2024-07-05,Law work.,Investment,21570000,Income
2024-07-05,Deposit adjustment weekly health.,Salary,8301500,Income
2024-07-05,Processed food internet project client.,Travel,5590000,Expense
2024-07-05,Economy budget store.,Health & Fitness,9070400,Expense
2024-07-06,Pending utility subscription total.,Utilities,7104900,Expense
2024-07-06,Parking advance discount equipment processed purchase.,Utilities,11214600,Expense
2024-07-06,Research visit program suddenly doctor.,Shopping,16547600,Expense
2024-07-06,Investment plan mall.,Salary,9526400,Income
2024-07-06,Hardware net parking hospital electricity subscription.,Health & Fitness,13265700,Expense
2024-07-06,Tax plan clinic automatic store contract.,Health & Fitness,4105200,Expense
2024-07-06,Booking contract bonus automatic package.,Salary,5567400,Income
2024-07-07,Hardware project grocery.,Salary,8458900,Income
2024-07-07,Market mall market discount personal health purchase.,Travel,10061700,Expense
2024-07-07,Better republican stock bank.,Rent,1954500,Expense
2024-07-07,Thousand live land hard.,Food & Drink,17949700,Expense
2024-07-07,Mind easy foreign old.,Food & Drink,17567300,Expense
2024-07-07,Client express financial gym phone total.,Investment,32497600,Income
2024-07-07,Project spring of.,Utilities,9569800,Expense
2024-07-08,Advance internet vendor management delivery.,Rent,13921600,Expense
2024-07-08,Automatic loan payment.,Rent,2338700,Expense
2024-07-08,Interest budget software phone client.,Rent,2501700,Expense
2024-07-08,System loan standard advance.,Travel,10717300,Expense
2024-07-08,Special direct.,Food & Drink,9333400,Expense
2024-07-09,Equipment water food standard hospital.,Utilities,5399400,Expense
2024-07-09,Contract deal deposit delivery deposit.,Other,25423400,Income
2024-07-09,System client special booking.,Utilities,2689500,Expense
2024-07-09,Hospital utility tools charge market daily.,Health & Fitness,10113800,Expense
2024-07-09,Savings deposit express clinic direct.,Travel,6838700,Expense
2024-07-09,Grocery system clinic store hardware payment transfer.,Salary,9090500,Income
2024-07-09,Mall account digital health special entertainment.,Food & Drink,4019500,Expense
2024-07-10,Pending order order grocery.,Salary,11077900,Income
2024-07-10,Utility store debit shop.,Rent,7033500,Expense
2024-07-10,Regular app premium.,Rent,6513500,Expense
2024-07-10,Order grocery project pending automatic.,Food & Drink,10722600,Expense
2024-07-11,Bonus mall discount deal.,Health & Fitness,7248000,Expense
2024-07-11,Priority hotel monthly shop water client.,Shopping,11712900,Expense
2024-07-11,Insurance mortgage.,Rent,4391200,Expense
2024-07-12,Interest travel.,Entertainment,18693500,Expense
2024-07-12,Annual digital internet food store.,Other,11635400,Income
2024-07-12,Management market.,Shopping,17659200,Expense
2024-07-12,Management mortgage subscription fuel freelance.,Entertainment,10032000,Expense
2024-07-13,Hardware daily fee flight app pending parking.,Salary,5233500,Income
2024-07-13,Deposit entertainment charge express market entertainment.,Utilities,10861200,Expense
2024-07-13,Tax business travel digital system adjustment invoice.,Travel,16049500,Expense
2024-07-13,Open million house enough.,Shopping,10488700,Expense
2024-07-13,Equipment entertainment service.,Travel,15964600,Expense
2024-07-13,Personal financial annual.,Salary,9595500,Income
2024-07-13,You ready way rule.,Food & Drink,13983100,Expense
2024-07-13,Invoice deposit financial.,Health & Fitness,5454900,Expense
2024-07-13,Transfer charge tax digital.,Investment,33092200,Income
2024-07-13,Flight express standard fee clinic mortgage.,Salary,4057100,Income
2024-07-14,Support household travel loan water.,Other,26430400,Income
2024-07-14,Grocery credit food annual.,Food & Drink,9038900,Expense
2024-07-14,Bus discount package regular online.,Shopping,9773500,Expense
2024-07-14,Deposit purchase savings.,Entertainment,18054300,Expense
2024-07-14,Household financial.,Entertainment,12300200,Expense
2024-07-14,Food household store delivery renewal.,Travel,11904600,Expense
2024-07-14,Deal fuel.,Shopping,9434700,Expense
2024-07-14,Shop processed deposit phone entertainment pending adjustment.,Other,16912600,Income
2024-07-15,Deposit package express contract order business.,Entertainment,19199700,Expense
2024-07-15,Flight savings utility client flight.,Entertainment,14238400,Expense
2024-07-15,Fuel gym economy bill pharmacy parking net.,Travel,9008700,Expense
2024-07-15,Advance investment daily utility app software adjustment.,Investment,38870100,Income
2024-07-15,Digital account service hardware.,Shopping,17001100,Expense
2024-07-16,Equipment advance direct mall shop travel.,Rent,11479700,Expense
2024-07-16,App automatic automatic standard.,Shopping,15139000,Expense
2024-07-16,Net order monthly utility water regular credit.,Health & Fitness,11963200,Expense
2024-07-16,Certain camera represent.,Salary,15812200,Income
2024-07-16,Software equipment app parking equipment direct.,Shopping,7384600,Expense
2024-07-16,Water software parking bonus equipment online.,Utilities,4480000,Expense
2024-07-17,Interest loan order invoice hospital package package.,Travel,12577600,Expense
2024-07-17,Hardware loan order.,Entertainment,8058700,Expense
2024-07-17,Purchase freelance platform.,Salary,10431800,Income
2024-07-17,Management hospital project.,Travel,11388400,Expense
2024-07-17,Vendor mall total priority tax order.,Salary,6855700,Income
2024-07-17,Reward vendor taxi standard.,Rent,7713200,Expense
2024-07-18,Network restaurant.,Shopping,9737700,Expense
2024-07-18,Electricity health equipment.,Rent,6374500,Expense
2024-07-18,Phone equipment renewal.,Health & Fitness,18908500,Expense
2024-07-18,Processed tools adjustment personal investment.,Salary,5274700,Income
2024-07-18,Loan gross interest software app discount.,Utilities,645700,Expense
2024-07-18,Business economy investment net priority credit debit.,Other,38809800,Income
2024-07-18,Premium package flight bus phone business.,Entertainment,10834000,Expense
2024-07-18,Equipment credit.,Shopping,9420700,Expense
2024-07-18,Business investment daily client fee system budget.,Utilities,8773700,Expense
2024-07-18,Daily household insurance fuel grocery parking.,Entertainment,6114400,Expense
2024-07-19,Parking debit train discount phone.,Health & Fitness,2502100,Expense
2024-07-19,Payment monthly net.,Entertainment,11574200,Expense
2024-07-19,Discount bus market bill credit entertainment.,Shopping,2061600,Expense
2024-07-19,Salary economy total insurance standard adjustment.,Travel,9992400,Expense
2024-07-19,Discount deposit regular freelance flight vendor.,Travel,10186700,Expense
2024-07-20,Bill equipment plan charge mortgage.,Travel,16450200,Expense
2024-07-20,Special order purchase.,Utilities,4404200,Expense
2024-07-20,Tell brother defense list second.,Rent,8567200,Expense
2024-07-21,Charge insurance utility restaurant network weekly.,Utilities,498200,Expense
2024-07-21,Deposit adjustment personal pharmacy annual salary weekly.,Shopping,5089500,Expense
2024-07-21,Business bus total fee.,Entertainment,13555900,Expense
2024-07-21,Shop digital account household mortgage personal service.,Salary,9623600,Income
2024-07-21,Software package mall package hospital tools insurance.,Utilities,10853700,Expense
2024-07-21,Tv budget system book.,Entertainment,18210700,Expense
2024-07-22,Face mission brother figure hear.,Other,26110000,Income
2024-07-22,Gym transfer.,Rent,15653600,Expense
2024-07-22,Online client utility.,Investment,23962700,Income
2024-07-22,Automatic mortgage freelance.,Utilities,506800,Expense
2024-07-22,Client direct digital subscription special household.,Salary,18188900,Income
2024-07-23,Health project delivery financial project hotel special.,Health & Fitness,16306400,Expense
2024-07-23,Democratic standard major.,Investment,35720000,Income
2024-07-23,App adjustment tools automatic deposit.,Entertainment,13236800,Expense
2024-07-23,Booking software.,Rent,17884700,Expense
2024-07-23,Vendor premium weekly freelance daily.,Rent,15181900,Expense
2024-07-23,Direct total annual premium system electricity clinic.,Health & Fitness,7284300,Expense
2024-07-23,Agreement central six instead.,Investment,47800000,Income
2024-07-23,Online online.,Utilities,4568700,Expense
2024-07-23,Platform taxi.,Entertainment,6099700,Expense
2024-07-24,Online digital monthly loan electricity restaurant.,Other,39183000,Income
2024-07-24,Clinic purchase monthly.,Health & Fitness,9180800,Expense
2024-07-24,Direct renewal premium mall contract.,Food & Drink,9725800,Expense
2024-07-24,Payment household phone utility.,Rent,16380800,Expense
2024-07-25,Automatic personal credit.,Entertainment,7683400,Expense
2024-07-25,Automatic digital material.,Entertainment,9508100,Expense
2024-07-25,Give that individual of not.,Health & Fitness,8236000,Expense
2024-07-26,Economy plan.,Health & Fitness,12181800,Expense
2024-07-26,Equipment account credit discount store delivery health.,Other,28610600,Income
2024-07-26,Reward support invoice clinic bill adjustment tax.,Rent,14633600,Expense
2024-07-26,Insurance interest service.,Rent,8955200,Expense
2024-07-26,Savings daily payment household clinic.,Food & Drink,7722500,Expense
2024-07-26,Store net bonus premium.,Other,22395100,Income
2024-07-26,Salary utility parking economy material monthly.,Salary,4946300,Income
2024-07-26,Purchase subscription renewal.,Salary,8853300,Income
2024-07-26,Little result paper seven.,Other,25770000,Income
2024-07-26,Seven project chance road.,Shopping,11336900,Expense
2024-07-26,Express entertainment bill maintenance gym vendor.,Shopping,3961600,Expense
2024-07-26,Professor important do house must.,Shopping,15123900,Expense
2024-07-26,Equipment monthly support vendor.,Salary,1030300,Income
2024-07-26,Position tend religious.,Salary,3656500,Income
2024-07-26,Advance savings order.,Utilities,5261700,Expense
2024-07-27,Plan invoice purchase gym train electricity grocery.,Utilities,9412800,Expense
2024-07-27,My serious whatever miss seek.,Health & Fitness,15506500,Expense
2024-07-27,Someone religious night buy nice.,Salary,5150200,Income
2024-07-27,Flight debit regular express.,Travel,3374200,Expense
2024-07-27,Build view.,Utilities,17114500,Expense
2024-07-27,App pharmacy fee premium.,Rent,14390900,Expense
2024-07-27,Delivery adjustment digital account freelance hotel.,Shopping,10897200,Expense
2024-07-27,Loan insurance clinic fee.,Investment,31499300,Income
2024-07-27,Hotel management.,Shopping,8137100,Expense
2024-07-28,Entertainment budget.,Other,35796200,Income
2024-07-28,Entertainment weekly market credit investment software salary.,Utilities,16624000,Expense
2024-07-28,Order economy invoice pharmacy.,Salary,1413400,Income
2024-07-28,Be move fly open.,Utilities,2095500,Expense
2024-07-28,Ever day.,Entertainment,8987200,Expense
2024-07-28,Freelance credit app insurance store personal digital.,Travel,9154500,Expense
2024-07-28,Total support gym project weekly renewal.,Rent,9318800,Expense
2024-07-29,System market internet plan processed deal.,Rent,2175200,Expense
2024-07-29,Fish either boy between collection.,Food & Drink,3298700,Expense
2024-07-29,Food gym health.,Travel,7619700,Expense
2024-07-29,Eight bed fill.,Food & Drink,16107000,Expense
2024-07-29,Monthly salary.,Entertainment,7569100,Expense
2024-07-29,Hotel balance grocery economy hardware hardware maintenance.,Entertainment,5468300,Expense
2024-07-29,Travel internet parking market.,Utilities,9206700,Expense
2024-07-29,Future congress.,Health & Fitness,16037000,Expense
2024-07-29,Invoice financial software.,Travel,929700,Expense
2024-07-30,Premium automatic client personal material.,Food & Drink,6762600,Expense
2024-07-30,Personal market charge economy shop.,Salary,6731000,Income
2024-07-30,Hope floor include.,Rent,5335500,Expense
2024-07-30,Arrive which consider.,Salary,18524600,Income
2024-07-30,Charge regular advance express automatic.,Rent,5341600,Expense
2024-07-30,App investment.,Entertainment,6286200,Expense
2024-07-30,Subscription annual.,Investment,34548400,Income
2024-07-30,Annual support software advance adjustment flight.,Salary,9976000,Income
2024-07-30,System client gym.,Investment,9579100,Income
2024-07-31,Business financial delivery.,Investment,25509600,Income
2024-07-31,Tax account.,Other,42105200,Income
2024-07-31,Support credit direct utility.,Food & Drink,19059800,Expense
2024-07-31,Charge project online subscription bill.,Utilities,1705300,Expense
2024-07-31,Invoice project material bonus project software automatic.,Salary,11936300,Income
2024-08-01,Daily debit discount premium payment electricity automatic.,Shopping,2356400,Expense
2024-08-01,Tax contract insurance plan entertainment.,Travel,9950500,Expense
2024-08-01,Regular automatic financial renewal.,Entertainment,16836600,Expense
2024-08-01,Freelance processed parking vendor platform deposit internet.,Other,32325800,Income
2024-08-01,Grocery delivery plan management.,Utilities,5602300,Expense
2024-08-01,Heart still building.,Food & Drink,14517400,Expense
2024-08-01,Processed digital maintenance weekly investment automatic.,Investment,22953800,Income
2024-08-02,We especially five network.,Food & Drink,18919700,Expense
2024-08-02,Charge order.,Food & Drink,17065400,Expense
2024-08-02,Equipment service reward app booking priority.,Utilities,5173000,Expense
2024-08-02,Parking clinic monthly total deposit support service.,Utilities,7137800,Expense
2024-08-02,Software purchase net adjustment.,Shopping,14518900,Expense
2024-08-02,Reward purchase charge reward.,Other,17009000,Income
2024-08-02,Sell only manage.,Shopping,12317900,Expense
2024-08-03,Renewal gross system train material.,Salary,10261200,Income
2024-08-03,Push east never size fight.,Travel,3975500,Expense
2024-08-03,Grocery net regular taxi transfer parking tax.,Utilities,6640800,Expense
2024-08-03,Digital pending personal.,Travel,9234800,Expense
2024-08-03,Ahead plant trial affect.,Salary,8835500,Income
2024-08-04,Subscription subscription loan savings deal.,Travel,9528300,Expense
2024-08-04,Material financial flight project internet.,Salary,13621600,Income
2024-08-04,Renewal bus.,Entertainment,11489500,Expense
2024-08-04,Investment train weekly online daily economy.,Utilities,9966600,Expense
2024-08-04,Monthly credit daily processed electricity.,Travel,11897100,Expense
2024-08-04,System bus monthly contract.,Other,36812800,Income
2024-08-04,Processed credit contract train water account.,Food & Drink,7456200,Expense
2024-08-04,Booking financial flight.,Health & Fitness,3279500,Expense
2024-08-04,Household tools pharmacy subscription shop savings.,Entertainment,9809600,Expense
2024-08-05,Charge fuel.,Utilities,18370900,Expense
2024-08-05,Contract pending regular fee plan.,Entertainment,15061100,Expense
2024-08-05,Annual platform account net processed travel household.,Shopping,11311400,Expense
2024-08-05,Health daily investment.,Other,25853300,Income
2024-08-05,Water fuel payment.,Utilities,8751000,Expense
2024-08-06,Bonus platform fee premium credit.,Food & Drink,4713700,Expense
2024-08-06,Household loan weekly flight.,Food & Drink,5287000,Expense
2024-08-06,Digital advance service restaurant.,Travel,12130700,Expense
2024-08-06,Express account train mortgage maintenance financial.,Entertainment,9712100,Expense
2024-08-06,Financial gym processed shop clinic.,Salary,348700,Income
2024-08-06,Express entertainment.,Investment,25942900,Income
2024-08-07,Internet budget discount.,Other,20992200,Income
2024-08-07,Freelance network pending net tools management.,Shopping,13560400,Expense
2024-08-07,Network fee savings.,Rent,5603000,Expense
2024-08-07,Loan annual mall special package flight.,Shopping,14355800,Expense
2024-08-07,Vendor economy contract management.,Travel,9130100,Expense
2024-08-07,Priority direct subscription balance.,Investment,29690100,Income
2024-08-07,Software network.,Utilities,5649500,Expense
2024-08-07,Credit internet deal.,Salary,16429100,Income
2024-08-07,Deal hotel order hospital household budget.,Entertainment,7687400,Expense
2024-08-08,Delivery total hardware subscription water.,Rent,13354300,Expense
2024-08-08,Base player data whose.,Entertainment,12342300,Expense
2024-08-08,Platform weekly health hospital internet.,Rent,12949300,Expense
2024-08-08,Client tools economy.,Food & Drink,2570900,Expense
2024-08-08,Gym utility project internet freelance management contract.,Rent,13082300,Expense
2024-08-09,Management health premium management hardware.,Travel,13940000,Expense
2024-08-09,World site mr interest treatment.,Health & Fitness,4861200,Expense
2024-08-09,Order project hotel priority parking payment.,Food & Drink,16899200,Expense
2024-08-09,Software clinic restaurant.,Salary,5333300,Income
2024-08-09,Travel material flight.,Travel,11702700,Expense
2024-08-10,Credit deal.,Other,14199600,Income
2024-08-10,Hotel app renewal insurance bus deal automatic.,Other,21072600,Income
2024-08-10,Bonus renewal premium invoice material.,Food & Drink,3964600,Expense
2024-08-10,Credit deal mall adjustment subscription net parking.,Shopping,4047500,Expense
2024-08-10,Insurance phone water account.,Other,31961000,Income
2024-08-11,Economy store salary.,Rent,3668800,Expense
2024-08-11,Delivery total mall food hardware.,Investment,20571100,Income
2024-08-11,A let.,Investment,12110000,Income
2024-08-11,Debit vendor interest equipment personal deposit freelance.,Shopping,14909000,Expense
2024-08-11,Pharmacy grocery hospital taxi deposit automatic deal.,Food & Drink,1261700,Expense
2024-08-11,Bonus household.,Health & Fitness,18837600,Expense
2024-08-11,Restaurant investment monthly deal economy tools processed.,Rent,7239800,Expense
2024-08-11,Direct pharmacy software insurance app train renewal.,Health & Fitness,4309300,Expense
2024-08-12,Deposit maintenance shop service.,Food & Drink,1361800,Expense
2024-08-12,Equipment credit purchase vendor digital support insurance.,Entertainment,13925000,Expense
2024-08-12,Vendor discount grocery.,Food & Drink,9796400,Expense
2024-08-12,Express digital gym booking hospital clinic.,Rent,8763200,Expense
2024-08-12,Tools renewal regular equipment regular.,Travel,7845100,Expense
2024-08-12,Project equipment project flight economy business.,Entertainment,6962700,Expense
2024-08-12,Travel account contract fuel.,Shopping,12315600,Expense
2024-08-13,Premium total network mall annual order.,Investment,47354600,Income
2024-08-13,Loan service grocery.,Utilities,7223500,Expense
2024-08-13,Freelance total payment weekly adjustment delivery app.,Entertainment,10181900,Expense
2024-08-13,Water internet total regular bus.,Investment,36545600,Income
2024-08-13,Food maintenance payment travel.,Investment,23750700,Income
2024-08-14,Claim move.,Rent,18391600,Expense
2024-08-14,Mall mall.,Utilities,3046800,Expense
2024-08-14,Yourself successful defense subject.,Entertainment,10403100,Expense
2024-08-14,Weekly package market account fee financial mortgage.,Food & Drink,16262100,Expense
2024-08-14,Parking invoice platform.,Salary,2766000,Income
2024-08-14,A value lot.,Shopping,7127200,Expense
2024-08-14,Project taxi express payment restaurant.,Travel,5425800,Expense
2024-08-14,Equipment weekly annual economy.,Travel,9650100,Expense
2024-08-15,Advance premium insurance.,Travel,16597500,Expense
2024-08-15,Clinic subscription.,Travel,15941300,Expense
2024-08-15,Bed recognize store.,Health & Fitness,7014800,Expense
2024-08-15,Daily special digital total health grocery digital.,Health & Fitness,13086300,Expense
2024-08-15,Budget vendor project.,Entertainment,15960000,Expense
2024-08-15,Charge salary software electricity transfer support.,Shopping,4931300,Expense
2024-08-16,Client hotel tools credit hospital.,Food & Drink,11053600,Expense
2024-08-16,Material special annual contract bill food loan.,Rent,2061300,Expense
2024-08-16,Special mortgage.,Shopping,8952200,Expense
2024-08-16,Hospital business deal invoice tax household.,Other,48208100,Income
2024-08-16,Balance pending investment express monthly.,Salary,18976000,Income
2024-08-16,Client credit discount electricity standard food bus.,Entertainment,10771600,Expense
2024-08-16,Total budget bill household processed booking grocery.,Health & Fitness,2655900,Expense
2024-08-16,Plan support purchase mortgage grocery.,Entertainment,6852500,Expense
2024-08-17,Express digital gym travel management.,Utilities,3815800,Expense
2024-08-17,Daily service shop.,Other,18911000,Income
2024-08-17,Credit premium fuel annual material.,Food & Drink,16917500,Expense
2024-08-17,Adjustment business parking freelance financial.,Entertainment,6920300,Expense
2024-08-17,Hospital financial restaurant grocery.,Utilities,8227300,Expense
2024-08-17,Adjustment savings economy renewal grocery.,Entertainment,10208400,Expense
2024-08-18,Maintenance health order platform subscription personal hospital.,Travel,10736200,Expense
2024-08-18,Invoice budget gym service food.,Shopping,1040100,Expense
2024-08-18,Gym parking fuel mall.,Utilities,9542700,Expense
2024-08-18,Delivery insurance mall direct.,Entertainment,4250200,Expense
2024-08-19,Invoice bill electricity financial market.,Shopping,15401000,Expense
2024-08-19,Adjustment credit online hardware deposit hotel parking.,Food & Drink,14195300,Expense
2024-08-19,Clinic material.,Food & Drink,10380800,Expense
2024-08-19,Debit advance equipment deal online internet investment.,Salary,17245800,Income
2024-08-19,Financial online equipment.,Utilities,4745900,Expense
2024-08-20,Food special mall order monthly.,Travel,14044700,Expense
2024-08-20,Gym interest clinic.,Health & Fitness,16463300,Expense
2024-08-20,Restaurant project transfer household bonus subscription client.,Salary,14898400,Income
2024-08-20,Software management savings transfer hospital reward.,Health & Fitness,15349600,Expense
2024-08-20,Automatic daily.,Travel,15060700,Expense
2024-08-20,Bus premium debit.,Travel,9511100,Expense
2024-08-20,Savings health travel standard.,Investment,29612600,Income
2024-08-20,Advance parking weekly.,Health & Fitness,9337000,Expense
2024-08-20,Digital special insurance hotel mortgage investment.,Travel,9717100,Expense
2024-08-21,Restaurant salary booking subscription delivery project booking.,Other,47787200,Income
2024-08-21,Fuel train store charge.,Utilities,11568200,Expense
2024-08-21,Charge hardware business net interest automatic.,Shopping,2946600,Expense
2024-08-21,Utility debit.,Food & Drink,2483500,Expense
2024-08-21,Freelance standard client.,Travel,2872200,Expense
2024-08-21,Service vendor network pending water daily.,Health & Fitness,8983000,Expense
2024-08-21,Household priority.,Food & Drink,9067800,Expense
2024-08-21,Delivery premium purchase water pending regular.,Travel,10485000,Expense
2024-08-22,Total restaurant.,Investment,26598100,Income
2024-08-22,Reward loan priority reward delivery total.,Food & Drink,10345300,Expense
2024-08-22,Package health market invoice total.,Utilities,11344600,Expense
2024-08-22,Hotel material transfer interest.,Other,45801500,Income
2024-08-22,Parking bill parking service gym hotel platform.,Shopping,5621600,Expense
2024-08-22,Market hardware store electricity net standard mall.,Shopping,10441800,Expense
2024-08-22,Package express tax train automatic fee flight.,Investment,21751900,Income
2024-08-22,There decision measure.,Entertainment,12166600,Expense
2024-08-23,Freelance management.,Other,26875200,Income
2024-08-23,Play woman remain event.,Other,5380000,Income
2024-08-23,Express system water.,Salary,7539700,Income
2024-08-23,Reward project contract water.,Utilities,10053500,Expense
2024-08-24,Tools standard network grocery hospital total.,Entertainment,8834500,Expense
2024-08-24,Subscription food support parking reward bus.,Entertainment,16972700,Expense
2024-08-24,Charge tools gym management discount package.,Travel,9745000,Expense
2024-08-24,Clinic gym store platform automatic premium priority.,Salary,14695900,Income
2024-08-24,Project loan regular contract restaurant store.,Investment,21676300,Income
2024-08-24,Hospital train plan shop personal equipment support.,Utilities,9982000,Expense
2024-08-25,Participant above.,Travel,6865300,Expense
2024-08-25,Credit insurance fuel account.,Food & Drink,18718400,Expense
2024-08-25,Debit order special.,Utilities,15221800,Expense
2024-08-25,Market mall network.,Other,32521100,Income
2024-08-25,Including time reflect.,Other,49060000,Income
2024-08-25,Payment water train.,Salary,4767300,Income
2024-08-25,Decision where foreign trial.,Shopping,10174100,Expense
2024-08-25,Support monthly discount client debit project tax.,Food & Drink,16711100,Expense
2024-08-26,Pharmacy platform train bus.,Shopping,14336700,Expense
2024-08-26,Bill network invoice store train financial mall.,Shopping,3403100,Expense
2024-08-26,Client express.,Travel,7121000,Expense
2024-08-26,Renewal hardware.,Other,35937600,Income
2024-08-26,Total processed mortgage maintenance transfer invoice credit.,Health & Fitness,7484200,Expense
2024-08-26,Digital premium utility bonus debit household.,Travel,15086700,Expense
2024-08-26,Investment fuel bus market subscription management phone.,Other,21243000,Income
2024-08-27,Market business health annual management.,Travel,19715800,Expense
2024-08-27,Internet purchase.,Entertainment,6545200,Expense
2024-08-27,Fee taxi.,Entertainment,8873200,Expense
2024-08-27,Automatic digital network service.,Health & Fitness,9208500,Expense
2024-08-27,Online taxi.,Travel,5377000,Expense
2024-08-27,Tax booking clinic deal.,Entertainment,14041700,Expense
2024-08-27,Economy taxi material standard shop personal.,Utilities,6522100,Expense
2024-08-27,Good spend still.,Salary,15422300,Income
2024-08-27,Water market weekly.,Health & Fitness,1074900,Expense
2024-08-27,Bus support special health.,Shopping,17489100,Expense
2024-08-27,Ball theory prepare much throughout.,Travel,13914400,Expense
2024-08-27,Investment household deal.,Investment,19401900,Income
2024-08-28,Investment package hotel salary subscription.,Food & Drink,10747400,Expense
2024-08-28,Entertainment invoice.,Rent,14736000,Expense
2024-08-28,Package business savings train.,Health & Fitness,9211500,Expense
2024-08-28,Health personal.,Entertainment,6962100,Expense
2024-08-28,Concern should recent across.,Salary,13663700,Income
2024-08-28,Course staff personal space.,Shopping,12709900,Expense
2024-08-28,View know develop after.,Food & Drink,9691200,Expense
2024-08-29,Insurance gross balance daily discount food.,Investment,21719000,Income
2024-08-29,Fee premium invoice mortgage.,Food & Drink,18683700,Expense
2024-08-29,Service train loan grocery tax management plan.,Travel,744700,Expense
2024-08-29,Bus deposit tools hotel.,Food & Drink,6306100,Expense
2024-08-29,Monthly gross material premium hotel market.,Entertainment,10884500,Expense
2024-08-29,Discount discount total app.,Investment,39069800,Income
2024-08-29,Premium internet restaurant restaurant.,Entertainment,11921200,Expense
2024-08-30,Mortgage priority savings platform.,Shopping,734300,Expense
2024-08-30,Internet savings payment financial special total freelance.,Salary,14252600,Income
2024-08-30,Woman whose already.,Entertainment,16023200,Expense
2024-08-30,Hospital delivery store fuel tools.,Utilities,10366200,Expense
2024-08-30,Vendor gross taxi personal water priority mortgage.,Shopping,10332500,Expense
2024-08-30,Bonus parking standard discount adjustment direct booking.,Health & Fitness,3753200,Expense
2024-08-30,Investment electricity bill order.,Salary,11004900,Income
2024-08-30,Bus client hardware online online.,Shopping,8462500,Expense
2024-08-31,Bill adjustment utility utility premium plan.,Salary,10749400,Income
2024-08-31,Taxi renewal net hospital market clinic travel.,Rent,805400,Expense
2024-08-31,Loan payment parking credit store entertainment.,Shopping,8579900,Expense
2024-08-31,Project electricity grocery.,Shopping,7125000,Expense
2024-08-31,Equipment gross booking fee.,Utilities,15795200,Expense
2024-09-01,Taxi annual utility flight.,Other,36831800,Income
2024-09-01,Deal financial maintenance contract regular delivery.,Food & Drink,3805300,Expense
2024-09-01,Automatic debit entertainment plan order renewal deal.,Entertainment,5361500,Expense
2024-09-01,Decide cultural start how thank.,Health & Fitness,10378400,Expense
2024-09-01,Savings market premium.,Utilities,10218900,Expense
2024-09-01,Loan water transfer management.,Health & Fitness,9042100,Expense
2024-09-02,Freelance adjustment travel daily hospital.,Food & Drink,389900,Expense
2024-09-02,Management necessary process not.,Other,25330000,Income
2024-09-02,Vendor personal priority shop direct network.,Rent,11448100,Expense
2024-09-02,Loan budget.,Travel,13267000,Expense
2024-09-02,Priority budget premium client train software.,Other,40180400,Income
2024-09-02,Project entertainment flight hotel platform purchase discount.,Travel,6100000,Expense
2024-09-03,Purchase digital total discount support booking.,Food & Drink,18372100,Expense
2024-09-03,Plan online service fee deposit order.,Other,23928700,Income
2024-09-03,Maintenance store gross app service health.,Travel,2512600,Expense
2024-09-04,Personal balance booking.,Rent,13345900,Expense
2024-09-04,Payment economy plan.,Food & Drink,7954700,Expense
2024-09-04,Household weekly service economy phone delivery credit.,Shopping,13885000,Expense
2024-09-04,Charge platform.,Rent,3970800,Expense
2024-09-04,Bill premium insurance delivery.,Entertainment,4886700,Expense
2024-09-04,Financial total.,Health & Fitness,11528000,Expense
2024-09-05,Item yet ever quite.,Travel,3737400,Expense
2024-09-05,Loan shop total.,Rent,6937500,Expense
2024-09-05,Annual hospital net insurance balance.,Food & Drink,4627900,Expense
2024-09-05,Mall online electricity net discount bill.,Utilities,8159500,Expense
2024-09-05,Transfer priority deposit loan salary clinic gym.,Salary,15088500,Income
2024-09-05,Express gross gross investment food.,Shopping,5507000,Expense
2024-09-05,Assume campaign assume.,Shopping,13506600,Expense
2024-09-05,Talk thing rock ever summer.,Rent,11135600,Expense
2024-09-05,Pass quite third ability interview.,Other,33960000,Income
2024-09-05,Express net.,Other,23407500,Income
2024-09-06,Plan service health pending bonus.,Rent,12849600,Expense
2024-09-06,Guess service this different.,Entertainment,10030100,Expense
2024-09-06,Purchase renewal loan.,Health & Fitness,8970400,Expense
2024-09-06,Delivery plan express savings financial.,Rent,15550100,Expense
2024-09-06,Travel booking.,Rent,7193700,Expense
2024-09-06,Hospital direct mortgage fee.,Rent,18324200,Expense
2024-09-06,Monthly monthly flight delivery bonus contract weekly.,Rent,11104000,Expense
2024-09-06,Parking charge client charge contract food.,Salary,10302100,Income
2024-09-07,Economy renewal.,Travel,10939200,Expense
2024-09-07,Mother first hot free.,Investment,26740000,Income
2024-09-08,Wrong difficult.,Entertainment,16715300,Expense
2024-09-08,Restaurant priority renewal deposit savings internet.,Investment,11391200,Income
2024-09-08,Parking fuel.,Salary,10614300,Income
2024-09-08,Salary vendor.,Shopping,12015900,Expense
2024-09-08,Travel bill personal maintenance.,Health & Fitness,9282000,Expense
2024-09-08,Transfer booking.,Rent,3631600,Expense
2024-09-08,Electricity system service digital service hospital.,Food & Drink,15779500,Expense
2024-09-08,Renewal renewal digital water.,Food & Drink,14127100,Expense
2024-09-08,Interest investment.,Salary,2653800,Income
2024-09-09,Service business annual package plan internet platform.,Travel,9339000,Expense
2024-09-09,Mortgage regular project household client taxi market.,Entertainment,9021100,Expense
2024-09-09,Express grocery invoice renewal daily vendor.,Health & Fitness,6859600,Expense
2024-09-10,Investment annual business personal loan.,Shopping,1859000,Expense
2024-09-10,Restaurant loan personal equipment insurance tools.,Food & Drink,16194000,Expense
2024-09-10,Utility regular project project.,Shopping,7747800,Expense
2024-09-10,Interest project internet.,Investment,28640000,Income
2024-09-10,Gross deposit platform subscription.,Entertainment,13243100,Expense
2024-09-10,Online water.,Salary,10325400,Income
2024-09-10,Online contract debit pharmacy entertainment market.,Shopping,17473000,Expense
2024-09-10,Flight bill express bill electricity.,Rent,9417400,Expense
2024-09-10,True culture.,Health & Fitness,3204300,Expense
2024-09-11,Client express.,Travel,8420000,Expense
2024-09-11,Credit train.,Food & Drink,6024800,Expense
2024-09-11,Bill order freelance hospital financial express.,Health & Fitness,3782400,Expense
2024-09-11,Vendor direct taxi management savings adjustment internet.,Other,31334300,Income
2024-09-11,Material support processed clinic.,Health & Fitness,6159100,Expense
2024-09-12,Hospital economy annual bus maintenance.,Entertainment,7464100,Expense
2024-09-12,Platform software pending salary payment plan deposit.,Rent,1730100,Expense
2024-09-13,Plan balance deposit reward express vendor.,Food & Drink,5143600,Expense
2024-09-13,As personal agreement.,Investment,45350000,Income
2024-09-13,Pending balance.,Rent,7840900,Expense
2024-09-13,Electricity digital purchase internet food advance.,Shopping,16262200,Expense
2024-09-14,Transfer advance mall savings freelance flight regular.,Investment,26137100,Income
2024-09-14,Taxi personal market gym transfer investment.,Investment,43158600,Income
2024-09-14,Client support interest bill.,Food & Drink,2414100,Expense
2024-09-14,Shop phone app parking tax.,Shopping,16926100,Expense
2024-09-14,Processed debit annual flight net water automatic.,Other,40783300,Income
2024-09-14,Water total market annual hardware phone management.,Health & Fitness,3244800,Expense
2024-09-15,Insurance savings train.,Rent,13983300,Expense
2024-09-15,Savings gross internet direct.,Other,23139900,Income
2024-09-15,Credit platform equipment.,Entertainment,8672500,Expense
2024-09-15,Budget maintenance.,Entertainment,7217400,Expense
2024-09-15,Shop plan shop discount.,Entertainment,9233800,Expense
2024-09-15,Plan salary insurance.,Food & Drink,8973000,Expense
2024-09-15,Or phone.,Food & Drink,16975400,Expense
2024-09-16,Debit restaurant train account management.,Food & Drink,19584700,Expense
2024-09-16,Software discount savings balance app standard.,Health & Fitness,9096600,Expense
2024-09-16,East list when.,Health & Fitness,9897600,Expense
2024-09-16,Household salary budget subscription bill.,Investment,46096300,Income
2024-09-16,Platform network taxi train online vendor.,Shopping,3106200,Expense
2024-09-16,Fuel clinic budget network investment.,Entertainment,9365700,Expense
2024-09-17,Mind door authority outside.,Travel,9867000,Expense
2024-09-17,Balance train taxi.,Entertainment,11999100,Expense
2024-09-17,Pending invoice loan bill order maintenance.,Travel,19568200,Expense
2024-09-17,Bus order salary standard premium.,Entertainment,10914800,Expense
2024-09-17,Personal often.,Travel,8017800,Expense
2024-09-17,True help.,Utilities,1177500,Expense
2024-09-17,Daily renewal phone.,Food & Drink,4808900,Expense
2024-09-17,Digital personal economy mortgage clinic.,Salary,7509400,Income
2024-09-17,Standard bonus premium.,Utilities,9447900,Expense
2024-09-18,Monthly invoice processed.,Rent,3048300,Expense
2024-09-18,Automatic equipment material total bill.,Entertainment,13965400,Expense
2024-09-18,Bus adjustment insurance internet.,Health & Fitness,18722600,Expense
2024-09-18,Artist sort area.,Salary,18799100,Income
2024-09-18,Food grocery delivery digital gym online monthly.,Health & Fitness,8540100,Expense
2024-09-19,Processed entertainment personal mortgage purchase credit.,Salary,7746000,Income
2024-09-19,Fuel booking.,Utilities,6418400,Expense
2024-09-19,Electricity total hotel credit.,Salary,7919700,Income
2024-09-19,Balance debit order automatic business taxi.,Shopping,9977300,Expense
2024-09-19,Project household platform personal.,Utilities,7094300,Expense
2024-09-19,Invoice fuel pending mortgage delivery deal.,Utilities,6213900,Expense
2024-09-19,Parking material financial clinic maintenance.,Investment,21941200,Income
2024-09-19,Mortgage transfer budget restaurant.,Salary,13716500,Income
2024-09-19,Tools platform train.,Other,44556200,Income
2024-09-20,Food payment transfer hardware weekly.,Other,18347500,Income
2024-09-20,Digital standard savings grocery.,Rent,12772400,Expense
2024-09-20,Credit transfer fee order.,Utilities,14409800,Expense
2024-09-20,Priority water.,Rent,11031500,Expense
2024-09-21,Reward priority phone restaurant insurance grocery grocery.,Salary,5668200,Income
2024-09-21,Big argue.,Other,37250000,Income
2024-09-21,Balance freelance debit health express invoice adjustment.,Travel,9837500,Expense
2024-09-21,Client vendor.,Entertainment,9156000,Expense
2024-09-21,Credit daily freelance savings internet.,Health & Fitness,9490600,Expense
2024-09-22,Store fee monthly standard booking bonus.,Salary,8368100,Income
2024-09-22,System processed service delivery adjustment special pharmacy.,Food & Drink,13477200,Expense
2024-09-22,Booking express digital debit booking.,Travel,10202300,Expense
2024-09-22,Gross payment financial insurance train support delivery.,Utilities,4393800,Expense
2024-09-22,Sure i pay.,Utilities,9198200,Expense
2024-09-22,Personal utility gym express.,Other,40917900,Income
2024-09-23,Ten skin perhaps.,Other,30850000,Income
2024-09-23,Fuel subscription store bus bonus system.,Investment,44119700,Income
2024-09-24,Mortgage phone personal store vendor household shop.,Travel,19503200,Expense
2024-09-24,Less into per big.,Food & Drink,13514700,Expense
2024-09-24,Renewal travel software pending hardware.,Travel,10740500,Expense
2024-09-24,Package vendor discount.,Rent,9110000,Expense
2024-09-24,Service account grocery gross.,Shopping,10550900,Expense
2024-09-24,Mall project credit renewal parking special investment.,Investment,28087100,Income
2024-09-25,Renewal parking train balance payment gross.,Entertainment,12784400,Expense
2024-09-25,Shop pending material.,Entertainment,14460700,Expense
2024-09-25,Mortgage investment grocery invoice adjustment bonus.,Travel,3277300,Expense
2024-09-25,Fee debit maintenance credit.,Other,34439800,Income
2024-09-25,Service freelance app transfer utility tax.,Food & Drink,10980800,Expense
2024-09-25,Interest reward regular electricity pending bus.,Shopping,9796300,Expense
2024-09-25,Household payment investment.,Investment,28242900,Income
2024-09-25,Military onto blue activity.,Rent,6576200,Expense
2024-09-26,Gross credit charge travel.,Entertainment,15653900,Expense
2024-09-26,Credit entertainment pharmacy food hardware payment.,Travel,14729900,Expense
2024-09-26,Taxi bus.,Salary,19232200,Income
2024-09-26,Smile cover of pm eight.,Travel,3824300,Expense
2024-09-26,Electricity investment material.,Utilities,6296200,Expense
2024-09-26,Food debit shop priority renewal restaurant digital.,Shopping,3173600,Expense
2024-09-26,Net health store platform purchase package.,Entertainment,13060900,Expense
2024-09-26,Right know during someone.,Travel,9479800,Expense
2024-09-27,Find job where.,Health & Fitness,3759900,Expense
2024-09-27,On must certainly.,Shopping,14044200,Expense
2024-09-27,Fuel charge flight.,Utilities,9532000,Expense
2024-09-28,Electricity processed tax invoice credit support.,Travel,12665900,Expense
2024-09-28,Order train.,Shopping,15632500,Expense
2024-09-28,Market weekly transfer.,Rent,8828100,Expense
2024-09-28,Special material.,Entertainment,11161300,Expense
2024-09-29,Shop contract monthly maintenance transfer.,Rent,3207800,Expense
2024-09-29,Economy automatic material package standard bonus.,Travel,12078500,Expense
2024-09-29,Plan processed.,Entertainment,11844900,Expense
2024-09-30,Fuel debit priority service booking.,Salary,8841000,Income
2024-09-30,Loan restaurant.,Shopping,4603000,Expense
2024-09-30,Savings express.,Entertainment,7659100,Expense
2024-09-30,Advance express.,Entertainment,8875100,Expense
2024-09-30,Charge account daily booking online app direct.,Entertainment,5906800,Expense
2024-09-30,Weekly utility market.,Salary,10457600,Income
2024-10-01,Tax phone plan store financial.,Travel,5036800,Expense
2024-10-01,Market personal equipment loan.,Rent,8539500,Expense
2024-10-01,Net processed financial system.,Health & Fitness,5853700,Expense
2024-10-01,Discount charge total tax material.,Shopping,12542300,Expense
2024-10-01,Travel priority online advance support.,Entertainment,3987600,Expense
2024-10-01,Owner fact wife.,Shopping,5664600,Expense
2024-10-01,Payment plan maintenance market.,Other,14197300,Income
2024-10-01,Network digital purchase grocery.,Rent,9313800,Expense
2024-10-01,Price certain down standard nice.,Investment,23720000,Income
2024-10-01,Store tools travel parking business shop maintenance.,Investment,43449700,Income
2024-10-02,Country little reality level.,Shopping,4001700,Expense
2024-10-02,Order total gym deposit monthly.,Health & Fitness,11565500,Expense
2024-10-02,Gas with policy cut.,Travel,16101300,Expense
2024-10-02,Restaurant advance.,Entertainment,18721700,Expense
2024-10-02,Gross pending payment mortgage tools interest.,Health & Fitness,17206600,Expense
2024-10-02,Deal premium tools package priority investment equipment.,Salary,13517500,Income
2024-10-02,Management charge transfer restaurant hardware.,Other,26477000,Income
2024-10-03,Order direct water.,Rent,6377500,Expense
2024-10-03,Pending water water.,Utilities,4338100,Expense
2024-10-03,Network internet market total market gym system.,Health & Fitness,18844000,Expense
2024-10-03,Parking business.,Food & Drink,10489300,Expense
2024-10-03,Hospital fee software premium.,Food & Drink,7196300,Expense
2024-10-03,Special payment priority project grocery fuel travel.,Food & Drink,10525500,Expense
2024-10-03,Not friend federal forget bit.,Utilities,9512400,Expense
2024-10-04,Booking deposit regular gross internet loan.,Entertainment,12861700,Expense
2024-10-04,Lose shoulder spring.,Other,44860000,Income
2024-10-04,Detail about development discover.,Other,45920000,Income
2024-10-04,Equipment delivery loan advance internet fee tax.,Salary,4634600,Income
2024-10-04,Debit annual equipment hotel renewal.,Travel,7515300,Expense
2024-10-04,Support reward standard.,Food & Drink,16679000,Expense
2024-10-05,Network savings net gym internet.,Rent,11156400,Expense
2024-10-05,Plan internet tax bus advance subscription shop.,Investment,31500700,Income
2024-10-05,Booking utility subscription bill premium.,Entertainment,7556500,Expense
2024-10-05,Parking support online annual advance.,Shopping,4302700,Expense
2024-10-06,Maintenance deal discount order.,Utilities,7424800,Expense
2024-10-06,Gym store hotel utility economy.,Rent,1215800,Expense
2024-10-07,Booking digital.,Entertainment,4845100,Expense
2024-10-07,Payment digital credit health.,Rent,8653000,Expense
2024-10-07,Hundred step according.,Food & Drink,8028200,Expense
2024-10-07,Water premium plan annual clinic gross health.,Rent,4837300,Expense
2024-10-07,Bonus store express direct processed special.,Health & Fitness,13572200,Expense
2024-10-08,Grocery network account.,Shopping,10827800,Expense
2024-10-08,Vendor savings charge parking.,Health & Fitness,6811000,Expense
2024-10-08,Tax premium mall credit.,Travel,11067500,Expense
2024-10-08,Salary bus monthly deal contract vendor budget.,Food & Drink,18877800,Expense
2024-10-08,Freelance financial financial utility reward project transfer.,Utilities,6724200,Expense
2024-10-08,Group never.,Food & Drink,4387800,Expense
2024-10-08,Hotel hotel standard standard contract digital.,Entertainment,8880900,Expense
2024-10-08,Processed water.,Investment,18601700,Income
2024-10-09,Credit annual store regular booking system.,Investment,29158300,Income
2024-10-09,Special debit freelance salary weekly.,Entertainment,4870200,Expense
2024-10-09,Account food health insurance.,Rent,6460100,Expense
2024-10-09,Processed express.,Investment,26627200,Income
2024-10-09,Deposit renewal.,Food & Drink,19889600,Expense
2024-10-09,Discount financial renewal monthly.,Travel,9727100,Expense
2024-10-09,Key place tree.,Rent,9052100,Expense
2024-10-09,Total financial digital deposit electricity management.,Investment,26099700,Income
2024-10-10,Processed maintenance phone booking parking.,Travel,8912500,Expense
2024-10-10,Wish current.,Health & Fitness,7270100,Expense
2024-10-10,Grocery processed hardware flight reward business.,Health & Fitness,5802900,Expense
2024-10-10,Taxi software parking.,Investment,40807700,Income
2024-10-10,Despite energy company.,Travel,6948400,Expense
2024-10-10,Clinic investment equipment.,Other,44990000,Income
2024-10-10,Purchase management.,Rent,13322300,Expense
2024-10-10,Pending taxi freelance service.,Entertainment,11139300,Expense
2024-10-10,Client vendor hardware contract tools.,Entertainment,15911500,Expense
2024-10-10,Parking order deposit digital processed store balance.,Health & Fitness,13587300,Expense
2024-10-11,Restaurant booking processed financial clinic net phone.,Utilities,5997900,Expense
2024-10-11,Condition again successful.,Health & Fitness,17360600,Expense
2024-10-11,Balance credit delivery express standard net.,Shopping,5139700,Expense
2024-10-11,Fee household total service.,Investment,34203300,Income
2024-10-11,Order personal.,Shopping,6862500,Expense
2024-10-11,Internet credit weekly subscription express.,Health & Fitness,5274500,Expense
2024-10-11,Net household bus market system clinic mall.,Travel,5972200,Expense
2024-10-12,Bill credit order pending fuel freelance bill.,Salary,12487900,Income
2024-10-12,Story case.,Entertainment,11579400,Expense
2024-10-12,Mall interest order system discount.,Utilities,14064600,Expense
2024-10-12,Platform maintenance train water.,Investment,36571700,Income
2024-10-12,Plan invoice equipment.,Food & Drink,14777000,Expense
2024-10-12,Plan water weekly hotel mall budget tax.,Travel,12207200,Expense
2024-10-13,Salary management loan bill service special.,Utilities,9369600,Expense
2024-10-13,Budget market delivery charge discount business total.,Investment,23797500,Income
2024-10-13,Mall bus weekly charge annual fuel invoice.,Travel,10453900,Expense
2024-10-13,Pharmacy economy software fuel.,Rent,12651600,Expense
2024-10-13,Digital pharmacy financial.,Travel,8921400,Expense
2024-10-13,Processed utility savings financial platform bus standard.,Food & Drink,12698700,Expense
2024-10-14,Shop software shop budget fuel client.,Utilities,13509200,Expense
2024-10-14,Premium budget.,Food & Drink,12148900,Expense
2024-10-14,System travel.,Rent,3898200,Expense
2024-10-14,Bus tax automatic network.,Salary,10827100,Income
2024-10-14,Pharmacy hospital processed grocery net.,Travel,12517800,Expense
2024-10-15,Budget economy equipment priority market.,Entertainment,18540200,Expense
2024-10-15,Plan freelance delivery.,Shopping,8104600,Expense
2024-10-15,Very figure drive special.,Utilities,19589500,Expense
2024-10-15,Regular financial booking freelance network.,Rent,18418900,Expense
2024-10-15,Subscription grocery loan online market tax.,Food & Drink,10455400,Expense
2024-10-15,Personal balance market contract online.,Entertainment,7520300,Expense
2024-10-16,Flight restaurant network daily gym daily.,Salary,17468500,Income
2024-10-16,Weekly priority payment.,Health & Fitness,2113200,Expense
2024-10-16,Taxi grocery flight budget.,Food & Drink,1210200,Expense
2024-10-16,Mall balance discount reward deposit maintenance.,Investment,27444500,Income
2024-10-16,Mall debit renewal gym automatic weekly.,Travel,3095300,Expense
2024-10-16,Tax freelance flight utility payment package taxi.,Utilities,13621200,Expense
2024-10-17,Mall subscription business bill market.,Investment,22654100,Income
2024-10-17,Some court her.,Salary,17803700,Income
2024-10-17,With young think there assume.,Health & Fitness,13496500,Expense
2024-10-17,Weekly bill travel electricity network.,Utilities,18113900,Expense
2024-10-17,Annual advance client utility order.,Other,30984400,Income
2024-10-17,Daily adjustment charge special market clinic invoice.,Shopping,4379300,Expense
2024-10-18,Outside with each animal.,Travel,9328700,Expense
2024-10-18,Online freelance balance flight water platform.,Entertainment,5742600,Expense
2024-10-18,Adjustment restaurant.,Travel,11353500,Expense
2024-10-19,Weekly business tools electricity service.,Food & Drink,3370900,Expense
2024-10-19,Bus investment personal service electricity household.,Other,32542700,Income
2024-10-19,Phone salary.,Other,41909400,Income
2024-10-19,Annual fee automatic transfer renewal clinic.,Other,22673400,Income
2024-10-19,Hospital parking app personal.,Investment,6576800,Income
2024-10-19,Take family chance.,Utilities,12847600,Expense
2024-10-19,Household equipment order fuel.,Utilities,6049300,Expense
2024-10-19,Picture evidence.,Shopping,12662300,Expense
2024-10-20,Phone grocery.,Rent,19240100,Expense
2024-10-20,System standard budget network.,Health & Fitness,10532500,Expense
2024-10-20,Investment standard market hospital.,Utilities,18630300,Expense
2024-10-20,Credit standard renewal adjustment deposit support priority.,Utilities,5549200,Expense
2024-10-20,Mortgage plan payment maintenance.,Food & Drink,2312200,Expense
2024-10-21,Meet seem population.,Health & Fitness,6405900,Expense
2024-10-21,Material service fee freelance digital annual flight.,Other,31302400,Income
2024-10-21,Train balance reward client processed budget phone.,Utilities,11177600,Expense
2024-10-21,Internet processed investment weekly.,Health & Fitness,8516100,Expense
2024-10-21,Insurance priority net package.,Utilities,13590200,Expense
2024-10-21,Service vendor.,Rent,3591400,Expense
2024-10-21,Material less focus hear.,Travel,12147200,Expense
2024-10-21,Savings entertainment pharmacy interest household budget.,Rent,19425900,Expense
2024-10-21,Health standard hotel.,Health & Fitness,4807400,Expense
2024-10-21,Phone travel credit.,Shopping,5124000,Expense
2024-10-21,Utility special special automatic booking express.,Travel,4023100,Expense
2024-10-21,Why though decide bank likely.,Rent,1674300,Expense
2024-10-22,Transfer pharmacy tax client tax automatic clinic.,Utilities,1098900,Expense
2024-10-22,Household processed net support savings train maintenance.,Travel,8473100,Expense
2024-10-22,Payment booking monthly vendor.,Utilities,12099800,Expense
2024-10-22,Restaurant discount.,Health & Fitness,6245000,Expense
2024-10-22,Renewal project electricity adjustment utility grocery.,Rent,10683100,Expense
2024-10-22,Clinic fuel management contract fee.,Utilities,16534100,Expense
2024-10-22,Credit clinic weekly management discount advance water.,Salary,4289500,Income
2024-10-22,Software support.,Rent,10300700,Expense
2024-10-23,Listen ok point so.,Salary,15641400,Income
2024-10-23,Premium salary contract shop financial economy electricity.,Rent,6663800,Expense
2024-10-23,Gross budget express service transfer.,Rent,14841900,Expense
2024-10-23,Daily delivery priority plan hardware financial.,Investment,23106100,Income
2024-10-24,Fee taxi booking processed.,Salary,19545500,Income
2024-10-24,Daily tools daily food.,Utilities,11669800,Expense
2024-10-24,Special grocery total internet deal.,Travel,4691600,Expense
2024-10-24,Pending plan standard balance mortgage.,Utilities,18288900,Expense
2024-10-24,Gym gross.,Travel,7193800,Expense
2024-10-24,Water discount.,Entertainment,10832200,Expense
2024-10-24,Service pharmacy deposit.,Food & Drink,4677800,Expense
2024-10-24,Monthly electricity.,Investment,41296900,Income
2024-10-24,Salary debit store tools hardware.,Salary,6455400,Income
2024-10-24,Express balance parking debit.,Food & Drink,9818600,Expense
2024-10-24,Detail data tell.,Salary,8338400,Income
2024-10-24,Gross salary business.,Rent,8478000,Expense
2024-10-25,Personal salary.,Entertainment,4871100,Expense
2024-10-25,Fuel bill financial order.,Entertainment,7253000,Expense
2024-10-25,Maintenance online bonus.,Health & Fitness,18012900,Expense
2024-10-26,Taxi train interest weekly express loan parking.,Shopping,10514100,Expense
2024-10-26,Package grocery online platform.,Travel,14464900,Expense
2024-10-26,Network daily debit debit support health standard.,Health & Fitness,11868900,Expense
2024-10-26,Freelance platform taxi gym network.,Shopping,3597500,Expense
2024-10-27,Network bonus premium annual gym.,Health & Fitness,14815400,Expense
2024-10-27,Train regular entertainment insurance adjustment.,Rent,8841300,Expense
2024-10-27,Total software tools online adjustment internet insurance.,Rent,17867200,Expense
2024-10-27,Management app travel.,Entertainment,7925800,Expense
2024-10-27,Financial regular.,Travel,6958700,Expense
2024-10-27,Deposit delivery material.,Salary,10609600,Income
2024-10-28,Mortgage bus bonus system package restaurant.,Salary,18329300,Income
2024-10-28,Flight charge health store express.,Shopping,8764900,Expense
2024-10-28,Hardware standard.,Travel,4749500,Expense
2024-10-28,Loan total grocery.,Travel,15984700,Expense
2024-10-28,Insurance insurance delivery direct special standard.,Other,32405100,Income
2024-10-28,Bus weekly monthly bill charge regular.,Investment,8683900,Income
2024-10-28,Fill thousand number.,Investment,15240000,Income
2024-10-29,Total reward express.,Shopping,12002000,Expense
2024-10-29,Business parking freelance fee mall software project.,Entertainment,16238300,Expense
2024-10-29,Weekly net water financial.,Rent,3799600,Expense
2024-10-30,Project maintenance transfer standard.,Food & Drink,15309300,Expense
2024-10-30,Total regular.,Entertainment,17037300,Expense
2024-10-30,Software standard deposit software personal health loan.,Other,24449800,Income
2024-10-30,Order app salary payment order material.,Shopping,3948500,Expense
2024-10-30,Reward maintenance subscription platform shop.,Entertainment,7579900,Expense
2024-10-30,Equipment hospital hotel flight gym tools.,Rent,13161100,Expense
2024-10-30,Tax gross balance automatic booking.,Food & Drink,16302100,Expense
2024-10-30,Interest monthly.,Shopping,8587700,Expense
2024-10-30,Household purchase adjustment express advance annual.,Other,40456500,Income
2024-10-30,Budget interest material train direct booking.,Rent,10973700,Expense
2024-10-31,Hotel transfer parking business mortgage.,Rent,6985600,Expense
2024-10-31,Reward deposit.,Entertainment,13902800,Expense
2024-10-31,Invoice express contract daily.,Rent,6649000,Expense
2024-10-31,Digital adjustment.,Food & Drink,7662000,Expense
2024-10-31,Net bus material taxi.,Rent,10616800,Expense
2024-10-31,Reward support health weekly booking.,Rent,9118400,Expense
2024-10-31,Financial gross.,Investment,29965700,Income
2024-10-31,Project project hardware flight.,Other,32060700,Income
2024-10-31,Discount phone phone package health.,Other,15411300,Income
2024-11-01,Nearly care base.,Travel,18814700,Expense
2024-11-01,Taxi food hotel store net pending.,Rent,11598800,Expense
2024-11-01,Discount bonus shop insurance priority system.,Health & Fitness,11552700,Expense
2024-11-01,Clinic transfer online annual train.,Shopping,6236600,Expense
2024-11-01,Business gross internet water.,Investment,37832000,Income
2024-11-01,Advance priority.,Food & Drink,763700,Expense
2024-11-02,Goal once let perform international.,Rent,4290400,Expense
2024-11-02,Grocery health internet account interest.,Rent,12684900,Expense
2024-11-02,Bill subscription automatic net mall contract express.,Food & Drink,9478100,Expense
2024-11-02,Renewal gym.,Travel,6797200,Expense
2024-11-03,Processed store travel network entertainment fee vendor.,Health & Fitness,4997600,Expense
2024-11-03,Debit train plan payment online business fee.,Utilities,10200600,Expense
2024-11-03,Credit booking entertainment market gross restaurant market.,Entertainment,8815000,Expense
2024-11-03,Doctor population grow bar.,Food & Drink,624700,Expense
2024-11-03,Renewal deal express standard platform service hotel.,Entertainment,13046700,Expense
2024-11-03,Important source first him.,Rent,1369500,Expense
2024-11-04,Net bonus discount express salary.,Utilities,16383800,Expense
2024-11-04,Clinic deal delivery personal system savings.,Investment,28948500,Income
2024-11-04,Fee shop fee.,Salary,14821100,Income
2024-11-04,Interest bus fuel mall business vendor grocery.,Salary,16632800,Income
2024-11-05,Standard processed.,Rent,7752500,Expense
2024-11-05,Premium debit interest express maintenance.,Rent,10999500,Expense
2024-11-05,Net personal budget.,Other,34876700,Income
2024-11-05,Equipment equipment renewal adjustment gym booking material.,Salary,1350900,Income
2024-11-05,Processed utility.,Investment,19107800,Income
2024-11-05,Priority bus gross advance material.,Travel,6335800,Expense
2024-11-05,Tax pending automatic net annual.,Food & Drink,16118400,Expense
2024-11-05,Tax equipment booking.,Utilities,15170400,Expense
2024-11-06,Bonus booking investment flight grocery.,Rent,14852500,Expense
2024-11-06,Household discount loan taxi shop savings deposit.,Entertainment,11610600,Expense
2024-11-06,Charge annual payment market online.,Salary,14302000,Income
2024-11-06,Plan transfer account bill water.,Travel,9426200,Expense
2024-11-06,Express clinic budget management.,Utilities,4629000,Expense
2024-11-06,Grocery vendor pending electricity booking.,Food & Drink,13025300,Expense
2024-11-06,Priority net daily material food daily priority.,Rent,12683200,Expense
2024-11-06,Travel food debit net electricity order.,Travel,7271500,Expense
2024-11-07,Digital premium payment premium service.,Travel,18757600,Expense
2024-11-07,Weekly electricity project flight material.,Utilities,15836600,Expense
2024-11-07,Shop pharmacy standard purchase advance entertainment.,Shopping,15099300,Expense
2024-11-07,Subscription annual.,Health & Fitness,6823300,Expense
2024-11-07,Adjustment online bus.,Health & Fitness,15222700,Expense
2024-11-08,Restaurant flight salary subscription annual.,Shopping,10150100,Expense
2024-11-08,Mortgage market bus tax premium flight.,Other,22692000,Income
2024-11-08,Grocery online shop mall taxi.,Utilities,1686500,Expense
2024-11-08,Fuel platform savings.,Shopping,4682100,Expense
2024-11-08,Management support service processed.,Travel,5081800,Expense
2024-11-08,Regular online interest.,Travel,4958000,Expense
2024-11-09,Purchase loan.,Salary,13836600,Income
2024-11-09,Store utility invoice tools market.,Investment,15262400,Income
2024-11-09,Online flight.,Utilities,6098900,Expense
2024-11-09,Adjustment restaurant.,Rent,5692000,Expense
2024-11-10,Renewal order utility.,Investment,32526700,Income
2024-11-10,Regular plan fuel reward annual direct account.,Shopping,12836400,Expense
2024-11-10,Economy discount client.,Travel,2795100,Expense
2024-11-10,Household shop online interest vendor.,Travel,12571700,Expense
2024-11-10,Credit management train.,Food & Drink,14709900,Expense
2024-11-11,Plan water shop vendor account deal advance.,Investment,14984800,Income
2024-11-11,Invoice deal.,Shopping,2842600,Expense
2024-11-11,Equipment parking.,Investment,26235300,Income
2024-11-11,Store shop charge annual standard.,Travel,13332600,Expense
2024-11-11,National back everybody direction budget.,Rent,2168200,Expense
2024-11-11,National free.,Rent,13131200,Expense
2024-11-11,Tax deposit.,Shopping,4454300,Expense
2024-11-12,Pharmacy client priority client.,Salary,14183200,Income
2024-11-12,Few spring raise.,Travel,4664200,Expense
2024-11-12,Weekly direct digital gym.,Utilities,12357400,Expense
2024-11-13,State serious activity pressure.,Other,31640000,Income
2024-11-13,Relationship your your.,Salary,12567000,Income
2024-11-13,Food insurance.,Shopping,14071800,Expense
2024-11-13,Delivery renewal pending.,Utilities,15861100,Expense
2024-11-13,Across federal state.,Investment,7340000,Income
2024-11-13,Premium loan priority pharmacy premium tax phone.,Food & Drink,6124200,Expense
2024-11-13,Dinner rich decide do.,Salary,19502100,Income
2024-11-14,Subscription debit system weekly gym contract.,Salary,15318400,Income
2024-11-14,Equipment food client interest business account delivery.,Food & Drink,7679300,Expense
2024-11-14,Payment mall insurance.,Investment,14264800,Income
2024-11-14,Utility premium.,Food & Drink,15907900,Expense
2024-11-14,Serious reveal left social fine.,Travel,11016100,Expense
2024-11-14,Show recently decide last.,Investment,42400000,Income
2024-11-14,Household invoice market pharmacy digital.,Salary,11498600,Income
2024-11-14,Subscription gross tools.,Health & Fitness,14060900,Expense
2024-11-14,Account direct.,Travel,12445100,Expense
2024-11-15,Investment adjustment equipment internet.,Investment,42224400,Income
2024-11-15,Deposit economy priority.,Travel,14556600,Expense
2024-11-16,Material pending flight special.,Health & Fitness,11136500,Expense
2024-11-16,Hear officer.,Shopping,10516900,Expense
2024-11-16,Software household taxi charge electricity.,Shopping,13271300,Expense
2024-11-16,Subscription fuel processed.,Utilities,7607000,Expense
2024-11-16,Market annual hardware.,Food & Drink,12573400,Expense
2024-11-16,Clinic material bonus train.,Food & Drink,9423500,Expense
2024-11-16,Discount processed maintenance management.,Rent,15167300,Expense
2024-11-16,Discount personal grocery taxi hotel internet annual.,Rent,11440300,Expense
2024-11-17,Material priority renewal bus adjustment.,Utilities,7065300,Expense
2024-11-17,Budget household.,Shopping,6079900,Expense
2024-11-17,Different international sell several.,Entertainment,16113700,Expense
2024-11-17,Wall act special.,Travel,18187600,Expense
2024-11-17,With yes nothing.,Investment,5000000,Income
2024-11-17,For age size.,Health & Fitness,8302900,Expense
2024-11-17,Taxi entertainment restaurant support standard app.,Travel,10280600,Expense
2024-11-17,Purchase vendor.,Entertainment,14748900,Expense
2024-11-17,Flight project.,Health & Fitness,12220300,Expense
2024-11-17,Phone interest express.,Travel,13879600,Expense
2024-11-18,Woman daughter hospital move.,Utilities,6943300,Expense
2024-11-18,Restaurant credit water service hotel salary platform.,Other,39956800,Income
2024-11-18,Board notice later thus.,Food & Drink,13786600,Expense
2024-11-18,Parking store priority.,Investment,35909600,Income
2024-11-18,Monthly salary.,Health & Fitness,9625700,Expense
2024-11-18,Hospital regular invoice processed bill.,Other,26903800,Income
2024-11-19,Bit need allow.,Salary,6062200,Income
2024-11-19,Phone equipment plan store.,Travel,4261100,Expense
2024-11-20,Balance digital advance.,Rent,7754400,Expense
2024-11-20,Vendor utility savings.,Health & Fitness,15546500,Expense
2024-11-20,Utility digital deal mall.,Salary,5488000,Income
2024-11-20,Balance net deposit special renewal pharmacy credit.,Food & Drink,7137000,Expense
2024-11-20,Standard taxi service.,Salary,5051000,Income
2024-11-20,Economy insurance daily.,Food & Drink,7273500,Expense
2024-11-20,Project package order priority platform monthly package.,Other,16675600,Income
2024-11-20,Hotel food grocery hardware.,Utilities,3693400,Expense
2024-11-20,Cost attorney.,Travel,11980400,Expense
2024-11-20,Day fact modern.,Health & Fitness,3852600,Expense
2024-11-21,Clinic loan loan.,Shopping,16334900,Expense
2024-11-21,Parking advance business store.,Investment,18014000,Income
2024-11-21,Restaurant processed.,Investment,23075600,Income
2024-11-21,Debit network mall reward utility.,Utilities,2766800,Expense
2024-11-21,Equipment net utility.,Investment,21534900,Income
2024-11-22,Health maintenance annual material advance monthly service.,Salary,11274500,Income
2024-11-22,Happy action.,Shopping,7955600,Expense
2024-11-22,Service mall.,Health & Fitness,8452700,Expense
2024-11-22,Regular bus premium.,Shopping,10823100,Expense
2024-11-22,Vendor charge credit premium booking hospital.,Investment,20664600,Income
2024-11-22,Vendor loan grocery system total.,Salary,6516100,Income
2024-11-22,Shop loan budget credit platform.,Shopping,2614200,Expense
2024-11-23,Travel bus savings water standard entertainment.,Salary,16884200,Income
2024-11-23,Hospital writer can industry.,Other,35990000,Income
2024-11-23,Savings interest loan phone parking business tax.,Utilities,5309200,Expense
2024-11-23,Reward client credit.,Investment,32875400,Income
2024-11-23,Annual maintenance invoice software.,Rent,17725200,Expense
2024-11-24,Western tend candidate day.,Rent,8502600,Expense
2024-11-24,Balance bonus direct delivery gross insurance.,Shopping,11267500,Expense
2024-11-24,Contract daily regular.,Travel,16384800,Expense
2024-11-24,Maintenance bill credit.,Salary,18683800,Income
2024-11-24,Cut yard knowledge.,Travel,8316800,Expense
2024-11-24,Automatic support equipment pending.,Salary,11461800,Income
2024-11-24,Package clinic salary renewal tools parking.,Food & Drink,14898200,Expense
2024-11-24,City offer financial data.,Travel,5765100,Expense
2024-11-25,Package renewal water water.,Food & Drink,1620600,Expense
2024-11-25,Order restaurant deposit management.,Utilities,412100,Expense
2024-11-25,Interest tools priority restaurant hotel.,Health & Fitness,16372800,Expense
2024-11-25,Red republican father party.,Salary,3837000,Income
2024-11-25,Travel salary premium food renewal support fee.,Food & Drink,13317800,Expense
2024-11-25,Say explain.,Other,42090000,Income
2024-11-25,Space moment travel these least.,Utilities,2818800,Expense
2024-11-25,Project digital hospital purchase economy package.,Other,23695600,Income
2024-11-25,Purchase priority personal regular account.,Rent,9865200,Expense
2024-11-26,Discount bonus.,Salary,14496300,Income
2024-11-26,Phone internet software adjustment train debit booking.,Health & Fitness,4808300,Expense
2024-11-26,Personal bonus balance health freelance shop tools.,Food & Drink,18339100,Expense
2024-11-26,Net loan health clinic insurance vendor pharmacy.,Investment,29912200,Income
2024-11-26,Salary business bus management.,Utilities,8975000,Expense
2024-11-26,Economy weekly store service household financial travel.,Salary,16360700,Income
2024-11-26,Interest household.,Travel,16529100,Expense
2024-11-26,System phone mortgage hospital system.,Other,8359500,Income
2024-11-26,Eat tonight run leader.,Investment,48820000,Income
2024-11-26,Financial platform grocery annual shop business service.,Rent,6346700,Expense
2024-11-27,Debit tax.,Rent,13584100,Expense
2024-11-27,Electricity internet.,Food & Drink,14458100,Expense
2024-11-28,Purchase advance travel.,Rent,9880600,Expense
2024-11-28,Grocery digital flight financial loan.,Food & Drink,6081400,Expense
2024-11-28,Discount credit salary network interest service.,Food & Drink,18951600,Expense
2024-11-28,Vendor salary support account express.,Salary,15949400,Income
2024-11-28,Standard direct mortgage hotel processed travel.,Shopping,1558800,Expense
2024-11-29,Believe recognize analysis those citizen.,Investment,28110000,Income
2024-11-29,Clinic annual material.,Food & Drink,8608200,Expense
2024-11-29,Hospital taxi interest gym.,Utilities,19214800,Expense
2024-11-29,Market regular credit savings direct special.,Other,29263800,Income
2024-11-29,Freelance gross interest.,Shopping,12318200,Expense
2024-11-30,Hotel special software loan gym plan delivery.,Salary,12036200,Income
2024-11-30,Monthly credit.,Salary,4966000,Income
2024-11-30,Food financial bonus hardware.,Food & Drink,11846900,Expense
2024-11-30,Utility pharmacy personal.,Investment,19854100,Income
2024-11-30,Project at risk.,Salary,14569400,Income
2024-12-01,Daily contract.,Entertainment,11014000,Expense
2024-12-01,Plan loan personal.,Investment,12800500,Income
2024-12-01,Account business network plan.,Travel,9424000,Expense
2024-12-01,Utility direct balance deposit parking.,Health & Fitness,9027900,Expense
2024-12-01,Special mortgage system management contract.,Investment,14866400,Income
2024-12-01,Tax financial charge travel.,Rent,19019900,Expense
2024-12-01,Savings service.,Investment,30265200,Income
2024-12-01,Hospital utility processed.,Shopping,4403400,Expense
2024-12-02,Tools flight automatic parking internet interest.,Travel,11095100,Expense
2024-12-02,Subscription mall service adjustment hospital discount system.,Salary,10065600,Income
2024-12-02,Bill insurance invoice material purchase.,Investment,25086100,Income
2024-12-02,Purchase maintenance delivery food.,Investment,12361900,Income
2024-12-02,In seven building hard.,Utilities,393000,Expense
2024-12-02,Charge entertainment renewal system.,Investment,25125700,Income
2024-12-03,Reward express.,Utilities,8927300,Expense
2024-12-03,Vendor invoice contract transfer hotel food.,Entertainment,3397700,Expense
2024-12-03,Budget mortgage business freelance balance electricity investment.,Entertainment,15555200,Expense
2024-12-03,Health food delivery.,Salary,13297800,Income
2024-12-03,Discount deposit water bill express direct.,Rent,10192900,Expense
2024-12-03,Savings online shop renewal discount.,Health & Fitness,11537600,Expense
2024-12-03,Fee credit package business weekly hospital hospital.,Investment,27143700,Income
2024-12-03,Invoice app fuel flight priority.,Food & Drink,14763700,Expense
2024-12-04,Tools automatic support flight flight pending household.,Travel,15803000,Expense
2024-12-04,Automatic phone food credit tools renewal subscription.,Utilities,10522300,Expense
2024-12-04,Special phone.,Travel,18121600,Expense
2024-12-04,Total app support special.,Other,20975700,Income
2024-12-04,Salary market.,Shopping,15965500,Expense
2024-12-04,Subscription network order gross delivery.,Utilities,5906700,Expense
2024-12-04,Invoice weekly food reward interest flight invoice.,Utilities,14643800,Expense
2024-12-04,Bonus online.,Shopping,11457300,Expense
2024-12-05,Freelance bus store system.,Salary,11023800,Income
2024-12-05,Short for late education.,Shopping,6300400,Expense
2024-12-05,Transfer fuel.,Rent,3656300,Expense
2024-12-05,Daily interest credit fee invoice delivery.,Salary,8796800,Income
2024-12-05,Personal account special.,Investment,26572400,Income
2024-12-05,Support charge electricity automatic.,Health & Fitness,6067100,Expense
2024-12-05,Package gym digital train standard.,Utilities,17052700,Expense
2024-12-06,Utility debit payment premium travel.,Rent,18483700,Expense
2024-12-06,Left available.,Health & Fitness,9327300,Expense
2024-12-07,Invoice reward discount.,Travel,11046800,Expense
2024-12-07,Automatic interest financial contract invoice processed network.,Utilities,8824900,Expense
2024-12-07,Net adjustment plan booking hotel transfer special.,Investment,19350900,Income
2024-12-07,Bonus business discount hotel utility.,Health & Fitness,4450900,Expense
2024-12-07,Clinic interest.,Other,49630900,Income
2024-12-07,Monthly booking software parking financial.,Entertainment,1667100,Expense
2024-12-07,Daily total food priority.,Other,21417900,Income
2024-12-08,Personal account transfer premium.,Health & Fitness,13106200,Expense
2024-12-08,Software investment deal platform.,Utilities,5009900,Expense
2024-12-08,Electricity online total interest platform.,Health & Fitness,11360000,Expense
2024-12-08,Financial system charge.,Salary,11427900,Income
2024-12-08,Platform order discount.,Entertainment,17945600,Expense
2024-12-08,Personal bill utility delivery store contract.,Salary,4215100,Income
2024-12-09,Flight taxi regular train.,Travel,8054200,Expense
2024-12-09,Gym charge account package budget tax daily.,Entertainment,9067000,Expense
2024-12-09,Gas human create also.,Health & Fitness,1696400,Expense
2024-12-09,Taxi premium annual charge vendor.,Utilities,18211100,Expense
2024-12-09,Phone bonus subscription bus clinic regular app.,Other,20571500,Income
2024-12-10,Credit personal personal booking.,Health & Fitness,16844700,Expense
2024-12-10,Monthly digital interest freelance.,Shopping,14218500,Expense
2024-12-10,Advance monthly insurance health fuel.,Rent,18131700,Expense
2024-12-10,Management charge.,Shopping,10274700,Expense
2024-12-10,Flight store support regular gym.,Health & Fitness,10938300,Expense
2024-12-11,Account mall online financial.,Shopping,4352100,Expense
2024-12-11,Hospital platform personal restaurant investment.,Food & Drink,13732000,Expense
2024-12-11,Store clinic economy savings digital water.,Investment,45015100,Income
2024-12-11,Store fuel credit automatic account economy.,Salary,10819200,Income
2024-12-11,Remember carry.,Utilities,1215200,Expense
2024-12-11,Renewal bill deposit plan.,Shopping,1753200,Expense
2024-12-12,Tax mall vendor bonus personal annual flight.,Food & Drink,5773800,Expense
2024-12-12,Package interest water charge plan.,Shopping,5570100,Expense
2024-12-12,Leave bar prevent require.,Rent,10909500,Expense
2024-12-12,Business direct.,Utilities,15892400,Expense
2024-12-12,Parking subscription electricity grocery.,Entertainment,8784500,Expense
2024-12-12,Entertainment salary taxi phone.,Health & Fitness,11086300,Expense
2024-12-12,Likely evidence claim.,Other,36250000,Income
2024-12-12,Premium personal processed discount project.,Entertainment,17325800,Expense
2024-12-12,Insurance deposit deal priority.,Utilities,10071700,Expense
2024-12-12,Project advance electricity hotel order management.,Travel,7310700,Expense
2024-12-13,Weekly financial.,Other,26449400,Income
2024-12-13,Management utility.,Salary,13008600,Income
2024-12-13,Restaurant salary bill weekly business equipment.,Rent,9993000,Expense
2024-12-13,Monthly train.,Shopping,13717700,Expense
2024-12-13,Delivery renewal bus hospital bill maintenance.,Health & Fitness,13616800,Expense
2024-12-13,Business utility.,Investment,25000900,Income
2024-12-14,Hardware invoice invoice deposit standard balance.,Utilities,6997600,Expense
2024-12-14,Package automatic economy platform.,Travel,11339800,Expense
2024-12-14,Advance fee.,Food & Drink,11286300,Expense
2024-12-14,Bill household train express interest interest online.,Food & Drink,6403000,Expense
2024-12-14,Hardware loan.,Salary,15405000,Income
2024-12-14,Automatic freelance.,Travel,9200100,Expense
2024-12-14,Train platform financial subscription.,Shopping,13648300,Expense
2024-12-14,Debit material.,Food & Drink,5623100,Expense
2024-12-15,Budget net platform clinic booking.,Other,22544700,Income
2024-12-15,Electricity network premium purchase internet freelance.,Salary,2584100,Income
2024-12-15,Utility deposit budget grocery.,Rent,15214700,Expense
2024-12-15,Platform processed.,Entertainment,6512700,Expense
2024-12-15,Health weekly taxi delivery discount shop account.,Other,21197600,Income
2024-12-15,Beyond family movement hospital back.,Rent,19494500,Expense
2024-12-16,Child group describe.,Shopping,15447400,Expense
2024-12-16,Express client gross pharmacy platform grocery.,Food & Drink,10989300,Expense
2024-12-16,Entertainment shop.,Food & Drink,3870700,Expense
2024-12-16,Standard reward bonus software household standard hotel.,Travel,6586500,Expense
2024-12-16,Insurance app taxi.,Food & Drink,12925800,Expense
2024-12-16,Package flight gym hospital.,Investment,19551200,Income
2024-12-16,Platform order hospital bonus delivery daily service.,Entertainment,6716900,Expense
2024-12-16,Priority material.,Entertainment,11865100,Expense
2024-12-16,App internet.,Shopping,12110400,Expense
2024-12-17,Digital mortgage phone.,Entertainment,5583000,Expense
2024-12-17,Train transfer renewal.,Other,44011000,Income
2024-12-17,Debit advance hospital internet subscription pharmacy advance.,Other,32498900,Income
2024-12-17,Fee charge travel express phone.,Food & Drink,2744800,Expense
2024-12-17,Advance hospital management client.,Food & Drink,7595200,Expense
2024-12-17,Freelance weekly.,Health & Fitness,7271400,Expense
2024-12-17,Reward digital.,Salary,10951800,Income
2024-12-17,Restaurant gym market.,Rent,14701400,Expense
2024-12-18,Internet food maintenance regular invoice balance.,Shopping,2286300,Expense
2024-12-18,Discount freelance internet.,Health & Fitness,5778400,Expense
2024-12-18,Annual standard restaurant phone service market.,Rent,10889300,Expense
2024-12-18,Balance regular pending shop adjustment.,Rent,11610100,Expense
2024-12-18,Credit direct parking reward.,Utilities,7022000,Expense
2024-12-18,Pharmacy shop market automatic parking.,Food & Drink,7125500,Expense
2024-12-19,Savings monthly automatic.,Salary,13547400,Income
2024-12-19,Real know our any.,Rent,10470700,Expense
2024-12-19,Democratic recent student specific political.,Food & Drink,4063700,Expense
2024-12-20,Hospital savings regular pharmacy pending hardware platform.,Salary,15110600,Income
2024-12-20,Personal utility bus flight total.,Food & Drink,474700,Expense
2024-12-20,Order gym.,Rent,12881600,Expense
2024-12-20,Gym contract internet gym balance.,Health & Fitness,13277500,Expense
2024-12-20,Health automatic.,Health & Fitness,18098800,Expense
2024-12-21,Household support delivery network.,Shopping,13060900,Expense
2024-12-21,Flight personal direct support.,Salary,12395700,Income
2024-12-21,Market balance gross water maintenance travel delivery.,Travel,6998100,Expense
2024-12-21,Market project.,Health & Fitness,10760900,Expense
2024-12-21,Direct vendor client.,Other,48085300,Income
2024-12-21,Up hear draw.,Salary,7843500,Income
2024-12-21,Pending client.,Shopping,19441100,Expense
2024-12-21,Internet special financial.,Entertainment,10779100,Expense
2024-12-22,Project salary budget.,Shopping,19000100,Expense
2024-12-22,Gross project bonus financial tax pending express.,Health & Fitness,14271100,Expense
2024-12-22,Project economy investment savings.,Entertainment,19725000,Expense
2024-12-22,Financial express adjustment mortgage vendor.,Salary,7114400,Income
2024-12-22,Electricity transfer bill package household contract.,Investment,16401500,Income
2024-12-22,Renewal mall savings.,Utilities,3106000,Expense
2024-12-22,Household flight invoice budget fee order credit.,Utilities,8262400,Expense
2024-12-22,Hotel online account subscription reward software tools.,Salary,9867400,Income
2024-12-22,Annual grocery savings equipment subscription monthly digital.,Entertainment,11657900,Expense
2024-12-22,Deal market market special equipment.,Rent,18936300,Expense
2024-12-23,Invoice bill discount net reward.,Health & Fitness,19477700,Expense
2024-12-23,Network mortgage online monthly taxi.,Travel,15201700,Expense
2024-12-23,Entertainment material purchase direct online.,Travel,11423000,Expense
2024-12-23,Priority purchase gross package train restaurant invoice.,Other,11770300,Income
2024-12-23,Direct support platform deal pharmacy premium savings.,Salary,6700400,Income
2024-12-23,Instead writer.,Health & Fitness,3256400,Expense
2024-12-23,Interest delivery weekly.,Other,21448500,Income
2024-12-23,Credit salary.,Travel,2049800,Expense
2024-12-24,Management reward booking order service travel.,Health & Fitness,12991000,Expense
2024-12-24,Material hardware gross business special.,Salary,8016900,Income
2024-12-24,Renewal standard plan account total adjustment vendor.,Shopping,18169900,Expense
2024-12-24,Plan advance payment.,Salary,11557900,Income
2024-12-25,Monthly flight parking.,Utilities,4452700,Expense
2024-12-25,Priority discount.,Rent,14279900,Expense
2024-12-25,Household gross internet adjustment service personal.,Utilities,12193900,Expense
2024-12-25,Freelance financial parking tools deal.,Salary,12470900,Income
2024-12-26,Processed internet insurance hardware special.,Travel,10965700,Expense
2024-12-26,Booking freelance parking.,Travel,4150100,Expense
2024-12-26,Personal freelance grocery.,Shopping,2073300,Expense
2024-12-26,Premium advance charge hotel support.,Investment,34104300,Income
2024-12-26,Salary mall insurance.,Salary,13402600,Income
2024-12-26,Support regular reward account health salary.,Health & Fitness,699900,Expense
2024-12-26,Balance grocery debit.,Salary,11934700,Income
2024-12-27,Flight mortgage.,Other,27441500,Income
2024-12-27,Food clinic.,Shopping,15109700,Expense
2024-12-27,Reward health maintenance pending hospital.,Utilities,4949700,Expense
2024-12-27,Internet app gym hardware financial fee.,Investment,14140100,Income
2024-12-27,Hotel daily.,Entertainment,5190600,Expense
2024-12-27,Household contract shop discount.,Health & Fitness,4016200,Expense
2024-12-28,Right analysis mention.,Entertainment,7272500,Expense
2024-12-28,Tax health deal management.,Health & Fitness,14485000,Expense
2024-12-28,Material train bonus project account.,Utilities,9767900,Expense
2024-12-28,Health business charge store mortgage.,Entertainment,11457100,Expense
2024-12-28,No couple debate must.,Investment,14250000,Income
2024-12-28,Software deposit service booking support.,Investment,39420600,Income
2024-12-28,Quite as when.,Rent,5140900,Expense
2024-12-29,Pressure activity defense detail.,Other,14800000,Income
2024-12-29,Discussion black follow.,Shopping,6557800,Expense
2024-12-30,Mall support taxi restaurant bonus online.,Salary,18829300,Income
2024-12-30,Contract payment reward shop pending train standard.,Travel,6161800,Expense
2024-12-30,Entertainment hardware package platform.,Food & Drink,16899600,Expense
2024-12-30,Service loan hospital.,Investment,14341800,Income
2024-12-31,Delivery personal bill market.,Health & Fitness,11644600,Expense
2024-12-31,Train project debit personal.,Salary,7622200,Income
2024-12-31,Business service bill water savings.,Other,31603900,Income
2024-12-31,Bus interest service priority parking deal balance.,Salary,357000,Income
2024-12-31,Fee software water processed delivery savings.,Travel,14821500,Expense
2024-12-31,Loan equipment business household water.,Health & Fitness,18246700,Expense
